 region_name, power_type, device_location, is_hub, covered_scope, site_priority, site_stage, access_issue, create_time, minutes_on_the_way, oil_machine_type, collocation_id, is_boundary, updated_by, address, area_id, site_name, air_conditioner_no, fm_office, site_id, lessor_name, longitude, integration_date, phase, site_addr, morphology, location_id, altitude, has_oil_machine, cluster_id, customer, latitude, lessor_phone, site_maintainer, is_vip, update_time, time_zone, genset_number, functional_location, dangerous_site, owner, oil_machine_number, latitude_number, access_type, created_by, site_type, contractor_id, hang_site_number, collocation_name, pln_id, longitude_number, has_room, fuel_tank_no, site_state, radius, life_cycle, description, projectid, acceptance_date, parent_site, transport_type, lessor_address, project_name, is_hw_operate, id, keycode, actual_model_id, active, change_time, on_air_time, vendor, fuel_tank_capacity, battery_bank, oil_machine_capacity, ups_qty, ups_capacity, site_infrastructure_type, owner_name, battery_type, owner_phone_number, site_admission_type, ups_brand, has_pln, has_ups, has_battery, pln_capacity, battery_capacity
 1ac88c88-0300-11f1-bdcd-0255ac121084, , , , , , f343d1fb-e165-11f0-90da-0255ac121938, , , , f0a18f4d-6bd2-11f1-8cac-0255ac120ff9, , , , , 24f3d44b-5b4b-11f1-8fdf-0255ac12109b, CMI_PURWODADI_1, , 58d9a589-2cb4-11f1-ab67-0255ac1208c4, 33PWD_0105, ,	 110.90816, , , 0, , , , No, , , -7.08022, , , , , , , , , , , -7.08022, ce1d6700-f34d-11f0-80d8-0255ac12193b, , , , , , ,	 110.90816, , , , , , 37, , , , , , , , 01cbef84-768b-11f1-ba00-0255ac1205bc, 33PWD_0105, , true,	 1786017785191, 2026-08-06 12:03:05, e70a8cd9-e165-11f0-a9fb-0255ac121097, , , , , , , CMI, , , , , No, No, No, , 
 1ac88c88-0300-11f1-bdcd-0255ac121084, , , , , , f343d1fb-e165-11f0-90da-0255ac121938, , , , f0a18f4d-6bd2-11f1-8cac-0255ac120ff9, , , , , 25a12b59-5b4b-11f1-8fdf-0255ac12109b, CMI_PEKALONGAN_UTARA, , afde0691-1797-11f1-b148-0255ac1210a3, 33PKL_0031, ,	 109.67646, , , 0, , , , No, , , -6.87783, , , , , , , , , , , -6.87783, ce1d6700-f34d-11f0-80d8-0255ac12193b, , , , , , ,	 109.67646, , , , , , 4, , , , , , , , 01d5174c-768b-11f1-ba00-0255ac1205bc, 33PKL_0031, , true,	 1786017785297, 2026-08-06 12:03:05, e70a8cd9-e165-11f0-a9fb-0255ac121097, , , , , , , CMI, , , , , No, No, No, , 
 1ac88c88-0300-11f1-bdcd-0255ac121084, , , , , , f343d1fb-e165-11f0-90da-0255ac121938, , , , f0a18f4d-6bd2-11f1-8cac-0255ac120ff9, , , , , 24e4dfff-5b4b-11f1-8fdf-0255ac12109b, CMI_PASAR_BATANG, , ce2b4a23-74a7-11f1-9cdd-0255ac1211fc, 33BBS_0075, ,	 109.04028, , , 0, , , , No, , , -6.86247, , , , , , , , , , , -6.86247, ce1d6700-f34d-11f0-80d8-0255ac12193b, , , , , , ,	 109.04028, , , , , , , , , , , , , , 01dba781-768b-11f1-ba00-0255ac1205bc, 33BBS_0075, , true,	 1786017785188, 2026-08-06 12:03:05, e70a8cd9-e165-11f0-a9fb-0255ac121097, , , , , , , CMI, , , , , No, No, No, , 
 1ac88c88-0300-11f1-bdcd-0255ac121084, , , , , , f343d1fb-e165-11f0-90da-0255ac121938, , , , f0a18f4d-6bd2-11f1-8cac-0255ac120ff9, , , , , 2574eb46-5b4b-11f1-8fdf-0255ac12109b, CMI_COMAL, , afde0691-1797-11f1-b148-0255ac1210a3, 33PML_0048, ,	 109.53017, , , 0, , , , No, , , -6.89847, , , , , , , , , , , -6.89847, ce1d6700-f34d-11f0-80d8-0255ac12193b, , , , , , ,	 109.53017, , , , , , 2, , , , , , , , 01de3ee2-768b-11f1-ba00-0255ac1205bc, 33PML_0048, , true,	 1786017785196, 2026-08-06 12:03:05, e70a8cd9-e165-11f0-a9fb-0255ac121097, , , , , , , CMI, , , , , No, No, No, , 
 1ac88c88-0300-11f1-bdcd-0255ac121084, , , , , , f343d1fb-e165-11f0-90da-0255ac121938, , , , f0a18f4d-6bd2-11f1-8cac-0255ac120ff9, , , , , 25a12b59-5b4b-11f1-8fdf-0255ac12109b, CMI_BUARAN_PEKALONGAN, , afde0691-1797-11f1-b148-0255ac1210a3, 33PKL_0038, ,	 109.6554, , , 0, , , , No, , , -6.91429, , , , , , , , , , , -6.91429, ce1d6700-f34d-11f0-80d8-0255ac12193b, , , , , , ,	 109.6554, , , , , , , , , , , , , , 01e25e31-768b-11f1-ba00-0255ac1205bc, 33PKL_0038, , true,	 1786017785310, 2026-08-06 12:03:05, e70a8cd9-e165-11f0-a9fb-0255ac121097, , , , , , , CMI, , , , , No, No, No, , 
 1ac88c88-0300-11f1-bdcd-0255ac121084, , , , , , f343d1fb-e165-11f0-90da-0255ac121938, , , , f0a18f4d-6bd2-11f1-8cac-0255ac120ff9, , , , , 25a12b59-5b4b-11f1-8fdf-0255ac12109b, CMI_PEKALONGAN_UTR, , afde0691-1797-11f1-b148-0255ac1210a3, 33PKL_0033, ,	 109.68327, , , 0, , , , No, , , -6.87155, , , , , , , , , , , -6.87155, ce1d6700-f34d-11f0-80d8-0255ac12193b, , , , , , ,	 109.68327, , , , , , 3, , , , , , , , 01e93ba4-768b-11f1-ba00-0255ac1205bc, 33PKL_0033, , true,	 1786017785233, 2026-08-06 12:03:05, e70a8cd9-e165-11f0-a9fb-0255ac121097, , , , , , , CMI, , , , , No, No, No, , 
 1ac88c88-0300-11f1-bdcd-0255ac121084, , , , , , f343d1fb-e165-11f0-90da-0255ac121938, , , , f0a18f4d-6bd2-11f1-8cac-0255ac120ff9, , , , , 24eef23d-5b4b-11f1-8fdf-0255ac12109b, CMI_KEBONROJO, , 9120c34a-1797-11f1-be90-0255ac120057, 33DMK_0053, ,	 110.50643, , , 0, , , , No, , , -7.05313, , , , , , , , , , , -7.05313, ce1d6700-f34d-11f0-80d8-0255ac12193b, , , , , , ,	 110.50643, , , , , , 7, , , , , , , , 01ec7066-768b-11f1-ba00-0255ac1205bc, 33DMK_0053, , true,	 1786017785187, 2026-08-06 12:03:05, e70a8cd9-e165-11f0-a9fb-0255ac121097, , , , , , , CMI, , , , , No, No, No, , 
 1ac88c88-0300-11f1-bdcd-0255ac121084, , , , , , f343d1fb-e165-11f0-90da-0255ac121938, , , , f0a18f4d-6bd2-11f1-8cac-0255ac120ff9, , , , , 24eef23d-5b4b-11f1-8fdf-0255ac12109b, CMI_PUCANG_GADING, , 9120c34a-1797-11f1-be90-0255ac120057, 33DMK_0039, ,	 110.49283, , , 0, , , , No, , , -7.03831, , , , , , , , , , , -7.03831, ce1d6700-f34d-11f0-80d8-0255ac12193b, , , , , , ,	 110.49283, , , , , , 42, , , , , , , , 01ec9777-768b-11f1-ba00-0255ac1205bc, 33DMK_0039, , true,	 1786017785218, 2026-08-06 12:03:05, e70a8cd9-e165-11f0-a9fb-0255ac121097, , , , , , , CMI, , , , , No, No, No, , 
 1ac88c88-0300-11f1-bdcd-0255ac121084, , , , , , f343d1fb-e165-11f0-90da-0255ac121938, , , , f0a18f4d-6bd2-11f1-8cac-0255ac120ff9, , , , , 25820a13-5b4b-11f1-8fdf-0255ac12109b, CMI_PAJANG, , b3f5645d-1797-11f1-b289-0255ac12100b, 33SKH_0068, ,	 110.75942, , , 0, , , , No, , , -7.56437, , , , , , , , , , , -7.56437, ce1d6700-f34d-11f0-80d8-0255ac12193b, , , , , , ,	 110.75942, , , , , , 18, , , , , , , , 01efa427-768b-11f1-ba00-0255ac1205bc, 33SKH_0068, , true,	 1786017785187, 2026-08-06 12:03:05, b48c3ea5-fb2f-11f0-be90-0255ac120057, , , , , , , CMI, , , , , No, No, No, , 
 1ac88c88-0300-11f1-bdcd-0255ac121084, , , , , , f343d1fb-e165-11f0-90da-0255ac121938, , , , f0a18f4d-6bd2-11f1-8cac-0255ac120ff9, , , , , 25820a13-5b4b-11f1-8fdf-0255ac12109b, CMI_KARTOSURO, , b3f5645d-1797-11f1-b289-0255ac12100b, 33SKH_0079, ,	 110.73472, , , 0, , , , No, , , -7.54685, , , , , , , , , , , -7.54685, ce1d6700-f34d-11f0-80d8-0255ac12193b, , , , , , ,	 110.73472, , , , , , 14, , , , , , , , 01f0b5bb-768b-11f1-ba00-0255ac1205bc, 33SKH_0079, , true,	 1786017785220, 2026-08-06 12:03:05, b48c3ea5-fb2f-11f0-be90-0255ac120057, , , , , , , CMI, , , , , No, No, No, , 
 1ac88c88-0300-11f1-bdcd-0255ac121084, , , , , , f343d1fb-e165-11f0-90da-0255ac121938, , , , f0a18f4d-6bd2-11f1-8cac-0255ac120ff9, , , , , 24f3d44b-5b4b-11f1-8fdf-0255ac12109b, CMI_RUKOGRANDCTY, , 58d9a589-2cb4-11f1-ab67-0255ac1208c4, 33PWD_0106, ,	 110.91495, , , 0, , , , No, , , -7.08679, , , , , , , , , , , -7.08679, ce1d6700-f34d-11f0-80d8-0255ac12193b, , , , , , ,	 110.91495, , , , , , 16, , , , , , , , 01f28ac0-768b-11f1-ba00-0255ac1205bc, 33PWD_0106, , true,	 1786017785213, 2026-08-06 12:03:05, e70a8cd9-e165-11f0-a9fb-0255ac121097, , , , , , , CMI, , , , , No, No, No, , 
 1ac88c88-0300-11f1-bdcd-0255ac121084, , , , , , f343d1fb-e165-11f0-90da-0255ac121938, , , , f0a18f4d-6bd2-11f1-8cac-0255ac120ff9, , , , , 24df61ac-5b4b-11f1-8fdf-0255ac12109b, CMI_KARANG_KLESEM, , 93d8b78c-1797-11f1-be90-0255ac120057, 33PWT_0065, ,	 109.22918, , , 0, , , , No, , , -7.45097, , , , , , , , , , , -7.45097, ce1d6700-f34d-11f0-80d8-0255ac12193b, , , , , , ,	 109.22918, , , , , , 9, , , , , , , , 01f80853-768b-11f1-ba00-0255ac1205bc, 33PWT_0065, , true,	 1786017785190, 2026-08-06 12:03:05, b48c3ea5-fb2f-11f0-be90-0255ac120057, , , , , , , CMI, , , , , No, No, No, , 
 1ac88c88-0300-11f1-bdcd-0255ac121084, , , , , , f343d1fb-e165-11f0-90da-0255ac121938, , , , f0a18f4d-6bd2-11f1-8cac-0255ac120ff9, , , , , 25a940c5-5b4b-11f1-8fdf-0255ac12109b, CMI_KERINCI SOLO, , b3f5645d-1797-11f1-b289-0255ac12100b, 33SKT_0003, ,	 110.81845, , , 0, , , , No, , , -7.53172, , , , , , , , , , , -7.53172, ce1d6700-f34d-11f0-80d8-0255ac12193b, , , , , , ,	 110.81845, , , , , , 43, , , , , , , , 01faa0bf-768b-11f1-ba00-0255ac1205bc, 33SKT_0003, , true,	 1786017785213, 2026-08-06 12:03:05, b48c3ea5-fb2f-11f0-be90-0255ac120057, , , , , , , CMI, , , , , No, No, No, , 
 1ac88c88-0300-11f1-bdcd-0255ac121084, , , , , , f343d1fb-e165-11f0-90da-0255ac121938, , , , f0a18f4d-6bd2-11f1-8cac-0255ac120ff9, , , , , 24e4dfff-5b4b-11f1-8fdf-0255ac12109b, PTI_SDNSIGENTONG2_BRS, , ce2b4a23-74a7-11f1-9cdd-0255ac1211fc, 33BBS_0104, ,	 108.99078, , , 0, , , , No, , , -6.89611, , , , , , , , , , , -6.89611, ce1d6700-f34d-11f0-80d8-0255ac12193b, , , , , , ,	 108.99078, , , , , , 36, , , , , , , , 023845e1-768b-11f1-ba00-0255ac1205bc, 33BBS_0104, , true,	 1786017785208, 2026-08-06 12:03:05, e70a8cd9-e165-11f0-a9fb-0255ac121097, , , , , , , PTI, , , , , No, No, No, , 
 1ac88c88-0300-11f1-bdcd-0255ac121084, , , , , , f343d1fb-e165-11f0-90da-0255ac121938, , , , f0a18f4d-6bd2-11f1-8cac-0255ac120ff9, , , , , 24eb6fb8-5b4b-11f1-8fdf-0255ac12109b, PTI_SINDANG_SARI, , 93d8b78c-1797-11f1-be90-0255ac120057, 33CLP_0147, ,	 108.77724, , , 0, , , , No, , , -7.29972, , , , , , , , , , , -7.29972, ce1d6700-f34d-11f0-80d8-0255ac12193b, , , , , , ,	 108.77724, , , , , , 15, , , , , , , , 024b8022-768b-11f1-ba00-0255ac1205bc, 33CLP_0147, , true,	 1786017785196, 2026-08-06 12:03:05, b48c3ea5-fb2f-11f0-be90-0255ac120057, , , , , , , PTI, , , , , No, No, No, , 
 1ac88c88-0300-11f1-bdcd-0255ac121084, , , , , , f343d1fb-e165-11f0-90da-0255ac121938, , , , f0a18f4d-6bd2-11f1-8cac-0255ac120ff9, , , , , 2554433a-5b4b-11f1-8fdf-0255ac12109b, PTI_SAWAHAN_KLT, , b3f5645d-1797-11f1-b289-0255ac12100b, 33KLN_0074, ,	 110.72173, , , , , , , No, , , -7.66253, , , , , , , , , , , -7.66253, ce1d6700-f34d-11f0-80d8-0255ac12193b, , , , , , ,	 110.72173, , , , , , , , , , , , , , 025d3381-768b-11f1-ba00-0255ac1205bc, 33KLN_0074, , true,	 1786017785219, 2026-08-06 12:03:05, b48c3ea5-fb2f-11f0-be90-0255ac120057, , , , , , , PTI, , , , , No, No, No, , 
 1ac88c88-0300-11f1-bdcd-0255ac121084, , , , , , f343d1fb-e165-11f0-90da-0255ac121938, , , , f0a18f4d-6bd2-11f1-8cac-0255ac120ff9, , , , , 25820a13-5b4b-11f1-8fdf-0255ac12109b, PTI_TAMBAKBOYO_SUKOHARJO, , b3f5645d-1797-11f1-b289-0255ac12100b, 33SKH_0097, ,	 110.79008, , , 0, , , , No, , , -7.65793, , , , , , , , , , , -7.65793, ce1d6700-f34d-11f0-80d8-0255ac12193b, , , , , , ,	 110.79008, , , , , , , , , , , , , , 02680836-768b-11f1-ba00-0255ac1205bc, 33SKH_0097, , true,	 1786017785222, 2026-08-06 12:03:05, b48c3ea5-fb2f-11f0-be90-0255ac120057, , , , , , , PTI, , , , , No, No, No, , 
 25426cff-f362-11f0-8722-0255ac1208c5, , , , , , f343d1fb-e165-11f0-90da-0255ac121938, , , , f0a18f4d-6bd2-11f1-8cac-0255ac120ff9, , , , , 25a2d90c-5b4b-11f1-8fdf-0255ac12109b, PTI_WR_SOEPRATMAN_MAYANGAN, , a73bf14a-1797-11f1-a4c0-0255ac12094c, 35PBL_0045, ,	 113.22078, , , 0, , , , No, , , -7.74911, , , , , , , , , , , -7.74911, ce1d6700-f34d-11f0-80d8-0255ac12193b, , , , , , ,	 113.22078, , , , , ,	 150, , , , , , , , 0291b0a6-768b-11f1-ba00-0255ac1205bc, 35PBL_0045, , true,	 1786017785384, 2026-08-06 12:03:05, e703fcc2-e165-11f0-a9fb-0255ac121097, , , , , , , PTI, , , , , No, No, No, , 
 1ac88c88-0300-11f1-bdcd-0255ac121084, , , , , , f343d1fb-e165-11f0-90da-0255ac121938, , , , f0a18f4d-6bd2-11f1-8cac-0255ac120ff9, , , , , 24df61ac-5b4b-11f1-8fdf-0255ac12109b, PTI_HILYAS_PWT, , 93d8b78c-1797-11f1-be90-0255ac120057, 33PWT_0104, ,	 109.30195, , , 0, , , , No, , , -7.4714, , , , , , , , , , , -7.4714, ce1d6700-f34d-11f0-80d8-0255ac12193b, , , , , , ,	 109.30195, , , , , , 14, , , , , , , , 029225e9-768b-11f1-ba00-0255ac1205bc, 33PWT_0104, , true,	 1786017785392, 2026-08-06 12:03:05, b48c3ea5-fb2f-11f0-be90-0255ac120057, , , , , , , PTI, , , , , No, No, No, , 
 1ac88c88-0300-11f1-bdcd-0255ac121084, , , , , , f343d1fb-e165-11f0-90da-0255ac121938, , , , f0a18f4d-6bd2-11f1-8cac-0255ac120ff9, , , , , 24e2bd14-5b4b-11f1-8fdf-0255ac12109b, PTI_KARANGJATI_BLORA, , a7b36c07-74a7-11f1-a3a3-0255ac1211e2, 33BLA_0037, ,	 111.42666, , , 0, , , , No, , , -6.96462, , , , , , , , , , , -6.96462, ce1d6700-f34d-11f0-80d8-0255ac12193b, , , , , , ,	 111.42666, , , , , , , , , , , , , , 02b42cc9-768b-11f1-ba00-0255ac1205bc, 33BLA_0037, , true,	 1786017785524, 2026-08-06 12:03:05, e70a8cd9-e165-11f0-a9fb-0255ac121097, , , , , , , PTI, , , , , No, No, No, , 
 1ac88c88-0300-11f1-bdcd-0255ac121084, , , , , , f343d1fb-e165-11f0-90da-0255ac121938, , , , f0a18f4d-6bd2-11f1-8cac-0255ac120ff9, , , , , 24eb6fb8-5b4b-11f1-8fdf-0255ac12109b, PTI_MULYADI_MAJENANG, , 93d8b78c-1797-11f1-be90-0255ac120057, 33CLP_0145, ,	 108.76208, , , 0, , , , No, , , -7.30176, , , , , , , , , , , -7.30176, ce1d6700-f34d-11f0-80d8-0255ac12193b, , , , , , ,	 108.76208, , , , , , 11, , , , , , , , 036072c5-768b-11f1-905a-0255ac12193f, 33CLP_0145, , true,	 1786017785402, 2026-08-06 12:03:05, b48c3ea5-fb2f-11f0-be90-0255ac120057, , , , , , , PTI, , , , , No, No, No, , 
 1ac88c88-0300-11f1-bdcd-0255ac121084, , , , , , f343d1fb-e165-11f0-90da-0255ac121938, , , , f0a18f4d-6bd2-11f1-8cac-0255ac120ff9, , , , , 24e2bd14-5b4b-11f1-8fdf-0255ac12109b, PTI_TEMUREJO, , a7b36c07-74a7-11f1-a3a3-0255ac1211e2, 33BLA_0038, ,	 111.42207, , , 0, , , , No, , , -6.95855, , , , , , , , , , , -6.95855, ce1d6700-f34d-11f0-80d8-0255ac12193b, , , , , , ,	 111.42207, , , , , , , , , , , , , , 036b207f-768b-11f1-905a-0255ac12193f, 33BLA_0038, , true,	 1786017785613, 2026-08-06 12:03:05, e70a8cd9-e165-11f0-a9fb-0255ac121097, , , , , , , PTI, , , , , No, No, No, , 
 2df57184-f362-11f0-82f8-0255ac12021f, , , , , , f343d1fb-e165-11f0-90da-0255ac121938, , , , f0a18f4d-6bd2-11f1-8cac-0255ac120ff9, , , , , 24ed6b96-5b4b-11f1-8fdf-0255ac12109b, PTI_MULYASARI_LOSARI, , 58ca3c25-2cb4-11f1-ab67-0255ac1208c4, 32CBN_0179, ,	 108.81113, , , 0, , , , No, , , -6.82505, , , , , , , , , , , -6.82505, ce1d6700-f34d-11f0-80d8-0255ac12193b, , , , , , ,	 108.81113, , , , , , , , , , , , , , 037e0c40-768b-11f1-905a-0255ac12193f, 32CBN_0179, , true,	 1786017785479, 2026-08-06 12:03:05, b48c3ea5-fb2f-11f0-be90-0255ac120057, , , , , , , PTI, , , , , No, No, No, , 
 1ac88c88-0300-11f1-bdcd-0255ac121084, , , , , , f343d1fb-e165-11f0-90da-0255ac121938, , , , f0a18f4d-6bd2-11f1-8cac-0255ac120ff9, , , , , 24eef23d-5b4b-11f1-8fdf-0255ac12109b, PTI_KEBON_AGUNG_VICTORY, , 9120c34a-1797-11f1-be90-0255ac120057, 33DMK_0057, ,	 110.49834, , , 0, , , , No, , , -7.05375, , , , , , , , , , , -7.05375, ce1d6700-f34d-11f0-80d8-0255ac12193b, , , , , , ,	 110.49834, , , , , , 42, , , , , , , , 0398c0c7-768b-11f1-905a-0255ac12193f, 33DMK_0057, , true,	 1786017785532, 2026-08-06 12:03:05, e70a8cd9-e165-11f0-a9fb-0255ac121097, , , , , , , PTI, , , , , No, No, No, , 
 1ac88c88-0300-11f1-bdcd-0255ac121084, , , , , , f343d1fb-e165-11f0-90da-0255ac121938, , , , f0a18f4d-6bd2-11f1-8cac-0255ac120ff9, , , , , 25820a13-5b4b-11f1-8fdf-0255ac12109b, PTI_BEKONANG_SKH, , b3f5645d-1797-11f1-b289-0255ac12100b, 33SKH_0102, ,	 110.8699, , , 0, , , , No, , , -7.60968, , , , , , , , , , , -7.60968, ce1d6700-f34d-11f0-80d8-0255ac12193b, , , , , , ,	 110.8699, , , , , , , , , , , , , , 03a8c64a-768b-11f1-905a-0255ac12193f, 33SKH_0102, , true,	 1786017785419, 2026-08-06 12:03:05, b48c3ea5-fb2f-11f0-be90-0255ac120057, , , , , , , PTI, , , , , No, No, No, , 
 1ac88c88-0300-11f1-bdcd-0255ac121084, , , , , , f343d1fb-e165-11f0-90da-0255ac121938, , , , f0a18f4d-6bd2-11f1-8cac-0255ac120ff9, , , , , 24eef23d-5b4b-11f1-8fdf-0255ac12109b, PTI_PUCANG_GADING, , 9120c34a-1797-11f1-be90-0255ac120057, 33DMK_0051, ,	 110.49608, , , 0, , , , No, , , -7.04622, , , , , , , , , , , -7.04622, ce1d6700-f34d-11f0-80d8-0255ac12193b, , , , , , ,	 110.49608, , , , , , 28, , , , , , , , 03bdadce-768b-11f1-905a-0255ac12193f, 33DMK_0051, , true,	 1786017785422, 2026-08-06 12:03:05, e70a8cd9-e165-11f0-a9fb-0255ac121097, , , , , , , PTI, , , , , No, No, No, , 
 1ac88c88-0300-11f1-bdcd-0255ac121084, , , , , , f343d1fb-e165-11f0-90da-0255ac121938, , , , f0a18f4d-6bd2-11f1-8cac-0255ac120ff9, , , , , 24eef23d-5b4b-11f1-8fdf-0255ac12109b, PTI_BATURSARI, , 9120c34a-1797-11f1-be90-0255ac120057, 33DMK_0052, ,	 110.50282, , , 0, , , , No, , , -7.03579, , , , , , , , , , , -7.03579, ce1d6700-f34d-11f0-80d8-0255ac12193b, , , , , , ,	 110.50282, , , , , , , , , , , , , , 03bdfc0b-768b-11f1-905a-0255ac12193f, 33DMK_0052, , true,	 1786017785432, 2026-08-06 12:03:05, e70a8cd9-e165-11f0-a9fb-0255ac121097, , , , , , , PTI, , , , , No, No, No, , 
 1ac88c88-0300-11f1-bdcd-0255ac121084, , , , , , f343d1fb-e165-11f0-90da-0255ac121938, , , , f0a18f4d-6bd2-11f1-8cac-0255ac120ff9, , , , , 25a12b59-5b4b-11f1-8fdf-0255ac12109b, TBG_PEKALONGAN, , afde0691-1797-11f1-b148-0255ac1210a3, 33PKL_0026, ,	 109.67037, , , 0, , , , No, , , -6.90744, , , , , , , , , , , -6.90744, ce1d6700-f34d-11f0-80d8-0255ac12193b, , , , , , ,	 109.67037, , , , , , 22, , , , , , , , 03f38ad5-768b-11f1-905a-0255ac12193f, 33PKL_0026, , true,	 1786017785414, 2026-08-06 12:03:05, e70a8cd9-e165-11f0-a9fb-0255ac121097, , , , , , , TBG, , , , , No, No, No, , 
 1ac88c88-0300-11f1-bdcd-0255ac121084, , , , , , f343d1fb-e165-11f0-90da-0255ac121938, , , , f0a18f4d-6bd2-11f1-8cac-0255ac120ff9, , , , , 25a12b59-5b4b-11f1-8fdf-0255ac12109b, TBG_KANDANGPANJANG_PEKALONGAN, , afde0691-1797-11f1-b148-0255ac1210a3, 33PKL_0049, ,	 109.67463, , , 0, , , , No, , , -6.86633, , , , , , , , , , , -6.86633, ce1d6700-f34d-11f0-80d8-0255ac12193b, , , , , , ,	 109.67463, , , , , , , , , , , , , , 0414f505-768b-11f1-905a-0255ac12193f, 33PKL_0049, , true,	 1786017785430, 2026-08-06 12:03:05, e70a8cd9-e165-11f0-a9fb-0255ac121097, , , , , , , TBG, , , , , No, No, No, , 
 634ac5ad-e61d-11f0-89c1-0255ac120225, , , , , , f343d1fb-e165-11f0-90da-0255ac121938, , , , f0a18f4d-6bd2-11f1-8cac-0255ac120ff9, , , , , 67c07475-f34e-11f0-8fd3-0255ac121dca, CMI_KALIBATA_CITY1_TOWER_AG, , 47be792a-4eb8-11f1-a63d-0255ac1203fc, 31JKS_0102, ,	 106.85047, , , 0, , , , No, , , -6.25777, , , , , , , , , , , -6.25777, ce1d6700-f34d-11f0-80d8-0255ac12193b, , , , , , ,	 106.85047, , , , , , 48, , , , , , , , 04e65743-4648-11f1-a9b2-0255ac1218dc, 31JKS_0102, , true,	 1786017785407, 2026-08-06 12:03:05, e703fcc2-e165-11f0-a9fb-0255ac121097, , , , , , , CMI, , , , , No, No, No, , 
 f5bd09e2-1c64-11f1-b289-0255ac12100b, , , , , , f343d1fb-e165-11f0-90da-0255ac121938, , , , f0a18f4d-6bd2-11f1-8cac-0255ac120ff9, , , , , 258c1c60-5b4b-11f1-8fdf-0255ac12109b, DMT_TELECODE_AMBON_KOTA, , 6d7e2ae2-4eb8-11f1-838b-0255ac12051e, 81AMB_0001, ,	 128.18274, , , 0, , , , No, , , -3.69705, , , , , , , , , , , -3.69705, ce1d6700-f34d-11f0-80d8-0255ac12193b, , , , , , ,	 128.18274, , , , , ,	 280, , , , , , , , 04f8f46e-4648-11f1-a9b2-0255ac1218dc, 81AMB_0001, , true,	 1786017786377, 2026-08-06 12:03:06, e703fcc2-e165-11f0-a9fb-0255ac121097, , , , , , , DMT, , , , , No, No, No, , 
 fc9a8b88-1c64-11f1-8d56-0255ac121935, , , , , , f343d1fb-e165-11f0-90da-0255ac121938, , , , f0a18f4d-6bd2-11f1-8cac-0255ac120ff9, , , , , 259ac2a2-5b4b-11f1-8fdf-0255ac12109b, DMT_BTN_GRAND, , 6d87ef04-4eb8-11f1-838b-0255ac12051e, 91JAP_0002, ,	 140.67085, , , 0, , , , No, , , -2.60961, , , , , , , , , , , -2.60961, ce1d6700-f34d-11f0-80d8-0255ac12193b, , , , , , ,	 140.67085, , , , , ,	 406, , , , , , , , 04f969a9-4648-11f1-a9b2-0255ac1218dc, 91JAP_0002, , true,	 1786017785509, 2026-08-06 12:03:05, e703fcc2-e165-11f0-a9fb-0255ac121097, , , , , , , DMT, , , , , No, No, No, , 
 1ac88c88-0300-11f1-bdcd-0255ac121084, , , , , , f343d1fb-e165-11f0-90da-0255ac121938, , , , f0a18f4d-6bd2-11f1-8cac-0255ac120ff9, , , , , 24f3d44b-5b4b-11f1-8fdf-0255ac12109b, TBG_GROBOGAN, , 58d9a589-2cb4-11f1-ab67-0255ac1208c4, 33PWD_0067, ,	 110.9203, , , 0, , , , No, , , -7.0959, , , , , , , , , , , -7.0959, ce1d6700-f34d-11f0-80d8-0255ac12193b, , , , , , ,	 110.9203, , , , , , 33, , , , , , , , 05470c66-768b-11f1-a90e-0255ac1203fe, 33PWD_0067, , true,	 1786017785519, 2026-08-06 12:03:05, e70a8cd9-e165-11f0-a9fb-0255ac121097, , , , , , , TBG, , , , , No, No, No, , 
 1ac88c88-0300-11f1-bdcd-0255ac121084, , , , , , f343d1fb-e165-11f0-90da-0255ac121938, , , , f0a18f4d-6bd2-11f1-8cac-0255ac120ff9, , , , , 2574eb46-5b4b-11f1-8fdf-0255ac12109b, TBG_COMAL_ANNUR_PML, , afde0691-1797-11f1-b148-0255ac1210a3, 33PML_0061, ,	 109.54088, , , 0, , , , No, , , -6.89453, , , , , , , , , , , -6.89453, ce1d6700-f34d-11f0-80d8-0255ac12193b, , , , , , ,	 109.54088, , , , , , 6, , , , , , , , 057e7052-768b-11f1-a90e-0255ac1203fe, 33PML_0061, , true,	 1786017785522, 2026-08-06 12:03:05, e703fcc2-e165-11f0-a9fb-0255ac121097, , , , , , , TBG, , , , , No, No, No, , 
 1ac88c88-0300-11f1-bdcd-0255ac121084, , , , , , f343d1fb-e165-11f0-90da-0255ac121938, , , , f0a18f4d-6bd2-11f1-8cac-0255ac120ff9, , , , , 2586ec26-5b4b-11f1-8fdf-0255ac12109b, TBG_PERPIL_KALIMATI, , 590d86e8-2cb4-11f1-ab67-0255ac1208c4, 33TGL_0136, ,	 109.13799, , , 0, , , , No, , , -6.92435, , , , , , , , , , , -6.92435, ce1d6700-f34d-11f0-80d8-0255ac12193b, , , , , , ,	 109.13799, , , , , , 22, , , , , , , , 05a902cb-768b-11f1-a90e-0255ac1203fe, 33TGL_0136, , true,	 1786017785519, 2026-08-06 12:03:05, e70a8cd9-e165-11f0-a9fb-0255ac121097, , , , , , , TBG, , , , , No, No, No, , 
 1ac88c88-0300-11f1-bdcd-0255ac121084, , , , , , f343d1fb-e165-11f0-90da-0255ac121938, , , , f0a18f4d-6bd2-11f1-8cac-0255ac120ff9, , , , , 25a12b59-5b4b-11f1-8fdf-0255ac12109b, TBG_WONOYOSO, , afde0691-1797-11f1-b148-0255ac1210a3, 33PKL_0050, ,	 109.66121, , , 0, , , , No, , , -6.92079, , , , , , , , , , , -6.92079, ce1d6700-f34d-11f0-80d8-0255ac12193b, , , , , , ,	 109.66121, , , , , , , , , , , , , , 05be1115-768b-11f1-a90e-0255ac1203fe, 33PKL_0050, , true,	 1786017785616, 2026-08-06 12:03:05, e70a8cd9-e165-11f0-a9fb-0255ac121097, , , , , , , TBG, , , , , No, No, No, , 
 1ac88c88-0300-11f1-bdcd-0255ac121084, , , , , , f343d1fb-e165-11f0-90da-0255ac121938, , , , f0a18f4d-6bd2-11f1-8cac-0255ac120ff9, , , , , 2586ec26-5b4b-11f1-8fdf-0255ac12109b, TBG_PANGKAH, , 590d86e8-2cb4-11f1-ab67-0255ac1208c4, 33TGL_0084, ,	 109.16427, , , , , , , No, , , -6.99693, , , , , , , , , , , -6.99693, ce1d6700-f34d-11f0-80d8-0255ac12193b, , , , , , ,	 109.16427, , , , , , , , , , , , , , 05e5be0f-768b-11f1-a90e-0255ac1203fe, 33TGL_0084, , true,	 1786017785591, 2026-08-06 12:03:05, b48c3ea5-fb2f-11f0-be90-0255ac120057, , , , , , , TBG, , , , , No, No, No, , 
 25426cff-f362-11f0-8722-0255ac1208c5, , , , , , f343d1fb-e165-11f0-90da-0255ac121938, , , , f0a18f4d-6bd2-11f1-8cac-0255ac120ff9, , , , , 25a7ba22-5b4b-11f1-8fdf-0255ac12109b, CMI_NGINDEN, , 9784a8b3-1797-11f1-8e49-0255ac121206, 35SBY_0304, ,	 112.76179, , , 0, , , , No, , , -7.30177, , , , , , , , , , , -7.30177, ce1d6700-f34d-11f0-80d8-0255ac12193b, , , , , , ,	 112.76179, , , , , , 73, , , , , , , , 06849555-768b-11f1-a90e-0255ac1203fe, 35SBY_0304, , true,	 1786017785590, 2026-08-06 12:03:05, e703fcc2-e165-11f0-a9fb-0255ac121097, , , , , , , CMI, , , , , No, No, No, , 
 1ac88c88-0300-11f1-bdcd-0255ac121084, , , , , , f343d1fb-e165-11f0-90da-0255ac121938, , , , f0a18f4d-6bd2-11f1-8cac-0255ac120ff9, , , , , 25adfbc2-5b4b-11f1-8fdf-0255ac12109b, TBG_MARGASARI_JL_RAYA_TEGAL, , 590d86e8-2cb4-11f1-ab67-0255ac1208c4, 33TGL_0074, ,	 109.02008, , , 0, , , , No, , , -7.09283, , , , , , , , , , , -7.09283, ce1d6700-f34d-11f0-80d8-0255ac12193b, , , , , , ,	 109.02008, , , , , , , , , , , , , , 06b346aa-768b-11f1-a90e-0255ac1203fe, 33TGL_0074, , true,	 1786017785635, 2026-08-06 12:03:05, b48c3ea5-fb2f-11f0-be90-0255ac120057, , , , , , , TBG, , , , , No, No, No, , 
 1ac88c88-0300-11f1-bdcd-0255ac121084, , , , , , f343d1fb-e165-11f0-90da-0255ac121938, , , , f0a18f4d-6bd2-11f1-8cac-0255ac120ff9, , , , , 2586ec26-5b4b-11f1-8fdf-0255ac12109b, CMI_PALA_BAR_MESAJEM, , 590d86e8-2cb4-11f1-ab67-0255ac1208c4, 33TGL_0127, ,	 109.15211, , , 0, , , , No, , , -6.87597, , , , , , , , , , , -6.87597, ce1d6700-f34d-11f0-80d8-0255ac12193b, , , , , , ,	 109.15211, , , , , , 70, , , , , , , , 06d59bba-768b-11f1-a90e-0255ac1203fe, 33TGL_0127, , true,	 1786017785709, 2026-08-06 12:03:05, e70a8cd9-e165-11f0-a9fb-0255ac121097, , , , , , , CMI, , , , , No, No, No, , 
 1ac88c88-0300-11f1-bdcd-0255ac121084, , , , , , f343d1fb-e165-11f0-90da-0255ac121938, , , , f0a18f4d-6bd2-11f1-8cac-0255ac120ff9, , , , , 24eb6fb8-5b4b-11f1-8fdf-0255ac12109b, PTI_MAJENANG_I, , 93d8b78c-1797-11f1-be90-0255ac120057, 33CLP_0148, ,	 108.75611, , , 0, , , , No, , , -7.29583, , , , , , , , , , , -7.29583, ce1d6700-f34d-11f0-80d8-0255ac12193b, , , , , , ,	 108.75611, , , , , , 27, , , , , , , , 06ebe2a2-768b-11f1-a90e-0255ac1203fe, 33CLP_0148, , true,	 1786017785698, 2026-08-06 12:03:05, b48c3ea5-fb2f-11f0-be90-0255ac120057, , , , , , , PTI, , , , , No, No, No, , 
 1ac88c88-0300-11f1-bdcd-0255ac121084, , , , , , f343d1fb-e165-11f0-90da-0255ac121938, , , , f0a18f4d-6bd2-11f1-8cac-0255ac120ff9, , , , , 2552bc93-5b4b-11f1-8fdf-0255ac12109b, PTI_PURWOKERTO_BRANGSONG, , 9120c34a-1797-11f1-be90-0255ac120057, 33KDL_0053, ,	 110.22987, , , 0, , , , No, , , -6.9508, , , , , , , , , , , -6.9508, ce1d6700-f34d-11f0-80d8-0255ac12193b, , , , , , ,	 110.22987, , , , , , 2, , , , , , , , 071cb6b8-768b-11f1-a90e-0255ac1203fe, 33KDL_0053, , true,	 1786017785793, 2026-08-06 12:03:05, e70a8cd9-e165-11f0-a9fb-0255ac121097, , , , , , , PTI, , , , , No, No, No, , 
 1ac88c88-0300-11f1-bdcd-0255ac121084, , , , , , f343d1fb-e165-11f0-90da-0255ac121938, , , , f0a18f4d-6bd2-11f1-8cac-0255ac120ff9, , , , , 2574eb46-5b4b-11f1-8fdf-0255ac12109b, DMT_KEBONDALEM_PEMALANG, , 590d86e8-2cb4-11f1-ab67-0255ac1208c4, 33PML_0057, ,	 109.37712, , , 0, , , , No, , , -6.89674, , , , , , , , , , , -6.89674, ce1d6700-f34d-11f0-80d8-0255ac12193b, , , , , , ,	 109.37712, , , , , , 6, , , , , , , , 07f452e2-768b-11f1-b24a-0255ac120ffd, 33PML_0057, , true,	 1786017785625, 2026-08-06 12:03:05, e70a8cd9-e165-11f0-a9fb-0255ac121097, , , , , , , DMT, , , , , No, No, No, , 
 1ac88c88-0300-11f1-bdcd-0255ac121084, , , , , , f343d1fb-e165-11f0-90da-0255ac121938, , , , f0a18f4d-6bd2-11f1-8cac-0255ac120ff9, , , , , 25a12b59-5b4b-11f1-8fdf-0255ac12109b, DMT_SIMPANG_GROGOLAN, , afde0691-1797-11f1-b148-0255ac1210a3, 33PKL_0044, ,	 109.6774, , , 0, , , , No, , , -6.90272, , , , , , , , , , , -6.90272, ce1d6700-f34d-11f0-80d8-0255ac12193b, , , , , , ,	 109.6774, , , , , , 27, , , , , , , , 080765a1-768b-11f1-b24a-0255ac120ffd, 33PKL_0044, , true,	 1786017785708, 2026-08-06 12:03:05, e70a8cd9-e165-11f0-a9fb-0255ac121097, , , , , , , DMT, , , , , No, No, No, , 
 1ac88c88-0300-11f1-bdcd-0255ac121084, , , , , , f343d1fb-e165-11f0-90da-0255ac121938, , , , f0a18f4d-6bd2-11f1-8cac-0255ac120ff9, , , , , 2574eb46-5b4b-11f1-8fdf-0255ac12109b, DMT_BOJONGBATA_PEMALANG, , 590d86e8-2cb4-11f1-ab67-0255ac1208c4, 33PML_0056, ,	 109.381035, , , 0, , , , No, , , -6.915821, , , , , , , , , , , -6.915821, ce1d6700-f34d-11f0-80d8-0255ac12193b, , , , , , ,	 109.381035, , , , , , 13, , , , , , , , 080765a2-768b-11f1-b24a-0255ac120ffd, 33PML_0056, , true,	 1786017785712, 2026-08-06 12:03:05, e70a8cd9-e165-11f0-a9fb-0255ac121097, , , , , , , DMT, , , , , No, No, No, , 
 1ac88c88-0300-11f1-bdcd-0255ac121084, , , , , , f343d1fb-e165-11f0-90da-0255ac121938, , , , f0a18f4d-6bd2-11f1-8cac-0255ac120ff9, , , , , 24f3d44b-5b4b-11f1-8fdf-0255ac12109b, DMT_ALUN_ALUN_PURWODADI, , 58d9a589-2cb4-11f1-ab67-0255ac1208c4, 33PWD_0107, ,	 110.91529, , , 0, , , , No, , , -7.07894, , , , , , , , , , , -7.07894, ce1d6700-f34d-11f0-80d8-0255ac12193b, , , , , , ,	 110.91529, , , , , , 21, , , , , , , , 0812fd7d-768b-11f1-b24a-0255ac120ffd, 33PWD_0107, , true,	 1786017785688, 2026-08-06 12:03:05, e70a8cd9-e165-11f0-a9fb-0255ac121097, , , , , , , DMT, , , , , No, No, No, , 
 1ac88c88-0300-11f1-bdcd-0255ac121084, , , , , , f343d1fb-e165-11f0-90da-0255ac121938, , , , f0a18f4d-6bd2-11f1-8cac-0255ac120ff9, , , , , 24e2bd14-5b4b-11f1-8fdf-0255ac12109b, DMT_BANGLE2, , a7b36c07-74a7-11f1-a3a3-0255ac1211e2, 33BLA_0034, ,	 111.431, , , 0, , , , No, , , -6.9714, , , , , , , , , , , -6.9714, ce1d6700-f34d-11f0-80d8-0255ac12193b, , , , , , ,	 111.431, , , , , , , , , , , , , , 081632ad-768b-11f1-b24a-0255ac120ffd, 33BLA_0034, , true,	 1786017785713, 2026-08-06 12:03:05, e70a8cd9-e165-11f0-a9fb-0255ac121097, , , , , , , DMT, , , , , No, No, No, , 
 1ac88c88-0300-11f1-bdcd-0255ac121084, , , , , , f343d1fb-e165-11f0-90da-0255ac121938, , , , f0a18f4d-6bd2-11f1-8cac-0255ac120ff9, , , , , 25adfbc2-5b4b-11f1-8fdf-0255ac12109b, DMT_TEGALSARI_II_TEGAL, , 590d86e8-2cb4-11f1-ab67-0255ac1208c4, 33TGL_0134, ,	 109.13273, , , 0, , , , No, , , -6.8566566, , , , , , , , , , , -6.8566566, ce1d6700-f34d-11f0-80d8-0255ac12193b, , , , , , ,	 109.13273, , , , , , 23, , , , , , , , 0830497e-768b-11f1-b24a-0255ac120ffd, 33TGL_0134, , true,	 1786017785726, 2026-08-06 12:03:05, b48c3ea5-fb2f-11f0-be90-0255ac120057, , , , , , , DMT, , , , , No, No, No, , 
 25426cff-f362-11f0-8722-0255ac1208c5, , , , , , f343d1fb-e165-11f0-90da-0255ac121938, , , , f0a18f4d-6bd2-11f1-8cac-0255ac120ff9, , , , , 0980097b-f34e-11f0-80d8-0255ac12193b, DMT_PAMOTAN, , 9784a8b3-1797-11f1-8e49-0255ac121206, 35SDA_0383, ,	 112.69159, , , 0, , , , No, , , -7.53603, , , , , , , , , , , -7.53603, ce1d6700-f34d-11f0-80d8-0255ac12193b, , , , , , ,	 112.69159, , , , , , 25, , , , , , , , 083134b9-768b-11f1-b24a-0255ac120ffd, 35SDA_0383, , true,	 1786017785790, 2026-08-06 12:03:05, e70a8cd9-e165-11f0-a9fb-0255ac121097, , , , , , , DMT, , , , , No, No, No, , 
 1ac88c88-0300-11f1-bdcd-0255ac121084, , , , , , f343d1fb-e165-11f0-90da-0255ac121938, , , , f0a18f4d-6bd2-11f1-8cac-0255ac120ff9, , , , , 24e2bd14-5b4b-11f1-8fdf-0255ac12109b, DMT_BLORA3, , a7b36c07-74a7-11f1-a3a3-0255ac1211e2, 33BLA_0033, ,	 111.41012, , , 0, , , , No, , , -6.97758, , , , , , , , , , , -6.97758, ce1d6700-f34d-11f0-80d8-0255ac12193b, , , , , , ,	 111.41012, , , , , , , , , , , , , , 083134cb-768b-11f1-b24a-0255ac120ffd, 33BLA_0033, , true,	 1786017785836, 2026-08-06 12:03:05, e70a8cd9-e165-11f0-a9fb-0255ac121097, , , , , , , DMT, , , , , No, No, No, , 
 1ac88c88-0300-11f1-bdcd-0255ac121084, , , , , , f343d1fb-e165-11f0-90da-0255ac121938, , , , f0a18f4d-6bd2-11f1-8cac-0255ac120ff9, , , , , 25a12b59-5b4b-11f1-8fdf-0255ac12109b, DMT_BKIA, , afde0691-1797-11f1-b148-0255ac1210a3, 33PKL_0040, ,	 109.68384, , , 0, , , , No, , , -6.88743, , , , , , , , , , , -6.88743, ce1d6700-f34d-11f0-80d8-0255ac12193b, , , , , , ,	 109.68384, , , , , , , , , , , , , , 0831d043-768b-11f1-b24a-0255ac120ffd, 33PKL_0040, , true,	 1786017785791, 2026-08-06 12:03:05, e70a8cd9-e165-11f0-a9fb-0255ac121097, , , , , , , DMT, , , , , No, No, No, , 
 1ac88c88-0300-11f1-bdcd-0255ac121084, , , , , , f343d1fb-e165-11f0-90da-0255ac121938, , , , f0a18f4d-6bd2-11f1-8cac-0255ac120ff9, , , , , 2586ec26-5b4b-11f1-8fdf-0255ac12109b, DMT_GAJAH_MADA_TEGAL, , 590d86e8-2cb4-11f1-ab67-0255ac1208c4, 33TGL_0140, ,	 109.12337, , , 0, , , , No, , , -6.99307, , , , , , , , , , , -6.99307, ce1d6700-f34d-11f0-80d8-0255ac12193b, , , , , , ,	 109.12337, , , , , ,	 128, , , , , , , , 0837c3f3-768b-11f1-b24a-0255ac120ffd, 33TGL_0140, , true,	 1786017785789, 2026-08-06 12:03:05, b48c3ea5-fb2f-11f0-be90-0255ac120057, , , , , , , DMT, , , , , No, No, No, , 
 1ac88c88-0300-11f1-bdcd-0255ac121084, , , , , , f343d1fb-e165-11f0-90da-0255ac121938, , , , f0a18f4d-6bd2-11f1-8cac-0255ac120ff9, , , , , 24e2bd14-5b4b-11f1-8fdf-0255ac12109b, DMT_GATOT_SUBROTO, , a7b36c07-74a7-11f1-a3a3-0255ac1211e2, 33BLA_0035, ,	 111.409143, , , 0, , , , No, , , -6.970734, , , , , , , , , , , -6.970734, ce1d6700-f34d-11f0-80d8-0255ac12193b, , , , , , ,	 111.409143, , , , , , , , , , , , , , 08404f66-768b-11f1-b24a-0255ac120ffd, 33BLA_0035, , true,	 1786017785810, 2026-08-06 12:03:05, e70a8cd9-e165-11f0-a9fb-0255ac121097, , , , , , , DMT, , , , , No, No, No, , 
 25426cff-f362-11f0-8722-0255ac1208c5, , , , , , f343d1fb-e165-11f0-90da-0255ac121938, , , , f0a18f4d-6bd2-11f1-8cac-0255ac120ff9, , , , , 205fe0d2-5d7f-11f1-a63d-0255ac1203fc, DMT_KRANGGAN_SOOKO, , eea6dfb1-74a7-11f1-9425-0255ac12100a, 35MJK_0023, ,	 112.41503, , , 0, , , , No, , , -7.4802, , , , , , , , , , , -7.4802, ce1d6700-f34d-11f0-80d8-0255ac12193b, , , , , , ,	 112.41503, , , , , , , , , , , , , , 084f6ac2-768b-11f1-b24a-0255ac120ffd, 35MJK_0023, , true,	 1786017785737, 2026-08-06 12:03:05, e70a8cd9-e165-11f0-a9fb-0255ac121097, , , , , , , DMT, , , , , No, No, No, , 
 1ac88c88-0300-11f1-bdcd-0255ac121084, , , , , , f343d1fb-e165-11f0-90da-0255ac121938, , , , f0a18f4d-6bd2-11f1-8cac-0255ac120ff9, , , , , 24eef23d-5b4b-11f1-8fdf-0255ac12109b, DMT_KAUMAN_MRANGGEN, , 9120c34a-1797-11f1-be90-0255ac120057, 33DMK_0055, ,	 110.51165, , , 0, , , , No, , , -7.03551, , , , , , , , , , , -7.03551, ce1d6700-f34d-11f0-80d8-0255ac12193b, , , , , , ,	 110.51165, , , , , , 59, , , , , , , , 0852c5d2-768b-11f1-b24a-0255ac120ffd, 33DMK_0055, , true,	 1786017785803, 2026-08-06 12:03:05, e70a8cd9-e165-11f0-a9fb-0255ac121097, , , , , , , DMT, , , , , No, No, No, , 
 1ac88c88-0300-11f1-bdcd-0255ac121084, , , , , , f343d1fb-e165-11f0-90da-0255ac121938, , , , f0a18f4d-6bd2-11f1-8cac-0255ac120ff9, , , , , 2586ec26-5b4b-11f1-8fdf-0255ac12109b, DMT_PALARAYA, , 590d86e8-2cb4-11f1-ab67-0255ac1208c4, 33TGL_0128, ,	 109.15224, , , 0, , , , No, , , -6.88411, , , , , , , , , , , -6.88411, ce1d6700-f34d-11f0-80d8-0255ac12193b, , , , , , ,	 109.15224, , , , , , 43, , , , , , , , 085621e9-768b-11f1-b24a-0255ac120ffd, 33TGL_0128, , true,	 1786017785883, 2026-08-06 12:03:05, e70a8cd9-e165-11f0-a9fb-0255ac121097, , , , , , , DMT, , , , , No, No, No, , 
 2df57184-f362-11f0-82f8-0255ac12021f, , , , , , f343d1fb-e165-11f0-90da-0255ac121938, , , , f0a18f4d-6bd2-11f1-8cac-0255ac120ff9, , , , , 24ed6b96-5b4b-11f1-8fdf-0255ac12109b, DMT_PERMANENCMBAMBULU, , 58ca3c25-2cb4-11f1-ab67-0255ac1208c4, 32CBN_0224, ,	 108.80567, , , 0, , , , No, , , -6.82058, , , , , , , , , , , -6.82058, ce1d6700-f34d-11f0-80d8-0255ac12193b, , , , , , ,	 108.80567, , , , , , , , , , , , , , 085780c1-768b-11f1-b24a-0255ac120ffd, 32CBN_0224, , true,	 1786017785879, 2026-08-06 12:03:05, b48c3ea5-fb2f-11f0-be90-0255ac120057, , , , , , , DMT, , , , , No, No, No, , 
 1ac88c88-0300-11f1-bdcd-0255ac121084, , , , , , f343d1fb-e165-11f0-90da-0255ac121938, , , , f0a18f4d-6bd2-11f1-8cac-0255ac120ff9, , , , , 2586ec26-5b4b-11f1-8fdf-0255ac12109b, DMT_PENUSUPAN, , 590d86e8-2cb4-11f1-ab67-0255ac1208c4, 33TGL_0141, ,	 109.16374, , , 0, , , , No, , , -6.98857, , , , , , , , , , , -6.98857, ce1d6700-f34d-11f0-80d8-0255ac12193b, , , , , , ,	 109.16374, , , , , , 24, , , , , , , , 0867385f-768b-11f1-b24a-0255ac120ffd, 33TGL_0141, , true,	 1786017785910, 2026-08-06 12:03:05, b48c3ea5-fb2f-11f0-be90-0255ac120057, , , , , , , DMT, , , , , No, No, No, , 
 1ac88c88-0300-11f1-bdcd-0255ac121084, , , , , , f343d1fb-e165-11f0-90da-0255ac121938, , , , f0a18f4d-6bd2-11f1-8cac-0255ac120ff9, , , , , 24eb6fb8-5b4b-11f1-8fdf-0255ac12109b, DMT_PRIMA_CILACAP, , 4780acb3-4eb8-11f1-a63d-0255ac1203fc, 33CLP_0151, ,	 109.02169, , , 0, , , , No, , , -7.71845, , , , , , , , , , , -7.71845, ce1d6700-f34d-11f0-80d8-0255ac12193b, , , , , , ,	 109.02169, , , , , ,	 121, , , , , , , , 0875de06-768b-11f1-b24a-0255ac120ffd, 33CLP_0151, , true,	 1786017785882, 2026-08-06 12:03:05, b48c3ea5-fb2f-11f0-be90-0255ac120057, , , , , , , DMT, , , , , No, No, No, , 
 1ac88c88-0300-11f1-bdcd-0255ac121084, , , , , , f343d1fb-e165-11f0-90da-0255ac121938, , , , f0a18f4d-6bd2-11f1-8cac-0255ac120ff9, , , , , 25820a13-5b4b-11f1-8fdf-0255ac12109b, DMT_PUCANGAN_SUKOHARJO, , b3f5645d-1797-11f1-b289-0255ac12100b, 33SKH_0082, ,	 110.74131, , , 0, , , , No, , , -7.56693, , , , , , , , , , , -7.56693, ce1d6700-f34d-11f0-80d8-0255ac12193b, , , , , , ,	 110.74131, , , , , , , , , , , , , , 087bd1fe-768b-11f1-b24a-0255ac120ffd, 33SKH_0082, , true,	 1786017785921, 2026-08-06 12:03:05, b48c3ea5-fb2f-11f0-be90-0255ac120057, , , , , , , DMT, , , , , No, No, No, , 
 1ac88c88-0300-11f1-bdcd-0255ac121084, , , , , , f343d1fb-e165-11f0-90da-0255ac121938, , , , f0a18f4d-6bd2-11f1-8cac-0255ac120ff9, , , , , 254bdea6-5b4b-11f1-8fdf-0255ac12109b, DMT_KLODRAN, , b3f5645d-1797-11f1-b289-0255ac12100b, 33KRG_0041, ,	 110.79216, , , 0, , , , No, , , -7.5325, , , , , , , , , , , -7.5325, ce1d6700-f34d-11f0-80d8-0255ac12193b, , , , , , ,	 110.79216, , , , , , 22, , , , , , , , 08817754-768b-11f1-b24a-0255ac120ffd, 33KRG_0041, , true,	 1786017785899, 2026-08-06 12:03:05, b48c3ea5-fb2f-11f0-be90-0255ac120057, , , , , , , DMT, , , , , No, No, No, , 
 1ac88c88-0300-11f1-bdcd-0255ac121084, , , , , , f343d1fb-e165-11f0-90da-0255ac121938, , , , f0a18f4d-6bd2-11f1-8cac-0255ac120ff9, , , , , 2586ec26-5b4b-11f1-8fdf-0255ac12109b, DMT_MARGASARI, , 590d86e8-2cb4-11f1-ab67-0255ac1208c4, 33TGL_0142, ,	 109.02807, , , 0, , , , No, , , -7.09368, , , , , , , , , , , -7.09368, ce1d6700-f34d-11f0-80d8-0255ac12193b, , , , , , ,	 109.02807, , , , , , 13, , , , , , , , 0882fe35-768b-11f1-b24a-0255ac120ffd, 33TGL_0142, , true,	 1786017785919, 2026-08-06 12:03:05, b48c3ea5-fb2f-11f0-be90-0255ac120057, , , , , , , DMT, , , , , No, No, No, , 
 1ac88c88-0300-11f1-bdcd-0255ac121084, , , , , , f343d1fb-e165-11f0-90da-0255ac121938, , , , f0a18f4d-6bd2-11f1-8cac-0255ac120ff9, , , , , 24e4dfff-5b4b-11f1-8fdf-0255ac12109b, DMT_SITANGGALSLTN, , ce2b4a23-74a7-11f1-9cdd-0255ac1211fc, 33BBS_0102, ,	 108.94637, , , 0, , , , No, , , -6.9685, , , , , , , , , , , -6.9685, ce1d6700-f34d-11f0-80d8-0255ac12193b, , , , , , ,	 108.94637, , , , , , 91, , , , , , , , 0885bcf5-768b-11f1-b24a-0255ac120ffd, 33BBS_0102, , true,	 1786017785898, 2026-08-06 12:03:05, e70a8cd9-e165-11f0-a9fb-0255ac121097, , , , , , , DMT, , , , , No, No, No, , 
 1ac88c88-0300-11f1-bdcd-0255ac121084, , , , , , f343d1fb-e165-11f0-90da-0255ac121938, , , , f0a18f4d-6bd2-11f1-8cac-0255ac120ff9, , , , , 2552bc93-5b4b-11f1-8fdf-0255ac12109b, DMT_PEGANDON, , 9120c34a-1797-11f1-be90-0255ac120057, 33KDL_0051, ,	 110.15133, , , 0, , , , No, , , -6.96267, , , , , , , , , , , -6.96267, ce1d6700-f34d-11f0-80d8-0255ac12193b, , , , , , ,	 110.15133, , , , , , 2, , , , , , , , 08917cb1-768b-11f1-b24a-0255ac120ffd, 33KDL_0051, , true,	 1786017785909, 2026-08-06 12:03:05, e703fcc2-e165-11f0-a9fb-0255ac121097, , , , , , , DMT, , , , , No, No, No, , 
 2d1992c8-0300-11f1-8f47-0255ac121dc0, , , , , , f343d1fb-e165-11f0-90da-0255ac121938, , , , f0a18f4d-6bd2-11f1-8cac-0255ac120ff9, , , , , 24dddb08-5b4b-11f1-8fdf-0255ac12109b, DMT_SUDAGARAN, , 8dbc3c11-1797-11f1-8caf-0255ac1211f5, 34BTL_0084, ,	 110.34775, , , 0, , , , No, , , -7.786675, , , , , , , , , , , -7.786675, ce1d6700-f34d-11f0-80d8-0255ac12193b, , , , , , ,	 110.34775, , , , , , 53, , , , , , , , 0892b566-768b-11f1-b24a-0255ac120ffd, 34BTL_0084, , true,	 1786017785938, 2026-08-06 12:03:05, b493b903-fb2f-11f0-be90-0255ac120057, , , , , , , DMT, , , , , No, No, No, , 
 1ac88c88-0300-11f1-bdcd-0255ac121084, , , , , , f343d1fb-e165-11f0-90da-0255ac121938, , , , f0a18f4d-6bd2-11f1-8cac-0255ac120ff9, , , , , 2586ec26-5b4b-11f1-8fdf-0255ac12109b, DMT_PROCOT, , 590d86e8-2cb4-11f1-ab67-0255ac1208c4, 33TGL_0145, ,	 109.14325, , , 0, , , , No, , , -6.97316667, , , , , , , , , , , -6.97316667, ce1d6700-f34d-11f0-80d8-0255ac12193b, , , , , , ,	 109.14325, , , , , , 68, , , , , , , , 08996bfe-768b-11f1-b24a-0255ac120ffd, 33TGL_0145, , true,	 1786017785985, 2026-08-06 12:03:05, b48c3ea5-fb2f-11f0-be90-0255ac120057, , , , , , , DMT, , , , , No, No, No, , 
 1ac88c88-0300-11f1-bdcd-0255ac121084, , , , , , f343d1fb-e165-11f0-90da-0255ac121938, , , , f0a18f4d-6bd2-11f1-8cac-0255ac120ff9, , , , , 6cf8d22a-f34e-11f0-ac99-0255ac12120f, DMT_KALIOSO, , 856a9036-1797-11f1-b28c-0255ac12007b, 33KRG_0044, ,	 110.806795, , , 0, , , , No, , , -7.467178, , , , , , , , , , , -7.467178, ce1d6700-f34d-11f0-80d8-0255ac12193b, , , , , , ,	 110.806795, , , , , , 1, , , , , , , , 089a2f78-768b-11f1-b24a-0255ac120ffd, 33KRG_0044, , true,	 1786017786203, 2026-08-06 12:03:06, b48c3ea5-fb2f-11f0-be90-0255ac120057, , , , , , , DMT, , , , , No, No, No, , 
 1ac88c88-0300-11f1-bdcd-0255ac121084, , , , , , f343d1fb-e165-11f0-90da-0255ac121938, , , , f0a18f4d-6bd2-11f1-8cac-0255ac120ff9, , , , , 24df61ac-5b4b-11f1-8fdf-0255ac12109b, DMT_KARANGKLESEM, , 4780acb3-4eb8-11f1-a63d-0255ac1203fc, 33PWT_0086, ,	 109.239389, , , 0, , , , No, , , -7.444525, , , , , , , , , , , -7.444525, ce1d6700-f34d-11f0-80d8-0255ac12193b, , , , , , ,	 109.239389, , , , , , 26, , , , , , , , 089f1182-768b-11f1-b24a-0255ac120ffd, 33PWT_0086, , true,	 1786017786085, 2026-08-06 12:03:06, b48c3ea5-fb2f-11f0-be90-0255ac120057, , , , , , , DMT, , , , , No, No, No, , 
 1ac88c88-0300-11f1-bdcd-0255ac121084, , , , , , f343d1fb-e165-11f0-90da-0255ac121938, , , , f0a18f4d-6bd2-11f1-8cac-0255ac120ff9, , , , , 2586ec26-5b4b-11f1-8fdf-0255ac12109b, DMT_SLAWI_KULON, , 590d86e8-2cb4-11f1-ab67-0255ac1208c4, 33TGL_0131, ,	 109.135509, , , 0, , , , No, , , -6.992871, , , , , , , , , , , -6.992871, ce1d6700-f34d-11f0-80d8-0255ac12193b, , , , , , ,	 109.135509, , , , , , 22, , , , , , , , 08c2775e-768b-11f1-b24a-0255ac120ffd, 33TGL_0131, , true,	 1786017785990, 2026-08-06 12:03:05, e70a8cd9-e165-11f0-a9fb-0255ac121097, , , , , , , DMT, , , , , No, No, No, , 
 1ac88c88-0300-11f1-bdcd-0255ac121084, , , , , , f343d1fb-e165-11f0-90da-0255ac121938, , , , f0a18f4d-6bd2-11f1-8cac-0255ac120ff9, , , , , 2586ec26-5b4b-11f1-8fdf-0255ac12109b, DMT_MEJASEM, , 590d86e8-2cb4-11f1-ab67-0255ac1208c4, 33TGL_0130, ,	 109.159947, , , 0, , , , No, , , -6.888068, , , , , , , , , , , -6.888068, ce1d6700-f34d-11f0-80d8-0255ac12193b, , , , , , ,	 109.159947, , , , , , 25, , , , , , , , 08c27764-768b-11f1-b24a-0255ac120ffd, 33TGL_0130, , true,	 1786017785983, 2026-08-06 12:03:05, e70a8cd9-e165-11f0-a9fb-0255ac121097, , , , , , , DMT, , , , , No, No, No, , 
 1ac88c88-0300-11f1-bdcd-0255ac121084, , , , , , f343d1fb-e165-11f0-90da-0255ac121938, , , , f0a18f4d-6bd2-11f1-8cac-0255ac120ff9, , , , , 24df61ac-5b4b-11f1-8fdf-0255ac12109b, DMT_TANJUNG_PURWOKERTO, , 93d8b78c-1797-11f1-be90-0255ac120057, 33PWT_0109, ,	 109.21985, , , 0, , , , No, , , -7.43754, , , , , , , , , , , -7.43754, ce1d6700-f34d-11f0-80d8-0255ac12193b, , , , , , ,	 109.21985, , , , , , 36, , , , , , , , 08c73296-768b-11f1-b24a-0255ac120ffd, 33PWT_0109, , true,	 1786017786095, 2026-08-06 12:03:06, b48c3ea5-fb2f-11f0-be90-0255ac120057, , , , , , , DMT, , , , , No, No, No, , 
 1ac88c88-0300-11f1-bdcd-0255ac121084, , , , , , f343d1fb-e165-11f0-90da-0255ac121938, , , , f0a18f4d-6bd2-11f1-8cac-0255ac120ff9, , , , , 2573649e-5b4b-11f1-8fdf-0255ac12109b, DMT_BUARAN, , afde0691-1797-11f1-b148-0255ac1210a3, 33PKL_0042, ,	 109.65728, , , 0, , , , No, , , -6.92644, , , , , , , , , , , -6.92644, ce1d6700-f34d-11f0-80d8-0255ac12193b, , , , , , ,	 109.65728, , , , , , , , , , , , , , 08ced45f-768b-11f1-b24a-0255ac120ffd, 33PKL_0042, , true,	 1786017786035, 2026-08-06 12:03:06, e70a8cd9-e165-11f0-a9fb-0255ac121097, , , , , , , DMT, , , , , No, No, No, , 
 1ac88c88-0300-11f1-bdcd-0255ac121084, , , , , , f343d1fb-e165-11f0-90da-0255ac121938, , , , f0a18f4d-6bd2-11f1-8cac-0255ac120ff9, , , , , 24f3d44b-5b4b-11f1-8fdf-0255ac12109b, DMT_PULOKULON, , 58d9a589-2cb4-11f1-ab67-0255ac1208c4, 33PWD_0111, ,	 111.070607, , , 0, , , , No, , , -7.129801, , , , , , , , , , , -7.129801, ce1d6700-f34d-11f0-80d8-0255ac12193b, , , , , , ,	 111.070607, , , , , , 6, , , , , , , , 08d9f76f-768b-11f1-b24a-0255ac120ffd, 33PWD_0111, , true,	 1786017786084, 2026-08-06 12:03:06, b48c3ea5-fb2f-11f0-be90-0255ac120057, , , , , , , DMT, , , , , No, No, No, , 
 1ac88c88-0300-11f1-bdcd-0255ac121084, , , , , , f343d1fb-e165-11f0-90da-0255ac121938, , , , f0a18f4d-6bd2-11f1-8cac-0255ac120ff9, , , , , 25a12b59-5b4b-11f1-8fdf-0255ac12109b, DMT_PERUMBINAGRIYA, , afde0691-1797-11f1-b148-0255ac1210a3, 33PKL_0045, ,	 109.6552778, , , 0, , , , No, , , -6.90138611, , , , , , , , , , , -6.90138611, ce1d6700-f34d-11f0-80d8-0255ac12193b, , , , , , ,	 109.6552778, , , , , , 19, , , , , , , , 08df00b9-768b-11f1-b24a-0255ac120ffd, 33PKL_0045, , true,	 1786017786036, 2026-08-06 12:03:05, e70a8cd9-e165-11f0-a9fb-0255ac121097, , , , , , , DMT, , , , , No, No, No, , 
 1ac88c88-0300-11f1-bdcd-0255ac121084, , , , , , f343d1fb-e165-11f0-90da-0255ac121938, , , , f0a18f4d-6bd2-11f1-8cac-0255ac120ff9, , , , , 2574eb46-5b4b-11f1-8fdf-0255ac12109b, DMT_PEMALANG, , afde0691-1797-11f1-b148-0255ac1210a3, 33PML_0055, ,	 109.38756, , , 0, , , , No, , , -6.90083, , , , , , , , , , , -6.90083, ce1d6700-f34d-11f0-80d8-0255ac12193b, , , , , , ,	 109.38756, , , , , , 6, , , , , , , , 08e0d4c6-768b-11f1-b24a-0255ac120ffd, 33PML_0055, , true,	 1786017786028, 2026-08-06 12:03:06, e70a8cd9-e165-11f0-a9fb-0255ac121097, , , , , , , DMT, , , , , No, No, No, , 
 1ac88c88-0300-11f1-bdcd-0255ac121084, , , , , , f343d1fb-e165-11f0-90da-0255ac121938, , , , f0a18f4d-6bd2-11f1-8cac-0255ac120ff9, , , , , 2586ec26-5b4b-11f1-8fdf-0255ac12109b, DMT_BALAPULANG_KULON, , 590d86e8-2cb4-11f1-ab67-0255ac1208c4, 33TGL_0148, ,	 109.09825, , , 0, , , , No, , , -7.05395, , , , , , , , , , , -7.05395, ce1d6700-f34d-11f0-80d8-0255ac12193b, , , , , , ,	 109.09825, , , , , , 23, , , , , , , , 08e0d4cc-768b-11f1-b24a-0255ac120ffd, 33TGL_0148, , true,	 1786017786024, 2026-08-06 12:03:06, b48c3ea5-fb2f-11f0-be90-0255ac120057, , , , , , , DMT, , , , , No, No, No, , 
 1ac88c88-0300-11f1-bdcd-0255ac121084, , , , , , f343d1fb-e165-11f0-90da-0255ac121938, , , , f0a18f4d-6bd2-11f1-8cac-0255ac120ff9, , , , , 24df61ac-5b4b-11f1-8fdf-0255ac12109b, DMT_SOKARAJA, , 93d8b78c-1797-11f1-be90-0255ac120057, 33PWT_0089, ,	 109.29899, , , 0, , , , No, , , -7.46015, , , , , , , , , , , -7.46015, ce1d6700-f34d-11f0-80d8-0255ac12193b, , , , , , ,	 109.29899, , , , , , 45, , , , , , , , 08e51aaa-768b-11f1-b24a-0255ac120ffd, 33PWT_0089, , true,	 1786017786081, 2026-08-06 12:03:06, b48c3ea5-fb2f-11f0-be90-0255ac120057, , , , , , , DMT, , , , , No, No, No, , 
 2d1992c8-0300-11f1-8f47-0255ac121dc0, , , , , , f343d1fb-e165-11f0-90da-0255ac121938, , , , f0a18f4d-6bd2-11f1-8cac-0255ac120ff9, , , , , 2555f0ed-5b4b-11f1-8fdf-0255ac12109b, DMT_WATES, , 8dbc3c11-1797-11f1-8caf-0255ac1211f5, 34WAT_0006, ,	 110.15869, , , 0, , , , No, , , -7.85997, , , , , , , , , , , -7.85997, ce1d6700-f34d-11f0-80d8-0255ac12193b, , , , , , ,	 110.15869, , , , , , 47, , , , , , , , 08e51aaf-768b-11f1-b24a-0255ac120ffd, 34WAT_0006, , true,	 1786017786274, 2026-08-06 12:03:06, b493b903-fb2f-11f0-be90-0255ac120057, , , , , , , DMT, , , , , No, No, No, , 
 1ac88c88-0300-11f1-bdcd-0255ac121084, , , , , , f343d1fb-e165-11f0-90da-0255ac121938, , , , f0a18f4d-6bd2-11f1-8cac-0255ac120ff9, , , , , 25a45fb8-5b4b-11f1-8fdf-0255ac12109b, DMT_GRAHAPADMATSLP, , 9120c34a-1797-11f1-be90-0255ac120057, 33SMG_0162, ,	 110.35894, , , 0, , , , No, , , -6.98513, , , , , , , , , , , -6.98513, ce1d6700-f34d-11f0-80d8-0255ac12193b, , , , , , ,	 110.35894, , , , , , 4, , , , , , , , 08f484d1-768b-11f1-b24a-0255ac120ffd, 33SMG_0162, , true,	 1786017786234, 2026-08-06 12:03:06, e70a8cd9-e165-11f0-a9fb-0255ac121097, , , , , , , DMT, , , , , No, No, No, , 
 1ac88c88-0300-11f1-bdcd-0255ac121084, , , , , , f343d1fb-e165-11f0-90da-0255ac121938, , , , f0a18f4d-6bd2-11f1-8cac-0255ac120ff9, , , , , 2586ec26-5b4b-11f1-8fdf-0255ac12109b, DMT_KAGOK_SLAWI, , 590d86e8-2cb4-11f1-ab67-0255ac1208c4, 33TGL_0133, ,	 109.145744, , , 0, , , , No, , , -6.981888, , , , , , , , , , , -6.981888, ce1d6700-f34d-11f0-80d8-0255ac12193b, , , , , , ,	 109.145744, , , , , , 77, , , , , , , , 0a2f4e70-768b-11f1-a223-0255ac1218db, 33TGL_0133, , true,	 1786017786111, 2026-08-06 12:03:06, e70a8cd9-e165-11f0-a9fb-0255ac121097, , , , , , , DMT, , , , , No, No, No, , 
 1ac88c88-0300-11f1-bdcd-0255ac121084, , , , , , f343d1fb-e165-11f0-90da-0255ac121938, , , , f0a18f4d-6bd2-11f1-8cac-0255ac120ff9, , , , , 25a12b59-5b4b-11f1-8fdf-0255ac12109b, DMT_PODOSUGIH, , afde0691-1797-11f1-b148-0255ac1210a3, 33PKL_0046, ,	 109.67165, , , 0, , , , No, , , -6.89915, , , , , , , , , , , -6.89915, ce1d6700-f34d-11f0-80d8-0255ac12193b, , , , , , ,	 109.67165, , , , , , 29, , , , , , , , 0a30fc3a-768b-11f1-a223-0255ac1218db, 33PKL_0046, , true,	 1786017786207, 2026-08-06 12:03:06, e70a8cd9-e165-11f0-a9fb-0255ac121097, , , , , , , DMT, , , , , No, No, No, , 
 1ac88c88-0300-11f1-bdcd-0255ac121084, , , , , , f343d1fb-e165-11f0-90da-0255ac121938, , , , f0a18f4d-6bd2-11f1-8cac-0255ac120ff9, , , , , 2554433a-5b4b-11f1-8fdf-0255ac12109b, DMT_RAYA_KLATEN_SOLO, , b3f5645d-1797-11f1-b289-0255ac12100b, 33KLN_0104, ,	 110.68749, , , 0, , , , No, , , -7.66577, , , , , , , , , , , -7.66577, ce1d6700-f34d-11f0-80d8-0255ac12193b, , , , , , ,	 110.68749, , , , , , 77, , , , , , , , 0a459505-768b-11f1-a223-0255ac1218db, 33KLN_0104, , true,	 1786017786209, 2026-08-06 12:03:06, b48c3ea5-fb2f-11f0-be90-0255ac120057, , , , , , , DMT, , , , , No, No, No, , 
 1ac88c88-0300-11f1-bdcd-0255ac121084, , , , , , f343d1fb-e165-11f0-90da-0255ac121938, , , , f0a18f4d-6bd2-11f1-8cac-0255ac120ff9, , , , , 24df61ac-5b4b-11f1-8fdf-0255ac12109b, DMT_KEBASEN_PWT, , 93d8b78c-1797-11f1-be90-0255ac120057, 33PWT_0111, ,	 109.21574, , , 0, , , , No, , , -7.53489, , , , , , , , , , , -7.53489, ce1d6700-f34d-11f0-80d8-0255ac12193b, , , , , , ,	 109.21574, , , , , , 23, , , , , , , , 0a49b432-768b-11f1-a223-0255ac1218db, 33PWT_0111, , true,	 1786017786111, 2026-08-06 12:03:06, b48c3ea5-fb2f-11f0-be90-0255ac120057, , , , , , , DMT, , , , , No, No, No, , 
 1ac88c88-0300-11f1-bdcd-0255ac121084, , , , , , f343d1fb-e165-11f0-90da-0255ac121938, , , , f0a18f4d-6bd2-11f1-8cac-0255ac120ff9, , , , , 2574eb46-5b4b-11f1-8fdf-0255ac12109b, DMT_PECANGAKAN_COMAL, , afde0691-1797-11f1-b148-0255ac1210a3, 33PML_0060, ,	 109.53894, , , 0, , , , No, , , -6.91443, , , , , , , , , , , -6.91443, ce1d6700-f34d-11f0-80d8-0255ac12193b, , , , , , ,	 109.53894, , , , , , 8, , , , , , , , 0a56ac25-768b-11f1-a223-0255ac1218db, 33PML_0060, , true,	 1786017786198, 2026-08-06 12:03:06, e70a8cd9-e165-11f0-a9fb-0255ac121097, , , , , , , DMT, , , , , No, No, No, , 
 1ac88c88-0300-11f1-bdcd-0255ac121084, , , , , , f343d1fb-e165-11f0-90da-0255ac121938, , , , f0a18f4d-6bd2-11f1-8cac-0255ac120ff9, , , , , 25a12b59-5b4b-11f1-8fdf-0255ac12109b, DMT_WALIKOTA_PEKALONGAN, , afde0691-1797-11f1-b148-0255ac1210a3, 33PKL_0062, ,	 109.66373, , , 0, , , , No, , , -6.89816, , , , , , , , , , , -6.89816, ce1d6700-f34d-11f0-80d8-0255ac12193b, , , , , , ,	 109.66373, , , , , , 1, , , , , , , , 0a802d0b-768b-11f1-a223-0255ac1218db, 33PKL_0062, , true,	 1786017786203, 2026-08-06 12:03:06, e70a8cd9-e165-11f0-a9fb-0255ac121097, , , , , , , DMT, , , , , No, No, No, , 
 1ac88c88-0300-11f1-bdcd-0255ac121084, , , , , , f343d1fb-e165-11f0-90da-0255ac121938, , , , f0a18f4d-6bd2-11f1-8cac-0255ac120ff9, , , , , 24e4dfff-5b4b-11f1-8fdf-0255ac12109b, DMT_KARANGDAMPEL_PRAPAG, , ce2b4a23-74a7-11f1-9cdd-0255ac1211fc, 33BBS_0117, ,	 108.83501, , , 0, , , , No, , , -6.82139, , , , , , , , , , , -6.82139, ce1d6700-f34d-11f0-80d8-0255ac12193b, , , , , , ,	 108.83501, , , , , , 30, , , , , , , , 0a90f65a-768b-11f1-a223-0255ac1218db, 33BBS_0117, , true,	 1786017786187, 2026-08-06 12:03:06, e70a8cd9-e165-11f0-a9fb-0255ac121097, , , , , , , DMT, , , , , No, No, No, , 
 25426cff-f362-11f0-8722-0255ac1208c5, , , , , , f343d1fb-e165-11f0-90da-0255ac121938, , , , f0a18f4d-6bd2-11f1-8cac-0255ac120ff9, , , , , 259f7da0-5b4b-11f1-8fdf-0255ac12109b, TBG_BANGILAN_PURWOREJO, , a73bf14a-1797-11f1-a4c0-0255ac12094c, 35PSN_0060, ,	 112.90703, , ," Desa Kebonsari, Kecamatan Purworejo, Kabupaten Pasuruan, Propinsi Jawa Timur", , , , No, , , -7.6464, , , , , , , , , , , -7.6464, ce1d6700-f34d-11f0-80d8-0255ac12193b, , , , , , ,	 112.90703, , , , , ,	 220, , , , , , , , 0dbe7dea-0811-11f1-a4c0-0255ac12094c, 35PSN_0060, , true,	 1786017786193, 2026-08-06 12:03:06, e703fcc2-e165-11f0-a9fb-0255ac121097, , , , , , , TBG, , , , , No, No, No, , 
 2df57184-f362-11f0-82f8-0255ac12021f, , , , , , f343d1fb-e165-11f0-90da-0255ac121938, , , , f0a18f4d-6bd2-11f1-8cac-0255ac120ff9, , , , , 7baa6b5b-f34e-11f0-a8cb-0255ac1211f7, TBG_RE_MARTADINATA_KARANG_BARU, , 47b0e452-4eb8-11f1-a63d-0255ac1203fc, 32BKS_0019, ,	 107.146, , ," Jl. Yos Sudarso No.1, Desa Karangasih RT.002 RW.004, Kec. Cikarang Utara, Kab. Bekasi Prov. Jawa Barat", , , , No, , , -6.25618, , , , , , , , , , , -6.25618, ce1d6700-f34d-11f0-80d8-0255ac12193b, , , , , , ,	 107.146, , , , , ,	 956, , , , , , , , 0dbe7deb-0811-11f1-a4c0-0255ac12094c, 32BKS_0019, , true,	 1786017786280, 2026-08-06 12:03:06, e703fcc2-e165-11f0-a9fb-0255ac121097, , , , , , , TBG, , , , , No, No, No, , 
 2df57184-f362-11f0-82f8-0255ac12021f, , , , , , f343d1fb-e165-11f0-90da-0255ac121938, , , , f0a18f4d-6bd2-11f1-8cac-0255ac120ff9, , , , , 254d8c60-5b4b-11f1-8fdf-0255ac12109b, TBG_DURENKOSAMBI, , a40cd1fc-1797-11f1-bdcd-0255ac121084, 32KWG_0001, ,	 107.373, , ," Desa Duren Dusun Kosambi 2 Timur RT.026 RW.07, Kec. Klari, Kab. Karawang Prov. Jawa Barat", , , , No, , , -6.36771, , , , , , , , , , , -6.36771, ce1d6700-f34d-11f0-80d8-0255ac12193b, , , , , , ,	 107.373, , , , , ,	 880, , , , , , , , 0dbe7dec-0811-11f1-a4c0-0255ac12094c, 32KWG_0001, , true,	 1786017786328, 2026-08-06 12:03:06, e703fcc2-e165-11f0-a9fb-0255ac121097, , , , , , , TBG, , , , , No, No, No, , 
 25426cff-f362-11f0-8722-0255ac1208c5, , , , , , f343d1fb-e165-11f0-90da-0255ac121938, , , , f0a18f4d-6bd2-11f1-8cac-0255ac120ff9, , , , , 25a2d90c-5b4b-11f1-8fdf-0255ac12109b, TBG_MAYANGAN1, , a73bf14a-1797-11f1-a4c0-0255ac12094c, 35PBL_0003, ,	 113.22136, , ," Jl. Kapten Pattimura Gg.Tanjungan No.25, Kel.Mangunharjo RT.01 RW.08 Kec.Mayangan, Kota Probolinggo Prov.Jawa Timur", , , , No, , , -7.73809, , , , , , , , , , , -7.73809, ce1d6700-f34d-11f0-80d8-0255ac12193b, , , , , , ,	 113.22136, , , , , ,	 791, , , , , , , , 0dbe7ded-0811-11f1-a4c0-0255ac12094c, 35PBL_0003, , true,	 1786017786214, 2026-08-06 12:03:06, e703fcc2-e165-11f0-a9fb-0255ac121097, , , , , , , TBG, , , , , No, No, No, , 
 25426cff-f362-11f0-8722-0255ac1208c5, , , , , , f343d1fb-e165-11f0-90da-0255ac121938, , , , f0a18f4d-6bd2-11f1-8cac-0255ac120ff9, , , , , 0f09bb51-f34e-11f0-b617-0255ac1205c2, TBG_KALISATAJUNG, , a73bf14a-1797-11f1-a4c0-0255ac12094c, 35JMR_0014, ,	 113.82103, , , Dusun Oloh RT 05 RW 08 Desa Ajung Kecamatan Kalisat  Kabupaten Jember, , , , No, , , -8.12322, , , , , , , , , , , -8.12322, ce1d6700-f34d-11f0-80d8-0255ac12193b, , , , , , ,	 113.82103, , , , , ,	 159, , , , , , , , 0dbe7dee-0811-11f1-a4c0-0255ac12094c, 35JMR_0014, , true,	 1786017786231, 2026-08-06 12:03:06, e703fcc2-e165-11f0-a9fb-0255ac121097, , , , , , , TBG, , , , , No, No, No, , 
 25426cff-f362-11f0-8722-0255ac1208c5, , , , , , f343d1fb-e165-11f0-90da-0255ac121938, , , , f0a18f4d-6bd2-11f1-8cac-0255ac120ff9, , , , , 3ac87689-f34e-11f0-8722-0255ac1208c5, TBG_PAKISAJI, , 835ac3d2-74a7-11f1-b24a-0255ac120ffd, 35MLG_0005, ,	 112.60051, , ," Jl. Pakisaji, Desa Pakisaji RT.010 RW.02 Kec.Pakisaji, Kab.Malang Prov.Jawa Timur", , , , No, , , -8.06489, , , , , , , , , , , -8.06489, ce1d6700-f34d-11f0-80d8-0255ac12193b, , , , , , ,	 112.60051, , , , , ,	 389, , , , , , , , 0dbe7def-0811-11f1-a4c0-0255ac12094c, 35MLG_0005, , true,	 1786017786329, 2026-08-06 12:03:06, e703fcc2-e165-11f0-a9fb-0255ac121097, , , , , , , TBG, , , , , No, No, No, , 
 25426cff-f362-11f0-8722-0255ac1208c5, , , , , , f343d1fb-e165-11f0-90da-0255ac121938, , , , f0a18f4d-6bd2-11f1-8cac-0255ac120ff9, , , , , 259f7da0-5b4b-11f1-8fdf-0255ac12109b, TBG_PASURUAN, , a73bf14a-1797-11f1-a4c0-0255ac12094c, 35PSN_0010, ,	 112.9157, , ," Jl. Cemara 20 RT.09/05 Kel. Bugul Lor - Bugul Kidul, Kab. Pasuruan Prov. Jawa Timur", , , , No, , , -7.64139, , , , , , , , , , , -7.64139, ce1d6700-f34d-11f0-80d8-0255ac12193b, , , , , , ,	 112.9157, , , , , ,	 630, , , , , , , , 0dbe7df0-0811-11f1-a4c0-0255ac12094c, 35PSN_0010, , true,	 1786017786316, 2026-08-06 12:03:06, e703fcc2-e165-11f0-a9fb-0255ac121097, , , , , , , TBG, , , , , No, No, No, , 
 25426cff-f362-11f0-8722-0255ac1208c5, , , , , , f343d1fb-e165-11f0-90da-0255ac121938, , , , f0a18f4d-6bd2-11f1-8cac-0255ac120ff9, , , , , 25a2d90c-5b4b-11f1-8fdf-0255ac12109b, TBG_AGUS_SALIM_MAYANGAN, , a73bf14a-1797-11f1-a4c0-0255ac12094c, 35PBL_0004, ,	 113.21049, , ," Jl. Buton, Kel.Mayangan RT.5 RW.7 Kec.Mayangan, Kota Probolinggo Prov.Jawa Timur", , , , No, , , -7.74036, , , , , , , , , , , -7.74036, ce1d6700-f34d-11f0-80d8-0255ac12193b, , , , , , ,	 113.21049, , , , , ,	 946, , , , , , , , 0dbe7df1-0811-11f1-a4c0-0255ac12094c, 35PBL_0004, , true,	 1786017786330, 2026-08-06 12:03:06, e703fcc2-e165-11f0-a9fb-0255ac121097, , , , , , , TBG, , , , , No, No, No, , 
 2df57184-f362-11f0-82f8-0255ac12021f, , , , , , f343d1fb-e165-11f0-90da-0255ac121938, , , , f0a18f4d-6bd2-11f1-8cac-0255ac120ff9, , , , , 258f50c2-5b4b-11f1-8fdf-0255ac12109b, TBG_BEKASI, , 47b0e452-4eb8-11f1-a63d-0255ac1203fc, 32BKS_0038, ,	 107.006, , ," Jl. Ir. H. Juanda, Kel. Bekasi Jaya RT.001 RW.004, Kec. Bekasi Timur, Kota Bekasi Prov. Jawa Barat", , , , No, , , -6.24278, , , , , , , , , , , -6.24278, ce1d6700-f34d-11f0-80d8-0255ac12193b, , , , , , ,	 107.006, , , , , ,	 945, , , , , , , , 0dbe7df2-0811-11f1-a4c0-0255ac12094c, 32BKS_0038, , true,	 1786017786310, 2026-08-06 12:03:06, e703fcc2-e165-11f0-a9fb-0255ac121097, , , , , , , TBG, , , , , No, No, No, , 
 2df57184-f362-11f0-82f8-0255ac12021f, , , , , , f343d1fb-e165-11f0-90da-0255ac121938, , , , f0a18f4d-6bd2-11f1-8cac-0255ac120ff9, , , , , 24ed6b96-5b4b-11f1-8fdf-0255ac12109b, TBG_ASTANAJAPURA_CIREBON, , 58ca3c25-2cb4-11f1-ab67-0255ac1208c4, 32CBN_0064, ,	 108.61404, , ," Desa Kanci Kulon Kp. Mangun RT.001 RW.002, Kec. Astanajapura, Kab. Cirebon Prov. Jawa Barat", , , , No, , , -6.78653, , , , , , , , , , , -6.78653, ce1d6700-f34d-11f0-80d8-0255ac12193b, , , , , , ,	 108.61404, , , , , ,	 546, , , , , , , , 0dbe7df3-0811-11f1-a4c0-0255ac12094c, 32CBN_0064, , true,	 1786017786323, 2026-08-06 12:03:06, e703fcc2-e165-11f0-a9fb-0255ac121097, , , , , , , TBG, , , , , No, No, No, , 
 2df57184-f362-11f0-82f8-0255ac12021f, , , , , , f343d1fb-e165-11f0-90da-0255ac121938, , , , f0a18f4d-6bd2-11f1-8cac-0255ac120ff9, , , , , 258f50c2-5b4b-11f1-8fdf-0255ac12109b, TBG_PAHLAWAN_JUANDA, , 47b0e452-4eb8-11f1-a63d-0255ac1203fc, 32BKS_0039, ,	 107.024, , ," Jl. Pahlawan Juanda, Ruko Taman Juanda Blok A1 No.1, Kec. Bekasi Timur, Kota Bekasi Prov. Jawa Barat", , , , No, , , -6.24758, , , , , , , , , , , -6.24758, ce1d6700-f34d-11f0-80d8-0255ac12193b, , , , , , ,	 107.024, , , , , ,	 878, , , , , , , , 0dbea505-0811-11f1-a4c0-0255ac12094c, 32BKS_0039, , true,	 1786017786380, 2026-08-06 12:03:06, e703fcc2-e165-11f0-a9fb-0255ac121097, , , , , , , TBG, , , , , No, No, No, , 
 2df57184-f362-11f0-82f8-0255ac12021f, , , , , , f343d1fb-e165-11f0-90da-0255ac121938, , , , f0a18f4d-6bd2-11f1-8cac-0255ac120ff9, , , , , 24f09ff3-5b4b-11f1-8fdf-0255ac12109b, TBG_KARTANEGARA_KOTAWETAN, , 9a1a95b2-1797-11f1-b470-0255ac120236, 32GRT_0009, ,	 107.913, , ," Jl. Guntur No.186, Kel. Kota Wetan RT.001 RW.006, Kec. Garut Kota, Kab. Garut Prov. Jawa Barat", , , , No, , , -7.21392, , , , , , , , , , , -7.21392, ce1d6700-f34d-11f0-80d8-0255ac12193b, , , , , , ,	 107.913, , , , , ,	 766, , , , , , , , 0dbea506-0811-11f1-a4c0-0255ac12094c, 32GRT_0009, , true,	 1786017786377, 2026-08-06 12:03:06, e703fcc2-e165-11f0-a9fb-0255ac121097, , , , , , , TBG, , , , , No, No, No, , 
 2df57184-f362-11f0-82f8-0255ac12021f, , , , , , f343d1fb-e165-11f0-90da-0255ac121938, , , , f0a18f4d-6bd2-11f1-8cac-0255ac120ff9, , , , , 24f09ff3-5b4b-11f1-8fdf-0255ac12109b, TBG_KADUNGORA, , 9a1a95b2-1797-11f1-b470-0255ac120236, 32GRT_0005, ,	 107.901, , ," Desa Kadungora Kp. Cigunung Agung RT.02 RW.06, Kec. Kadungora, Kab. Garut Prov. Jawa Barat", , , , No, , , -7.078, , , , , , , , , , , -7.078, ce1d6700-f34d-11f0-80d8-0255ac12193b, , , , , , ,	 107.901, , , , , ,	 327, , , , , , , , 0dbea507-0811-11f1-a4c0-0255ac12094c, 32GRT_0005, , true,	 1786017786607, 2026-08-06 12:03:06, e703fcc2-e165-11f0-a9fb-0255ac121097, , , , , , , TBG, , , , , No, No, No, , 
 25426cff-f362-11f0-8722-0255ac1208c5, , , , , , f343d1fb-e165-11f0-90da-0255ac121938, , , , f0a18f4d-6bd2-11f1-8cac-0255ac120ff9, , , , , 3ac87689-f34e-11f0-8722-0255ac1208c5, TBG_KEPANJEN, , 835ac3d2-74a7-11f1-b24a-0255ac120ffd, 35MLG_0004, ,	 112.5723, , ," Jl. A. Yani No.8, Kel.Adirejo RT.03 RW.01 Kec.Kepanjen, Kab.Malang Prov.Jawa Timur", , , , No, , , -8.12684, , , , , , , , , , , -8.12684, ce1d6700-f34d-11f0-80d8-0255ac12193b, , , , , , ,	 112.5723, , , , , ,	 797, , , , , , , , 0dbea508-0811-11f1-a4c0-0255ac12094c, 35MLG_0004, , true,	 1786017786414, 2026-08-06 12:03:06, e703fcc2-e165-11f0-a9fb-0255ac121097, , , , , , , TBG, , , , , No, No, No, , 
 2df57184-f362-11f0-82f8-0255ac12021f, , , , , , f343d1fb-e165-11f0-90da-0255ac121938, , , , f0a18f4d-6bd2-11f1-8cac-0255ac120ff9, , , , , 258f50c2-5b4b-11f1-8fdf-0255ac12109b, TBG_NUSANTARA_DURENJAYA, , 47b0e452-4eb8-11f1-a63d-0255ac1203fc, 32BKS_0183, ,	 107.02646, , , Jalan Kampung Cerewed RT 001 RW 007 Ke. Duren Jaya Kec. Bekasi Timur Kota Bekasi Jawa Barat, , , , No, , , -6.2366, , , , , , , , , , , -6.2366, ce1d6700-f34d-11f0-80d8-0255ac12193b, , , , , , ,	 107.02646, , , , , ,	 934, , , , , , , , 0dbecc19-0811-11f1-a4c0-0255ac12094c, 32BKS_0183, , true,	 1786017786328, 2026-08-06 12:03:06, e703fcc2-e165-11f0-a9fb-0255ac121097, , , , , , , TBG, , , , , No, No, No, , 
 25426cff-f362-11f0-8722-0255ac1208c5, , , , , , f343d1fb-e165-11f0-90da-0255ac121938, , , , f0a18f4d-6bd2-11f1-8cac-0255ac120ff9, , , , , 413b289d-f34e-11f0-9ab3-0255ac1205b4, IBS KUNINGAN BLITAR, , 835ac3d2-74a7-11f1-b24a-0255ac120ffd, BLT0001, ,	 112.18138, , ," Desa Kuningan Dusun Kuningan RT.001 RW.003 Kec.Kanigoro, Kab.Blitar Prov.Jawa Timur", , , , No, , , -8.11283, , , , , , , , , , , -8.11283, ce1d6700-f34d-11f0-80d8-0255ac12193b, , , , , , ,	 112.18138, , , , , ,	 347, , , , , , , , 0dc5f7c8-0811-11f1-a4c0-0255ac12094c, BLT0001, , true,	 1786017786419, 2026-08-06 12:03:06, e703fcc2-e165-11f0-a9fb-0255ac121097, , , , , , , TBG, , , , , No, No, No, , 
 25426cff-f362-11f0-8722-0255ac1208c5, , , , , , f343d1fb-e165-11f0-90da-0255ac121938, , , , f0a18f4d-6bd2-11f1-8cac-0255ac120ff9, , , , , 46fb2d0a-f34e-11f0-b679-0255ac1211e3, KALIGUNG, , 479e1f50-4eb8-11f1-a63d-0255ac1203fc, BYW0003, ,	 114.30006, , ," Jl. KH Hasyim Asyari, Komp. Perguruan Muhammadiyah, RT.03 RW.05 Dusun Rogohampi Utara Desa Rogojampi Kec. Rogojampi, Kab. Banyuwangi Prov. Jawa Timur", , , , No, , , -8.30766, , , , , , , , , , , -8.30766, ce1d6700-f34d-11f0-80d8-0255ac12193b, , , , , , ,	 114.30006, , , , , ,	 392, , , , , , , , 0dc5f7c9-0811-11f1-a4c0-0255ac12094c, BYW0003, , true,	 1786017786422, 2026-08-06 12:03:06, e703fcc2-e165-11f0-a9fb-0255ac121097, , , , , , , TBG, , , , , No, No, No, , 
 25426cff-f362-11f0-8722-0255ac1208c5, , , , , , f343d1fb-e165-11f0-90da-0255ac121938, , , , f0a18f4d-6bd2-11f1-8cac-0255ac120ff9, , , , , 254a57fc-5b4b-11f1-8fdf-0255ac12109b, IBS GF MUSTAJI/PETERONGAN, , eea6dfb1-74a7-11f1-9425-0255ac12100a, JBG0001, ,	 112.26026, , ," Desa Kepuh Kembang Dusun Jajar Kepuh Kembang, RT.05 RW.05  Kec.Peterongan, Kab.Jombang Prov.Jawa Timur", , , , No, , , -7.53338, , , , , , , , , , , -7.53338, ce1d6700-f34d-11f0-80d8-0255ac12193b, , , , , , ,	 112.26026, , , , , ,	 680, , , , , , , , 0dc61eda-0811-11f1-a4c0-0255ac12094c, JBG0001, , true,	 1786017786535, 2026-08-06 12:03:06, e703fcc2-e165-11f0-a9fb-0255ac121097, , , , , , , TBG, , , , , No, No, No, , 
 25426cff-f362-11f0-8722-0255ac1208c5, , , , , , f343d1fb-e165-11f0-90da-0255ac121938, , , , f0a18f4d-6bd2-11f1-8cac-0255ac120ff9, , , , , 036a92c2-f34e-11f0-bb3c-0255ac12003a, IBS TRUNOJOYO, , 58aaf430-2cb4-11f1-ab67-0255ac1208c4, BJN0001, ,	 111.879175, , ," Jl. Ade Irma Suryani, Kel.Sumbang RT.04 RW.02 Kec.Bojonegoro, Kab.Bojonegoro Prov.Jawa Timur", , , , No, , , -7.15577, , , , , , , , , , , -7.15577, ce1d6700-f34d-11f0-80d8-0255ac12193b, , , , , , ,	 111.879175, , , , , ,	 965, , , , , , , , 0dc61edc-0811-11f1-a4c0-0255ac12094c, BJN0001, , true,	 1786017786425, 2026-08-06 12:03:06, e703fcc2-e165-11f0-a9fb-0255ac121097, , , , , , , TBG, , , , , No, No, No, , 
 25426cff-f362-11f0-8722-0255ac1208c5, , , , , , f343d1fb-e165-11f0-90da-0255ac121938, , , , f0a18f4d-6bd2-11f1-8cac-0255ac120ff9, , , , , 46fb2d0a-f34e-11f0-b679-0255ac1211e3, IBS ROGO JAMPI, , 479e1f50-4eb8-11f1-a63d-0255ac1203fc, BYW0001, ,	 114.28653, , ," Desa Lemahbangdewo, Kec. Rogojampi, Kab. Banyuwangi, Prov. Jawa Timur.", , , , No, , , -8.31181, , , , , , , , , , , -8.31181, ce1d6700-f34d-11f0-80d8-0255ac12193b, , , , , , ,	 114.28653, , , , , ,	 322, , , , , , , , 0dc61edf-0811-11f1-a4c0-0255ac12094c, BYW0001, , true,	 1786017786424, 2026-08-06 12:03:06, e703fcc2-e165-11f0-a9fb-0255ac121097, , , , , , , TBG, , , , , No, No, No, , 
 25426cff-f362-11f0-8722-0255ac1208c5, , , , , , f343d1fb-e165-11f0-90da-0255ac121938, , , , f0a18f4d-6bd2-11f1-8cac-0255ac120ff9, , , , , 46fb2d0a-f34e-11f0-b679-0255ac1211e3, IBS KALIBARU, , 479e1f50-4eb8-11f1-a63d-0255ac1203fc, BYW0002, ,	 113.98672, , ," Desa Kalibaru Wetan Dusun Krajan RT.002 RW.014 Kec.Kalibaru, Kab.Banyuwangi Prov.Jawa Timur", , , , No, , , -8.29262, , , , , , , , , , , -8.29262, ce1d6700-f34d-11f0-80d8-0255ac12193b, , , , , , ,	 113.98672, , , , , ,	 655, , , , , , , , 0dc61ee0-0811-11f1-a4c0-0255ac12094c, BYW0002, , true,	 1786017786552, 2026-08-06 12:03:06, e703fcc2-e165-11f0-a9fb-0255ac121097, , , , , , , TBG, , , , , No, No, No, , 
 25426cff-f362-11f0-8722-0255ac1208c5, , , , , , f343d1fb-e165-11f0-90da-0255ac121938, , , , f0a18f4d-6bd2-11f1-8cac-0255ac120ff9, , , , , 413b289d-f34e-11f0-9ab3-0255ac1205b4, JIWUT, , 835ac3d2-74a7-11f1-b24a-0255ac120ffd, BLT0002, ,	 112.20408, , ," Desa Jiwut Dusun Klampok RT.03 RW.06 Kec.Nglegok, Kab.Blitar Prov.Jawa Timur", , , , No, , , -8.05439, , , , , , , , , , , -8.05439, ce1d6700-f34d-11f0-80d8-0255ac12193b, , , , , , ,	 112.20408, , , , , ,	 205, , , , , , , , 0dc61ee1-0811-11f1-a4c0-0255ac12094c, BLT0002, , true,	 1786017786541, 2026-08-06 12:03:06, e703fcc2-e165-11f0-a9fb-0255ac121097, , , , , , , TBG, , , , , No, No, No, , 
 25426cff-f362-11f0-8722-0255ac1208c5, , , , , , f343d1fb-e165-11f0-90da-0255ac121938, , , , f0a18f4d-6bd2-11f1-8cac-0255ac120ff9, , , , , 036a92c2-f34e-11f0-bb3c-0255ac12003a, IBS BOJONEGORO, , 58aaf430-2cb4-11f1-ab67-0255ac1208c4, BJN0002, ,	 111.8867683, , ," Jl. Sawunggaling 57A, Kel.Kaditapen RT.002 RW.001 Kec.Bojonegoro, Kab.Bojonegoro Prov.Jawa Timur", , , , No, , , -7.15906, , , , , , , , , , , -7.15906, ce1d6700-f34d-11f0-80d8-0255ac12193b, , , , , , ,	 111.8867683, , , , , ,	 998, , , , , , , , 0dc66d0b-0811-11f1-a4c0-0255ac12094c, BJN0002, , true,	 1786017786549, 2026-08-06 12:03:06, e703fcc2-e165-11f0-a9fb-0255ac121097, , , , , , , TBG, , , , , No, No, No, , 
 25426cff-f362-11f0-8722-0255ac1208c5, , , , , , f343d1fb-e165-11f0-90da-0255ac121938, , , , f0a18f4d-6bd2-11f1-8cac-0255ac120ff9, , , , , 0f09bb51-f34e-11f0-b617-0255ac1205c2, MANGLI, , a73bf14a-1797-11f1-a4c0-0255ac12094c, JMR0001, ,	 113.64964, , ," Jl. Krajan Tanjung RT 02 RW 05, Kel. Mangli Kec. Kaliwates, Kab. Jember Prov. Jawa Timur", , , , No, , , -8.18783, , , , , , , , , , , -8.18783, ce1d6700-f34d-11f0-80d8-0255ac12193b, , , , , , ,	 113.64964, , , , , ,	 943, , , , , , , , 0dc66d0d-0811-11f1-a4c0-0255ac12094c, JMR0001, , true,	 1786017786681, 2026-08-06 12:03:06, e703fcc2-e165-11f0-a9fb-0255ac121097, , , , , , , TBG, , , , , No, No, No, , 
 25426cff-f362-11f0-8722-0255ac1208c5, , , , , , f343d1fb-e165-11f0-90da-0255ac121938, , , , f0a18f4d-6bd2-11f1-8cac-0255ac120ff9, , , , , 0f09bb51-f34e-11f0-b617-0255ac1205c2, IBS BANGSAL, , a73bf14a-1797-11f1-a4c0-0255ac12094c, JMR0002, ,	 113.5346458, , ," Jl. Lokal, Desa Bangsalsari Kec.Bangsalsari, Kab.Jember Prov.Jawa Timur", , , , No, , , -8.19892, , , , , , , , , , , -8.19892, ce1d6700-f34d-11f0-80d8-0255ac12193b, , , , , , ,	 113.5346458, , , , , ,	 611, , , , , , , , 0dc6bb2e-0811-11f1-a4c0-0255ac12094c, JMR0002, , true,	 1786017786590, 2026-08-06 12:03:06, e703fcc2-e165-11f0-a9fb-0255ac121097, , , , , , , TBG, , , , , No, No, No, , 
 25426cff-f362-11f0-8722-0255ac1208c5, , , , , , f343d1fb-e165-11f0-90da-0255ac121938, , , , f0a18f4d-6bd2-11f1-8cac-0255ac120ff9, , , , , 0f09bb51-f34e-11f0-b617-0255ac1205c2, BARATAN, , a73bf14a-1797-11f1-a4c0-0255ac12094c, JMR0003, ,	 113.74468, , ," Jl. Supriadi, Desa Patemon RT.01 RW.IV Kec. Pakusari, Kab.Jember Prov.Jawa Timur", , , , No, , , -8.12467, , , , , , , , , , , -8.12467, ce1d6700-f34d-11f0-80d8-0255ac12193b, , , , , , ,	 113.74468, , , , , ,	 211, , , , , , , , 0dc73061-0811-11f1-a4c0-0255ac12094c, JMR0003, , true,	 1786017786708, 2026-08-06 12:03:06, e703fcc2-e165-11f0-a9fb-0255ac121097, , , , , , , TBG, , , , , No, No, No, , 
 25426cff-f362-11f0-8722-0255ac1208c5, , , , , , f343d1fb-e165-11f0-90da-0255ac121938, , , , f0a18f4d-6bd2-11f1-8cac-0255ac120ff9, , , , , fe211e91-f34d-11f0-b617-0255ac1205c2, TBG_BABAT_LAMONGAN, , 58aaf430-2cb4-11f1-ab67-0255ac1208c4, LMG0001, ,	 112.17333, , ," Jl. Sumowiharjo Kec.Babat, Kab.Lamongan Prov.Jawa Timur", , , , No, , , -7.1054, , , , , , , , , , , -7.1054, ce1d6700-f34d-11f0-80d8-0255ac12193b, , , , , , ,	 112.17333, , , , , ,	 516, , , , , , , , 0dc73062-0811-11f1-a4c0-0255ac12094c, LMG0001, , true,	 1786017786774, 2026-08-06 12:03:06, e703fcc2-e165-11f0-a9fb-0255ac121097, , , , , , , TBG, , , , , No, No, No, , 
 25426cff-f362-11f0-8722-0255ac1208c5, , , , , , f343d1fb-e165-11f0-90da-0255ac121938, , , , f0a18f4d-6bd2-11f1-8cac-0255ac120ff9, , , , , 3ac87689-f34e-11f0-8722-0255ac1208c5, PAKISAJI, , 835ac3d2-74a7-11f1-b24a-0255ac120ffd, MLG0001, ,	 112.59594, , ," Jl. Sidomulyo IV, Desa Wandanpuro RT.32 RW.09 Kec.Bululawang, Kab.Malang Prov.Jawa Timur", , , , No, , , -8.07212, , , , , , , , , , , -8.07212, ce1d6700-f34d-11f0-80d8-0255ac12193b, , , , , , ,	 112.59594, , , , , ,	 449, , , , , , , , 0dcab268-0811-11f1-a4c0-0255ac12094c, MLG0001, , true,	 1786017786705, 2026-08-06 12:03:06, e703fcc2-e165-11f0-a9fb-0255ac121097, , , , , , , TBG, , , , , No, No, No, , 
 25426cff-f362-11f0-8722-0255ac1208c5, , , , , , f343d1fb-e165-11f0-90da-0255ac121938, , , , f0a18f4d-6bd2-11f1-8cac-0255ac120ff9, , , , , 3ac87689-f34e-11f0-8722-0255ac1208c5, AdiMulya, , 835ac3d2-74a7-11f1-b24a-0255ac120ffd, MLG0002, ,	 112.58356, , ," Kel.Ardirejo Dusun Adikurnia RT.04 RW.03 Kec.Kepanjen, Kab.Malang Prov.Jawa Timur", , , , No, , , -8.13311, , , , , , , , , , , -8.13311, ce1d6700-f34d-11f0-80d8-0255ac12193b, , , , , , ,	 112.58356, , , , , ,	 503, , , , , , , , 0dcbc40a-0811-11f1-a4c0-0255ac12094c, MLG0002, , true,	 1786017786685, 2026-08-06 12:03:06, e703fcc2-e165-11f0-a9fb-0255ac121097, , , , , , , TBG, , , , , No, No, No, , 
 25426cff-f362-11f0-8722-0255ac1208c5, , , , , , f343d1fb-e165-11f0-90da-0255ac121938, , , , f0a18f4d-6bd2-11f1-8cac-0255ac120ff9, , , , , 344c00e0-f34e-11f0-b679-0255ac1211e3, Gringging ngawi, , acf2ce12-1797-11f1-9066-0255ac121cb3, NGW0002, ,	 111.13781, , ," Desa Kedungharjo-Kedungombo RT.24 RW.04 Kec.Mantingan, Kab.Ngawi Prov.Jawa Timur", , , , No, , , -7.39086, , , , , , , , , , , -7.39086, ce1d6700-f34d-11f0-80d8-0255ac12193b, , , , , , ,	 111.13781, , , , , ,	 182, , , , , , , , 0dcbc40c-0811-11f1-a4c0-0255ac12094c, NGW0002, , true,	 1786017786821, 2026-08-06 12:03:06, e703fcc2-e165-11f0-a9fb-0255ac121097, , , , , , , TBG, , , , , No, No, No, , 
 25426cff-f362-11f0-8722-0255ac1208c5, , , , , , f343d1fb-e165-11f0-90da-0255ac121938, , , , f0a18f4d-6bd2-11f1-8cac-0255ac120ff9, , , , , 581ba28d-f34e-11f0-a8cb-0255ac1211f7, IBS KERSIKAN, , 9d3fcabe-1797-11f1-8d29-0255ac1218e4, PSN0003, ,	 112.78932, , ," Jl. Kemaden, Kel.Kersikan RT.02 RW.01 Kec.Bangil, Kab.Pasuruan Prov.Jawa Timur", , , , No, , , -7.59351, , , , , , , , , , , -7.59351, ce1d6700-f34d-11f0-80d8-0255ac12193b, , , , , , ,	 112.78932, , , , , ,	 389, , , , , , , , 0dcbeb1f-0811-11f1-a4c0-0255ac12094c, PSN0003, , true,	 1786017786729, 2026-08-06 12:03:06, e703fcc2-e165-11f0-a9fb-0255ac121097, , , , , , , TBG, , , , , No, No, No, , 
 25426cff-f362-11f0-8722-0255ac1208c5, , , , , , f343d1fb-e165-11f0-90da-0255ac121938, , , , f0a18f4d-6bd2-11f1-8cac-0255ac120ff9, , , , , 4c39cbb3-f34e-11f0-8246-0255ac120944, TONGASWETAN, , a73bf14a-1797-11f1-a4c0-0255ac12094c, PBL0001, ,	 113.11877, , ," Jl. Raya Bungun, Desa Dungun, Kec. Tongas, Kab. Probolinggo, Prov. Jawa Timur", , , , No, , , -7.73605, , , , , , , , , , , -7.73605, ce1d6700-f34d-11f0-80d8-0255ac12193b, , , , , , ,	 113.11877, , , , , ,	 461, , , , , , , , 0dcbeb21-0811-11f1-a4c0-0255ac12094c, PBL0001, , true,	 1786017786728, 2026-08-06 12:03:06, e703fcc2-e165-11f0-a9fb-0255ac121097, , , , , , , TBG, , , , , No, No, No, , 
 25426cff-f362-11f0-8722-0255ac1208c5, , , , , , f343d1fb-e165-11f0-90da-0255ac121938, , , , f0a18f4d-6bd2-11f1-8cac-0255ac120ff9, , , , , 51cdb63a-f34e-11f0-8246-0255ac120944, DCS_NGANJUK_KOTA2, , eea6dfb1-74a7-11f1-9425-0255ac12100a, NJK0003, ,	 111.9063, , ," Jl. Widas 1, Ds. Begadung RT04 RW03 Kec. Nganjuk, Kab. Nganjuk Prov. Jawa Timur", , , , No, , , -7.57704, , , , , , , , , , , -7.57704, ce1d6700-f34d-11f0-80d8-0255ac12193b, , , , , , ,	 111.9063, , , , , ,	 278, , , , , , , , 0dcbeb22-0811-11f1-a4c0-0255ac12094c, NJK0003, , true,	 1786017786734, 2026-08-06 12:03:06, e703fcc2-e165-11f0-a9fb-0255ac121097, , , , , , , TBG, , , , , No, No, No, , 
 25426cff-f362-11f0-8722-0255ac1208c5, , , , , , f343d1fb-e165-11f0-90da-0255ac121938, , , , f0a18f4d-6bd2-11f1-8cac-0255ac120ff9, , , , , 344c00e0-f34e-11f0-b679-0255ac1211e3, KEDUNG GALAR NGAWI, , acf2ce12-1797-11f1-9066-0255ac121cb3, NGW0001, ,	 111.30735, , ," Jl. Ronggowarsito, Desa Kedunggalar RT.01 RW.07 Kec.Kedunggalar, Kab.Ngawi Prov.Jawa Timur", , , , No, , , -7.42098, , , , , , , , , , , -7.42098, ce1d6700-f34d-11f0-80d8-0255ac12193b, , , , , , ,	 111.30735, , , , , ,	 246, , , , , , , , 0dcc1236-0811-11f1-a4c0-0255ac12094c, NGW0001, , true,	 1786017786788, 2026-08-06 12:03:06, e703fcc2-e165-11f0-a9fb-0255ac121097, , , , , , , TBG, , , , , No, No, No, , 
 25426cff-f362-11f0-8722-0255ac1208c5, , , , , , f343d1fb-e165-11f0-90da-0255ac121938, , , , f0a18f4d-6bd2-11f1-8cac-0255ac120ff9, , , , , 0980097b-f34e-11f0-80d8-0255ac12193b, PILANG, , 9784a8b3-1797-11f1-8e49-0255ac121206, SDA0005, ,	 112.64722, , ," Jl. Raya Panar, Desa Modong RT.02 RW.03 Kec.Tulangan, Kab.Sidoarjo Prov.Jawa Timur", , , , No, , , -7.45556, , , , , , , , , , , -7.45556, ce1d6700-f34d-11f0-80d8-0255ac12193b, , , , , , ,	 112.64722, , , , , ,	 813, , , , , , , , 0dcc1237-0811-11f1-a4c0-0255ac12094c, SDA0005, , true,	 1786017786724, 2026-08-06 12:03:06, e703fcc2-e165-11f0-a9fb-0255ac121097, , , , , , , TBG, , , , , No, No, No, , 
 25426cff-f362-11f0-8722-0255ac1208c5, , , , , , f343d1fb-e165-11f0-90da-0255ac121938, , , , f0a18f4d-6bd2-11f1-8cac-0255ac120ff9, , , , , 0980097b-f34e-11f0-80d8-0255ac12193b, TULANGAN 3, , 9784a8b3-1797-11f1-8e49-0255ac121206, SDA0004, ,	 112.64624, , ," Desa Kepadangan RT.08 RW.03 Kec.Tulangan, Kab.Sidoarjo Prov.Jawa Timur", , , , No, , , -7.48017, , , , , , , , , , , -7.48017, ce1d6700-f34d-11f0-80d8-0255ac12193b, , , , , , ,	 112.64624, , , , , ,	 631, , , , , , , , 0dcc3948-0811-11f1-a4c0-0255ac12094c, SDA0004, , true,	 1786017786713, 2026-08-06 12:03:06, e703fcc2-e165-11f0-a9fb-0255ac121097, , , , , , , TBG, , , , , No, No, No, , 
 25426cff-f362-11f0-8722-0255ac1208c5, , , , , , f343d1fb-e165-11f0-90da-0255ac121938, , , , f0a18f4d-6bd2-11f1-8cac-0255ac120ff9, , , , , 51cdb63a-f34e-11f0-8246-0255ac120944, PANGSUD NGANJUK, , eea6dfb1-74a7-11f1-9425-0255ac12100a, NJK0001, ,	 111.91511, , ," Jl. Raya Panglima Sudirman, RT.005 RW.005 Dukuh Kedung Dandang Desa Mangundikaran Kec. Nganjuk, Kab. Nganjuk Prov. Jawa Timur", , , , No, , , -7.59899, , , , , , , , , , , -7.59899, ce1d6700-f34d-11f0-80d8-0255ac12193b, , , , , , ,	 111.91511, , , , , ,	 395, , , , , , , , 0dcc3949-0811-11f1-a4c0-0255ac12094c, NJK0001, , true,	 1786017786718, 2026-08-06 12:03:06, e703fcc2-e165-11f0-a9fb-0255ac121097, , , , , , , PKP, , , , , No, No, No, , 
 25426cff-f362-11f0-8722-0255ac1208c5, , , , , , f343d1fb-e165-11f0-90da-0255ac121938, , , , f0a18f4d-6bd2-11f1-8cac-0255ac120ff9, , , , , 0980097b-f34e-11f0-80d8-0255ac12193b, SIDOARJO RELOCATION, , 9784a8b3-1797-11f1-8e49-0255ac121206, SDA0003, ,	 112.712194, , , Lemahputro RT. 009 RW. 002 Kel. Lemahputro Kec. Sidoarjo Kab. Sidoarjo Prov. Jawa Timur, , , , No, , , -7.457417, , , , , , , , , , , -7.457417, ce1d6700-f34d-11f0-80d8-0255ac12193b, , , , , , ,	 112.712194, , , , , ,	 4472, , , , , , , , 0dcc394d-0811-11f1-a4c0-0255ac12094c, SDA0003, , true,	 1786017786721, 2026-08-06 12:03:06, e703fcc2-e165-11f0-a9fb-0255ac121097, , , , , , , TBG, , , , , No, No, No, , 
 25426cff-f362-11f0-8722-0255ac1208c5, , , , , , f343d1fb-e165-11f0-90da-0255ac121938, , , , f0a18f4d-6bd2-11f1-8cac-0255ac120ff9, , , , , 0980097b-f34e-11f0-80d8-0255ac12193b, TROSOBO, , 9784a8b3-1797-11f1-8e49-0255ac121206, SDA0001, ,	 112.62984, , ," Desa Trosobo Dusun Sidorogo Rt.5 Rw.5 Kec.Taman, Kab.Sidoarjo Prov.Jawa Timur", , , , No, , , -7.37854, , , , , , , , , , , -7.37854, ce1d6700-f34d-11f0-80d8-0255ac12193b, , , , , , ,	 112.62984, , , , , ,	 606, , , , , , , , 0dcc605e-0811-11f1-a4c0-0255ac12094c, SDA0001, , true,	 1786017786719, 2026-08-06 12:03:06, e703fcc2-e165-11f0-a9fb-0255ac121097, , , , , , , TBG, , , , , No, No, No, , 
 2df57184-f362-11f0-82f8-0255ac12021f, , , , , , f343d1fb-e165-11f0-90da-0255ac121938, , , , f0a18f4d-6bd2-11f1-8cac-0255ac120ff9, , , , , 24f09ff3-5b4b-11f1-8fdf-0255ac12109b, TBG_JLN_CILEDUG, , 9a1a95b2-1797-11f1-b470-0255ac120236, 32GRT_0032, ,	 107.90672, , ," Kel. Regol Gg. Pasir RT.03 RW.11, Kec. Garut Kota, Kab. Garut Prov. Jawa Barat", , , , No, , , -7.21997, , , , , , , , , , , -7.21997, ce1d6700-f34d-11f0-80d8-0255ac12193b, , , , , , ,	 107.90672, , , , , ,	 513, , , , , , , , 0dcc605f-0811-11f1-a4c0-0255ac12094c, 32GRT_0032, , true,	 1786017787085, 2026-08-06 12:03:07, e703fcc2-e165-11f0-a9fb-0255ac121097, , , , , , , TBG, , , , , No, No, No, , 
 2df57184-f362-11f0-82f8-0255ac12021f, , , , , , f343d1fb-e165-11f0-90da-0255ac121938, , , , f0a18f4d-6bd2-11f1-8cac-0255ac120ff9, , , , , 24f09ff3-5b4b-11f1-8fdf-0255ac12109b, TBG_KADONGORA, , 9a1a95b2-1797-11f1-b470-0255ac120236, 32GRT_0034, ,	 107.89397, , ," Blok Batu Lawang RT 06 RW 09, Kelurahan Telagasari, Kecamatan Kadungora, Kabupaten Garut, Provinsi Jawa Barat", , , , No, , , -7.09079, , , , , , , , , , , -7.09079, ce1d6700-f34d-11f0-80d8-0255ac12193b, , , , , , ,	 107.89397, , , , , ,	 424, , , , , , , , 0dcc6060-0811-11f1-a4c0-0255ac12094c, 32GRT_0034, , true,	 1786017786834, 2026-08-06 12:03:06, e703fcc2-e165-11f0-a9fb-0255ac121097, , , , , , , TBG, , , , , No, No, No, , 
 25426cff-f362-11f0-8722-0255ac1208c5, , , , , , f343d1fb-e165-11f0-90da-0255ac121938, , , , f0a18f4d-6bd2-11f1-8cac-0255ac120ff9, , , , , 581ba28d-f34e-11f0-a8cb-0255ac1211f7, TAMBAKAN, , 9d3fcabe-1797-11f1-8d29-0255ac1218e4, PSN0004, ,	 112.77133, , ," Jl. Patimura No.1, Kel.Pagak RT.01 RW.01 Kec.Beji, Kab.Pasuruan Prov.Jawa Timur", , , , No, , , -7.59471, , , , , , , , , , , -7.59471, ce1d6700-f34d-11f0-80d8-0255ac12193b, , , , , , ,	 112.77133, , , , , ,	 236, , , , , , , , 0dcc8777-0811-11f1-a4c0-0255ac12094c, PSN0004, , true,	 1786017786825, 2026-08-06 12:03:06, e703fcc2-e165-11f0-a9fb-0255ac121097, , , , , , , TBG, , , , , No, No, No, , 
 25426cff-f362-11f0-8722-0255ac1208c5, , , , , , f343d1fb-e165-11f0-90da-0255ac121938, , , , f0a18f4d-6bd2-11f1-8cac-0255ac120ff9, , , , , 51cdb63a-f34e-11f0-8246-0255ac120944, karang tengah nganjuk, , eea6dfb1-74a7-11f1-9425-0255ac12100a, NJK0002, ,	 111.86372, , ," Desa Selorejo Dsn.Ngrombot RT.09 RW.04 Kec.Bagor, Kab.Nganjuk Prov.Jawa Timur", , , , No, , , -7.57695, , , , , , , , , , , -7.57695, ce1d6700-f34d-11f0-80d8-0255ac12193b, , , , , , ,	 111.86372, , , , , ,	 217, , , , , , , , 0dcc8778-0811-11f1-a4c0-0255ac12094c, NJK0002, , true,	 1786017786817, 2026-08-06 12:03:06, e703fcc2-e165-11f0-a9fb-0255ac121097, , , , , , , TBG, , , , , No, No, No, , 
 2df57184-f362-11f0-82f8-0255ac12021f, , , , , , f343d1fb-e165-11f0-90da-0255ac121938, , , , f0a18f4d-6bd2-11f1-8cac-0255ac120ff9, , , , , 254d8c60-5b4b-11f1-8fdf-0255ac12109b, TBG_KARANG_PAWITAN, , a40cd1fc-1797-11f1-bdcd-0255ac121084, 32KWG_0038, ,	 107.29992, , ," Jl. Ahmad Yani No.71, KeL. Karangpawitan RT.04 RW.012 Kec. Karawang Barat, Kab. Karawang Prov. Jawa Barat", , , , No, , , -6.29908, , , , , , , , , , , -6.29908, ce1d6700-f34d-11f0-80d8-0255ac12193b, , , , , , ,	 107.29992, , , , , ,	 1116, , , , , , , , 0dccae8a-0811-11f1-a4c0-0255ac12094c, 32KWG_0038, , true,	 1786017786900, 2026-08-06 12:03:06, e703fcc2-e165-11f0-a9fb-0255ac121097, , , , , , , TBG, , , , , No, No, No, , 
 25426cff-f362-11f0-8722-0255ac1208c5, , , , , , f343d1fb-e165-11f0-90da-0255ac121938, , , , f0a18f4d-6bd2-11f1-8cac-0255ac120ff9, , , , , 14ec6276-f34e-11f0-9622-0255ac120228, TBG_BARAT_MAGETAN, , acf2ce12-1797-11f1-9066-0255ac121cb3, MGT0001, ,	 111.45343, , ," Kel.Tebon RT.02 RW.01 Kec.Barat, Kab.Magetan Prov.Jawa Timur", , , , No, , , -7.56218, , , , , , , , , , , -7.56218, ce1d6700-f34d-11f0-80d8-0255ac12193b, , , , , , ,	 111.45343, , , , , ,	 291, , , , , , , , 0dd057db-0811-11f1-a4c0-0255ac12094c, MGT0001, , true,	 1786017787084, 2026-08-06 12:03:06, e703fcc2-e165-11f0-a9fb-0255ac121097, , , , , , , TBG, , , , , No, No, No, , 
 2df57184-f362-11f0-82f8-0255ac12021f, , , , , , f343d1fb-e165-11f0-90da-0255ac121938, , , , f0a18f4d-6bd2-11f1-8cac-0255ac120ff9, , , g84386888, , 7685bc47-f34e-11f0-8acc-0255ac121003, TBG_SETAPAK_BOJONGGEDE, , 47b59f59-4eb8-11f1-a63d-0255ac1203fc, 32BGR_0015, ,	 106.796, , ," Kp. Kelapa Dua RT.001/RW.002 Kel.Bojong Gede, Kec.Bojong Gede, Kab. Bogor Prov. Jawa Barat", , , , No, , , -6.49381, , , , 2026-02-23 05:10:05, , , , , , , -6.49381, ce1d6700-f34d-11f0-80d8-0255ac12193b, , , , , , ,	 106.796, , , , , ,	 1149, , , , , , , , 0dd0f466-0811-11f1-a4c0-0255ac12094c, 32BGR_0015, , true,	 1786017786916, 2026-08-06 12:03:06, e703fcc2-e165-11f0-a9fb-0255ac121097, , , , , , , TBG, , , , , No, No, No, , 
 25426cff-f362-11f0-8722-0255ac1208c5, , , , , , f343d1fb-e165-11f0-90da-0255ac121938, , , , f0a18f4d-6bd2-11f1-8cac-0255ac120ff9, , , , , 581ba28d-f34e-11f0-a8cb-0255ac1211f7, TBG_GRATI_PASURUAN_2, , a73bf14a-1797-11f1-a4c0-0255ac12094c, 35PSN_0063, ,	 113.0159, , ," Desa Sumberdawesari Dusun Brandong RT.02 RW.02 Kec.Grati, Kab.Pasuruan Prov.Jawa Timur", , , , No, , , -7.72106, , , , , , , , , , , -7.72106, ce1d6700-f34d-11f0-80d8-0255ac12193b, , , , , , ,	 113.0159, , , , , ,	 903, , , , , , , , 0f372e09-1092-11f1-bdcd-0255ac121084, 35PSN_0063, , true,	 1786017786990, 2026-08-06 12:03:06, e703fcc2-e165-11f0-a9fb-0255ac121097, , , , , , , TBG, , , , , No, No, No, , 
 25426cff-f362-11f0-8722-0255ac1208c5, , , , , , f343d1fb-e165-11f0-90da-0255ac121938, , , , f0a18f4d-6bd2-11f1-8cac-0255ac120ff9, , , , , 25510edf-5b4b-11f1-8fdf-0255ac12109b," TBG_MINGGIRAN,_PAPAR", , 47a4af2f-4eb8-11f1-a63d-0255ac1203fc, 35KDR_0011, ,	 112.06013, , , 0, , , , No, , , -7.7252, , , , , , , , , , , -7.7252, ce1d6700-f34d-11f0-80d8-0255ac12193b, , , , , , ,	 112.06013, , , , , ,	 564, , , , , , , , 0f3b257c-1092-11f1-bdcd-0255ac121084, 35KDR_0011, , true,	 1786017786909, 2026-08-06 12:03:06, e703fcc2-e165-11f0-a9fb-0255ac121097, , , , , , , TBG, , , , , No, No, No, , 
 25426cff-f362-11f0-8722-0255ac1208c5, , , , , , f343d1fb-e165-11f0-90da-0255ac121938, , , , f0a18f4d-6bd2-11f1-8cac-0255ac120ff9, , , , , 255b6f44-5b4b-11f1-8fdf-0255ac12109b, TBG_CARUBAN, , acf2ce12-1797-11f1-9066-0255ac121cb3, 35MJY_0001, ,	 111.65757, , , 0, , , , No, , , -7.54113, , , , , , , , , , , -7.54113, ce1d6700-f34d-11f0-80d8-0255ac12193b, , , , , , ,	 111.65757, , , , , ,	 525, , , , , , , , 0f3b73b1-1092-11f1-bdcd-0255ac121084, 35MJY_0001, , true,	 1786017786996, 2026-08-06 12:03:06, e703fcc2-e165-11f0-a9fb-0255ac121097, , , , , , , TBG, , , , , No, No, No, , 
 25426cff-f362-11f0-8722-0255ac1208c5, , , , , , f343d1fb-e165-11f0-90da-0255ac121938, , , , f0a18f4d-6bd2-11f1-8cac-0255ac120ff9, , , , , 2590fe7a-5b4b-11f1-8fdf-0255ac12109b, TBG_MELATI_BLITAR_TBG, , 835ac3d2-74a7-11f1-b24a-0255ac120ffd, 35BLT_0005, ,	 112.16628, , ," Jl. Ploso No.11, kel.Ploso Kerep RT.2 RW.2 Kec.Sananwetan, Kota Blitar Prov.Jawa Timur", , , , No, , , -8.10836, , , , , , , , , , , -8.10836, ce1d6700-f34d-11f0-80d8-0255ac12193b, , , , , , ,	 112.16628, , , , , ,	 606, , , , , , , , 0f3be8e8-1092-11f1-bdcd-0255ac121084, 35BLT_0005, , true,	 1786017787012, 2026-08-06 12:03:06, e703fcc2-e165-11f0-a9fb-0255ac121097, , , , , , , TBG, , , , , No, No, No, , 
 2df57184-f362-11f0-82f8-0255ac12021f, , , , , , f343d1fb-e165-11f0-90da-0255ac121938, , , , f0a18f4d-6bd2-11f1-8cac-0255ac120ff9, , , , , 7685bc47-f34e-11f0-8acc-0255ac121003, TBG_KOMPLEK_BAKOSURTANAL, , 47b59f59-4eb8-11f1-a63d-0255ac1203fc, 32BGR_0112, ,	 106.84969, , ," Kel. Pabuaran Kp. Padurenan RT.07, Kec. Cibinong, Kab. Bogor Prov. Jawa Barat", , , , No, , , -6.46478, , , , , , , , , , , -6.46478, ce1d6700-f34d-11f0-80d8-0255ac12193b, , , , , , ,	 106.84969, , , , , ,	 715, , , , , , , , 0f3c0ffa-1092-11f1-bdcd-0255ac121084, 32BGR_0112, , true,	 1786017786920, 2026-08-06 12:03:06, e703fcc2-e165-11f0-a9fb-0255ac121097, , , , , , , TBG, , , , , No, No, No, , 
 2df57184-f362-11f0-82f8-0255ac12021f, , , , , , f343d1fb-e165-11f0-90da-0255ac121938, , , , f0a18f4d-6bd2-11f1-8cac-0255ac120ff9, , , , , 24e86274-5b4b-11f1-8fdf-0255ac12109b, TBG_SINDANGASIH_KARANGTENGAH, , aa157741-1797-11f1-bdcd-0255ac121084, 32CJR_0018, ,	 107.17609, , , Kp. Ancol  Rt 01 Rw 02 Desa Maleber Kecamatan Karangtengah Kab. Cianjur Provinsi Jawa Barat, , , , No, , , -6.82705, , , , , , , , , , , -6.82705, ce1d6700-f34d-11f0-80d8-0255ac12193b, , , , , , ,	 107.17609, , , , , ,	 685, , , , , , , , 0f43d803-1092-11f1-bdcd-0255ac121084, 32CJR_0018, , true,	 1786017786930, 2026-08-06 12:03:06, e703fcc2-e165-11f0-a9fb-0255ac121097, , , , , , , TBG, , , , , No, No, No, , 
 25426cff-f362-11f0-8722-0255ac1208c5, , , , , , f343d1fb-e165-11f0-90da-0255ac121938, , , , f0a18f4d-6bd2-11f1-8cac-0255ac120ff9, , , , , 581ba28d-f34e-11f0-a8cb-0255ac1211f7, TBG_KEDAWUNG_KULON, , a73bf14a-1797-11f1-a4c0-0255ac12094c, 35PSN_0064, ,	 112.97968, , , 0, , , , No, , , -7.70658, , , , , , , , , , , -7.70658, ce1d6700-f34d-11f0-80d8-0255ac12193b, , , , , , ,	 112.97968, , , , , ,	 537, , , , , , , , 0f44e99e-1092-11f1-bdcd-0255ac121084, 35PSN_0064, , true,	 1786017786994, 2026-08-06 12:03:06, e703fcc2-e165-11f0-a9fb-0255ac121097, , , , , , , TBG, , , , , No, No, No, , 
 25426cff-f362-11f0-8722-0255ac1208c5, , , , , , f343d1fb-e165-11f0-90da-0255ac121938, , , , f0a18f4d-6bd2-11f1-8cac-0255ac120ff9, , , , , 25510edf-5b4b-11f1-8fdf-0255ac12109b, TBG_KRAS, , 47a4af2f-4eb8-11f1-a63d-0255ac1203fc, 35KDR_0055, ,	 111.96281, , ," Jl. Satya Bhakti 297, Desa Kras RT.02 RW.02 Kec.Kras, Kab.Kediri Prov.Jawa Timur", , , , No, , , -7.9503, , , , , , , , , , , -7.9503, ce1d6700-f34d-11f0-80d8-0255ac12193b, , , , , , ,	 111.96281, , , , , ,	 635, , , , , , , , 0f4537c9-1092-11f1-bdcd-0255ac121084, 35KDR_0055, , true,	 1786017786974, 2026-08-06 12:03:06, e703fcc2-e165-11f0-a9fb-0255ac121097, , , , , , , TBG, , , , , No, No, No, , 
 2df57184-f362-11f0-82f8-0255ac12021f, , , , , , f343d1fb-e165-11f0-90da-0255ac121938, , , , f0a18f4d-6bd2-11f1-8cac-0255ac120ff9, , , , , 254d8c60-5b4b-11f1-8fdf-0255ac12109b, TBG_CIKAMPEK_INDUK_TARUM, , a40cd1fc-1797-11f1-bdcd-0255ac121084, 32KWG_0044, ,	 107.44996, , , 0, , , , No, , , -6.38786, , , , , , , , , , , -6.38786, ce1d6700-f34d-11f0-80d8-0255ac12193b, , , , , , ,	 107.44996, , , , , ,	 697, , , , , , , , 0f455edc-1092-11f1-bdcd-0255ac121084, 32KWG_0044, , true,	 1786017786930, 2026-08-06 12:03:06, e703fcc2-e165-11f0-a9fb-0255ac121097, , , , , , , TBG, , , , , No, No, No, , 
 25426cff-f362-11f0-8722-0255ac1208c5, , , , , , f343d1fb-e165-11f0-90da-0255ac121938, , , , f0a18f4d-6bd2-11f1-8cac-0255ac120ff9, , , , , 036a92c2-f34e-11f0-bb3c-0255ac12003a, TBG_SMPN_1_PADANGAN, , 58aaf430-2cb4-11f1-ab67-0255ac1208c4, 35BJN_0029, ,	 111.60647, , ," Desa Dengok RT.16 RW.03 Kec.Padangan, Kab.Bojonegoro Prov.Jawa Timur", , , , No, , , -7.15012, , , , , , , , , , , -7.15012, ce1d6700-f34d-11f0-80d8-0255ac12193b, , , , , , ,	 111.60647, , , , , ,	 363, , , , , , , , 0f484480-1092-11f1-bdcd-0255ac121084, 35BJN_0029, , true,	 1786017787093, 2026-08-06 12:03:06, e703fcc2-e165-11f0-a9fb-0255ac121097, , , , , , , TBG, , , , , No, No, No, , 
 25426cff-f362-11f0-8722-0255ac1208c5, , , , , , f343d1fb-e165-11f0-90da-0255ac121938, , , , f0a18f4d-6bd2-11f1-8cac-0255ac120ff9, , , , , 0f09bb51-f34e-11f0-b617-0255ac1205c2, TBG_BEDADUNG_RAMBIPUJI, , a73bf14a-1797-11f1-a4c0-0255ac12094c, 35JMR_0068, ,	 113.605, , , 0, , , , No, , , -8.21233, , , , , , , , , , , -8.21233, ce1d6700-f34d-11f0-80d8-0255ac12193b, , , , , , ,	 113.605, , , , , ,	 231, , , , , , , , 0f486b93-1092-11f1-bdcd-0255ac121084, 35JMR_0068, , true,	 1786017787093, 2026-08-06 12:03:07, e703fcc2-e165-11f0-a9fb-0255ac121097, , , , , , , TBG, , , , , No, No, No, , 
 1ac88c88-0300-11f1-bdcd-0255ac121084, , , , , , f343d1fb-e165-11f0-90da-0255ac121938, , , , f0a18f4d-6bd2-11f1-8cac-0255ac120ff9, , , , , 24df61ac-5b4b-11f1-8fdf-0255ac12109b, TBG_PURWOKERTO_BARAT, , 93d8b78c-1797-11f1-be90-0255ac120057, 33PWT_0001, ,	 109.22938, , ," Jl. Gatot Subroto 18-20, RT 004 RW 003, Kel. Sokanegara, Kec. Purwokerto Timur, Kab. Banyumas Prov. Jawa Tengah", , , , No, , , -7.41987, , , , , , , , , , , -7.41987, ce1d6700-f34d-11f0-80d8-0255ac12193b, , , , , , ,	 109.22938, , , , , ,	 468, , , , , , , , 11900ee3-0cba-11f1-8e49-0255ac121206, 33PWT_0001, , true,	 1786017787022, 2026-08-06 12:03:07, b48c3ea5-fb2f-11f0-be90-0255ac120057, , , , , , , TBG, , , , , No, No, No, , 
 1ac88c88-0300-11f1-bdcd-0255ac121084, , , , , , f343d1fb-e165-11f0-90da-0255ac121938, , , , f0a18f4d-6bd2-11f1-8cac-0255ac120ff9, , , , , 24eb6fb8-5b4b-11f1-8fdf-0255ac12109b, TBG_CILACAP_SELATAN, , 477bca99-4eb8-11f1-a63d-0255ac1203fc, 33CLP_0001, ,	 109.00971, , ," SMA Yos Sudarso, Jl. Ahmad Yani No.54, Kel. Sidakaya RT.03 RW.03 Kec. Cilacap Selatan, Kab. Cilacap Prov. Jawa Tengah", , , , No, , , -7.73369, , , , , , , , , , , -7.73369, ce1d6700-f34d-11f0-80d8-0255ac12193b, , , , , , ,	 109.00971, , , , , ,	 999, , , , , , , , 1190d23f-0cba-11f1-8e49-0255ac121206, 33CLP_0001, , true,	 1786017787030, 2026-08-06 12:03:07, b48c3ea5-fb2f-11f0-be90-0255ac120057, , , , , , , TBG, , , , , No, No, No, , 
 1ac88c88-0300-11f1-bdcd-0255ac121084, , , , , , f343d1fb-e165-11f0-90da-0255ac121938, , , , f0a18f4d-6bd2-11f1-8cac-0255ac120ff9, , , , , 24eb6fb8-5b4b-11f1-8fdf-0255ac12109b, TBG_MAOS, , 93d8b78c-1797-11f1-be90-0255ac120057, 33CLP_0007, ,	 109.11848, , ," Jl. Kauman, RT 02 RW 07, Desa Salakan Kec. Kesugihan, Kab. Cilacap Prov. Jawa Tengah", , , , No, , , -7.61939, , , , , , , , , , , -7.61939, ce1d6700-f34d-11f0-80d8-0255ac12193b, , , , , , ,	 109.11848, , , , , ,	 505, , , , , , , , 119195a8-0cba-11f1-8e49-0255ac121206, 33CLP_0007, , true,	 1786017787207, 2026-08-06 12:03:07, b48c3ea5-fb2f-11f0-be90-0255ac120057, , , , , , , TBG, , , , , No, No, No, , 
 1ac88c88-0300-11f1-bdcd-0255ac121084, , , , , , f343d1fb-e165-11f0-90da-0255ac121938, , , , f0a18f4d-6bd2-11f1-8cac-0255ac120ff9, , , , , 2574eb46-5b4b-11f1-8fdf-0255ac12109b, TBG_KALIGELANG_TAMAN, , 590d86e8-2cb4-11f1-ab67-0255ac1208c4, 33PML_0001, ,	 109.39841, , , DUSUN KALIBAROS RT.004 RW.009 DESA TAMAN KECAMATAN TAMAN KABUPATEN PEMALANG PROVINSI JAWA TENGAH, , , , No, , , -6.89877, , , , , , , , , , , -6.89877, ce1d6700-f34d-11f0-80d8-0255ac12193b, , , , , , ,	 109.39841, , , , , ,	 682, , , , , , , , 1191e3d6-0cba-11f1-8e49-0255ac121206, 33PML_0001, , true,	 1786017787194, 2026-08-06 12:03:07, b48c3ea5-fb2f-11f0-be90-0255ac120057, , , , , , , TBG, , , , , No, No, No, , 
 1ac88c88-0300-11f1-bdcd-0255ac121084, , , , , , f343d1fb-e165-11f0-90da-0255ac121938, , , , f0a18f4d-6bd2-11f1-8cac-0255ac120ff9, , , , , 254f3a14-5b4b-11f1-8fdf-0255ac12109b, TBG_GOMBONG, , 4780acb3-4eb8-11f1-a63d-0255ac1203fc, 33KBM_0001, ,	 109.51617, , ," Jl. Kartini No.655/31, Kel. Gombong RT.03 RW.03 Kec. Gombong, Kab. Kebumen Prov. Jawa Tengah", , , , No, , , -7.60601, , , , , , , , , , , -7.60601, ce1d6700-f34d-11f0-80d8-0255ac12193b, , , , , , ,	 109.51617, , , , , ,	 571, , , , , , , , 1191e3dd-0cba-11f1-8e49-0255ac121206, 33KBM_0001, , true,	 1786017787117, 2026-08-06 12:03:07, b48c3ea5-fb2f-11f0-be90-0255ac120057, , , , , , , TBG, , , , , No, No, No, , 
 1ac88c88-0300-11f1-bdcd-0255ac121084, , , , , , f343d1fb-e165-11f0-90da-0255ac121938, , , , f0a18f4d-6bd2-11f1-8cac-0255ac120ff9, , , , , 257cd9dc-5b4b-11f1-8fdf-0255ac12109b, TBG_KUWUNGSARI_SRAGEN, , 06887636-74a8-11f1-abfb-0255ac121dc0, 33SGN_0002, ,	 111.02206, , ," Kel. Sragen Tengah-Gendingan RT.03 RW.09 Kec. Sragen, Kab. Sragen Prov. Jawa Tengah", , , , No, , , -7.42396, , , , , , , , , , , -7.42396, ce1d6700-f34d-11f0-80d8-0255ac12193b, , , , , , ,	 111.02206, , , , , ,	 1384, , , , , , , , 11920afa-0cba-11f1-8e49-0255ac121206, 33SGN_0002, , true,	 1786017787129, 2026-08-06 12:03:07, b48c3ea5-fb2f-11f0-be90-0255ac120057, , , , , , , TBG, , , , , No, No, No, , 
 1ac88c88-0300-11f1-bdcd-0255ac121084, , , , , , f343d1fb-e165-11f0-90da-0255ac121938, , , , f0a18f4d-6bd2-11f1-8cac-0255ac120ff9, , , , , 24e4dfff-5b4b-11f1-8fdf-0255ac12109b, TBG_BREBES, , ce2b4a23-74a7-11f1-9cdd-0255ac1211fc, 33BBS_0001, ,	 109.0428, , ," Jl. Jenderal Sudirman No.109, Kel. Brebes Kec. Brebes, Kab. Brebes Prov. Jawa Tengah", , , , No, , , -6.873, , , , , , , , , , , -6.873, ce1d6700-f34d-11f0-80d8-0255ac12193b, , , , , , ,	 109.0428, , , , , ,	 860, , , , , , , , 1192320c-0cba-11f1-8e49-0255ac121206, 33BBS_0001, , true,	 1786017787201, 2026-08-06 12:03:07, b48c3ea5-fb2f-11f0-be90-0255ac120057, , , , , , , TBG, , , , , No, No, No, , 
 1ac88c88-0300-11f1-bdcd-0255ac121084, , , , , , f343d1fb-e165-11f0-90da-0255ac121938, , , , f0a18f4d-6bd2-11f1-8cac-0255ac120ff9, , , , , 257cd9dc-5b4b-11f1-8fdf-0255ac12109b, TBG_SRAGEN, , 06887636-74a8-11f1-abfb-0255ac121dc0, 33SGN_0001, ,	 111.02023, , ," Jl. Kartini Sragen Kulon  /Mojowetan, Kel. Sragen Kulon RT.03 RW.02 Kec. Sragen, Kab. Sragen Prov. Jawa Tengah", , , , No, , , -7.43265, , , , , , , , , , , -7.43265, ce1d6700-f34d-11f0-80d8-0255ac12193b, , , , , , ,	 111.02023, , , , , ,	 689, , , , , , , , 1192591f-0cba-11f1-8e49-0255ac121206, 33SGN_0001, , true,	 1786017787228, 2026-08-06 12:03:07, b48c3ea5-fb2f-11f0-be90-0255ac120057, , , , , , , TBG, , , , , No, No, No, , 
 1ac88c88-0300-11f1-bdcd-0255ac121084, , , , , , f343d1fb-e165-11f0-90da-0255ac121938, , , , f0a18f4d-6bd2-11f1-8cac-0255ac120ff9, , , , , 24eef23d-5b4b-11f1-8fdf-0255ac12109b, TBG_MRANGGEN, , 9120c34a-1797-11f1-be90-0255ac120057, 33DMK_0003, ,	 110.51743, , ," Jl. Rayung Kusuman No.1720, Desa Mranggen RT.003 RW.005 Kec. Mranggen, Kab. Demak Prov. Jawa Tengah", , , , No, , , -7.02766, , , , , , , , , , , -7.02766, ce1d6700-f34d-11f0-80d8-0255ac12193b, , , , , , ,	 110.51743, , , , , ,	 1025, , , , , , , , 11925922-0cba-11f1-8e49-0255ac121206, 33DMK_0003, , true,	 1786017787202, 2026-08-06 12:03:07, b48c3ea5-fb2f-11f0-be90-0255ac120057, , , , , , , TBG, , , , , No, No, No, , 
 1ac88c88-0300-11f1-bdcd-0255ac121084, , , , , , f343d1fb-e165-11f0-90da-0255ac121938, , , , f0a18f4d-6bd2-11f1-8cac-0255ac120ff9, , , , , 25a940c5-5b4b-11f1-8fdf-0255ac12109b, TBG_YOSODIPURO, , b3f5645d-1797-11f1-b289-0255ac12100b, 33SKT_0009, ,	 110.81809, , ," Kel. Gilingan, Candirejo Kidul Jl. Bido III no.7 RT.002 RW. 007 Kec. Banjarsari, Kota Surakarta Prov. Jawa Tengah", , , , No, , , -7.55443, , , , , , , , , , , -7.55443, ce1d6700-f34d-11f0-80d8-0255ac12193b, , , , , , ,	 110.81809, , , , , ,	 664, , , , , , , , 1192a746-0cba-11f1-8e49-0255ac121206, 33SKT_0009, , true,	 1786017787180, 2026-08-06 12:03:07, b48c3ea5-fb2f-11f0-be90-0255ac120057, , , , , , , TBG, , , , , No, No, No, , 
 1ac88c88-0300-11f1-bdcd-0255ac121084, , , , , , f343d1fb-e165-11f0-90da-0255ac121938, , , , f0a18f4d-6bd2-11f1-8cac-0255ac120ff9, , , , , 25a940c5-5b4b-11f1-8fdf-0255ac12109b, TBG_BANYU_ANYAR, , b3f5645d-1797-11f1-b289-0255ac12100b, 33SKT_0010, ,	 110.81102, , ," Kel. Banyuanyar Kec. Banjarsari, Kota Surakarta Prov. Jawa Tengah", , , , No, , , -7.54315, , , , , , , , , , , -7.54315, ce1d6700-f34d-11f0-80d8-0255ac12193b, , , , , , ,	 110.81102, , , , , ,	 734, , , , , , , , 1192ce5b-0cba-11f1-8e49-0255ac121206, 33SKT_0010, , true,	 1786017787197, 2026-08-06 12:03:07, b48c3ea5-fb2f-11f0-be90-0255ac120057, , , , , , , TBG, , , , , No, No, No, , 
 1ac88c88-0300-11f1-bdcd-0255ac121084, , , , , , f343d1fb-e165-11f0-90da-0255ac121938, , , , f0a18f4d-6bd2-11f1-8cac-0255ac120ff9, , , , , 2554433a-5b4b-11f1-8fdf-0255ac12109b, TBG_KLATEN, , 8dbc3c11-1797-11f1-8caf-0255ac1211f5, 33KLN_0022, ,	 110.606, , ," Jl. Kyai Saman Hudi 3, Kel. Mojayan Kec. Klaten Tengah, Kab. Klaten Prov. Jawa Tengah", , , , No, , , -7.71033, , , , , , , , , , , -7.71033, ce1d6700-f34d-11f0-80d8-0255ac12193b, , , , , , ,	 110.606, , , , , ,	 325, , , , , , , , 11989a89-0cba-11f1-8e49-0255ac121206, 33KLN_0022, , true,	 1786017787174, 2026-08-06 12:03:07, b48c3ea5-fb2f-11f0-be90-0255ac120057, , , , , , , TBG, , , , , No, No, No, , 
 1ac88c88-0300-11f1-bdcd-0255ac121084, , , , , , f343d1fb-e165-11f0-90da-0255ac121938, , , , f0a18f4d-6bd2-11f1-8cac-0255ac120ff9, , , , , 24eb6fb8-5b4b-11f1-8fdf-0255ac12109b, TBG_SIDAKAYA_RELOC, , 477bca99-4eb8-11f1-a63d-0255ac1203fc, 33CLP_0060, ,	 109.02362, , ," Jl. Dr Sutomo, Kel. Gunung Simping Rt.001 Rw.003 Kec. Cilacap Tengah, Kab. Cilacap Prov. Jawa Tengah", , , , No, , , -7.71073, , , , , , , , , , , -7.71073, ce1d6700-f34d-11f0-80d8-0255ac12193b, , , , , , ,	 109.02362, , , , , ,	 872, , , , , , , , 1199ac2b-0cba-11f1-8e49-0255ac121206, 33CLP_0060, , true,	 1786017787199, 2026-08-06 12:03:07, b48c3ea5-fb2f-11f0-be90-0255ac120057, , , , , , , TBG, , , , , No, No, No, , 
 1ac88c88-0300-11f1-bdcd-0255ac121084, , , , , , f343d1fb-e165-11f0-90da-0255ac121938, , , , f0a18f4d-6bd2-11f1-8cac-0255ac120ff9, , , , , 24eb6fb8-5b4b-11f1-8fdf-0255ac12109b, TBG_KESUGIHAN_CILACAP, , 4780acb3-4eb8-11f1-a63d-0255ac1203fc, 33CLP_0071, ,	 109.09012, , , Jl Jambu No 31 RT 006 RW 002 Desa Karangkandri Kecamatan Kesugihan Kabupaten Cilacap Provinsi Jawa Tengah, , , , No, , , -7.67206, , , , , , , , , , , -7.67206, ce1d6700-f34d-11f0-80d8-0255ac12193b, , , , , , ,	 109.09012, , , , , ,	 353, , , , , , , , 119bcf5d-0cba-11f1-8e49-0255ac121206, 33CLP_0071, , true,	 1786017787229, 2026-08-06 12:03:07, b48c3ea5-fb2f-11f0-be90-0255ac120057, , , , , , , TBG, , , , , No, No, No, , 
 1ac88c88-0300-11f1-bdcd-0255ac121084, , , , , , f343d1fb-e165-11f0-90da-0255ac121938, , , , f0a18f4d-6bd2-11f1-8cac-0255ac120ff9, , , , , 2578baea-5b4b-11f1-8fdf-0255ac12109b, TBG_BAYAN, , 58e31b1a-2cb4-11f1-ab67-0255ac1208c4, 33PWR_0006, ,	 109.91479, , ," Kelurahan Kutoarjo, Kecamatan Kutoarjo, Kabupaten Purworejo, Jawa Tengah", , , , No, , , -7.71592, , , , , , , , , , , -7.71592, ce1d6700-f34d-11f0-80d8-0255ac12193b, , , , , , ,	 109.91479, , , , , ,	 155, , , , , , , , 119cb8da-0cba-11f1-8e49-0255ac121206, 33PWR_0006, , true,	 1786017787204, 2026-08-06 12:03:07, b48c3ea5-fb2f-11f0-be90-0255ac120057, , , , , , , TBG, , , , , No, No, No, , 
 1ac88c88-0300-11f1-bdcd-0255ac121084, , , , , , f343d1fb-e165-11f0-90da-0255ac121938, , , , f0a18f4d-6bd2-11f1-8cac-0255ac120ff9, , , , , 25adfbc2-5b4b-11f1-8fdf-0255ac12109b, TBG_POSO_TEGAL, , 590d86e8-2cb4-11f1-ab67-0255ac1208c4, 33TGL_0058, ,	 109.14628, , ," Jl. Perintis Kemerdekaan No.95, kel.Slerok RT.008 RW.002 Kec.Tegal Timur, Kota Tegal Prov. Jawa Tengah", , , , No, , , -6.87163, , , , , , , , , , , -6.87163, ce1d6700-f34d-11f0-80d8-0255ac12193b, , , , , , ,	 109.14628, , , , , ,	 905, , , , , , , , 119d06ff-0cba-11f1-8e49-0255ac121206, 33TGL_0058, , true,	 1786017787279, 2026-08-06 12:03:07, b48c3ea5-fb2f-11f0-be90-0255ac120057, , , , , , , TBG, , , , , No, No, No, , 
 1ac88c88-0300-11f1-bdcd-0255ac121084, , , , , , f343d1fb-e165-11f0-90da-0255ac121938, , , , f0a18f4d-6bd2-11f1-8cac-0255ac120ff9, , , , , 2578baea-5b4b-11f1-8fdf-0255ac12109b, TBG_KUTOARJO, , 58e31b1a-2cb4-11f1-ab67-0255ac1208c4, 33PWR_0005, ,	 109.90698, , ," Jl. Kantor Pos Kutoarjo No.5, Kel. Kutoarjo Kec. Kutoarjo, Kab. Purworejo Prov. Jawa Tengah", , , , No, , , -7.72505, , , , , , , , , , , -7.72505, ce1d6700-f34d-11f0-80d8-0255ac12193b, , , , , , ,	 109.90698, , , , , ,	 205, , , , , , , , 119d2e10-0cba-11f1-8e49-0255ac121206, 33PWR_0005, , true,	 1786017787209, 2026-08-06 12:03:07, b48c3ea5-fb2f-11f0-be90-0255ac120057, , , , , , , TBG, , , , , No, No, No, , 
 1ac88c88-0300-11f1-bdcd-0255ac121084, , , , , , f343d1fb-e165-11f0-90da-0255ac121938, , , , f0a18f4d-6bd2-11f1-8cac-0255ac120ff9, , , , , 24eef23d-5b4b-11f1-8fdf-0255ac12109b, TBG_KARANGAWEN_SIDO_REJO, , 58d9a589-2cb4-11f1-ab67-0255ac1208c4, 33DMK_0022, ,	 110.59603, , ," Jl. Sidorejo, Desa Sidorejo Kec. Sayung, Kab. Demak Prov. Jawa Tengah", , , , No, , , -7.05206, , , , , , , , , , , -7.05206, ce1d6700-f34d-11f0-80d8-0255ac12193b, , , , , , ,	 110.59603, , , , , , , , , , , , , , 119dca5d-0cba-11f1-8e49-0255ac121206, 33DMK_0022, , true,	 1786017787287, 2026-08-06 12:03:07, b48c3ea5-fb2f-11f0-be90-0255ac120057, , , , , , , TBG, , , , , No, No, No, , 
 1ac88c88-0300-11f1-bdcd-0255ac121084, , , , , , f343d1fb-e165-11f0-90da-0255ac121938, , , , f0a18f4d-6bd2-11f1-8cac-0255ac120ff9, , , , , 2578baea-5b4b-11f1-8fdf-0255ac12109b, TBG_SENOPO, , 58e31b1a-2cb4-11f1-ab67-0255ac1208c4, 33PWR_0007, ,	 109.9177, , ," Jl. Patok Gambreng, Desa Bandung RT.01 RW.01 Kec. Kutoarjo, Kab. Purworejo Prov. Jawa Tengah", , , , No, , , -7.72531, , , , , , , , , , , -7.72531, ce1d6700-f34d-11f0-80d8-0255ac12193b, , , , , , ,	 109.9177, , , , , ,	 206, , , , , , , , 119e3f97-0cba-11f1-8e49-0255ac121206, 33PWR_0007, , true,	 1786017787389, 2026-08-06 12:03:07, b48c3ea5-fb2f-11f0-be90-0255ac120057, , , , , , , TBG, , , , , No, No, No, , 
 1ac88c88-0300-11f1-bdcd-0255ac121084, , , , , , f343d1fb-e165-11f0-90da-0255ac121938, , , , f0a18f4d-6bd2-11f1-8cac-0255ac120ff9, , , , , 24df61ac-5b4b-11f1-8fdf-0255ac12109b, TBG_DAWUHAN_KULON, , 93d8b78c-1797-11f1-be90-0255ac120057, 33PWT_0018, ,	 109.19031, , , 0, , , , No, , , -7.38331, , , , , , , , , , , -7.38331, ce1d6700-f34d-11f0-80d8-0255ac12193b, , , , , , ,	 109.19031, , , , , ,	 137, , , , , , , , 119e66a8-0cba-11f1-8e49-0255ac121206, 33PWT_0018, , true,	 1786017787290, 2026-08-06 12:03:07, b48c3ea5-fb2f-11f0-be90-0255ac120057, , , , , , , TBG, , , , , No, No, No, , 
 1ac88c88-0300-11f1-bdcd-0255ac121084, , , , , , f343d1fb-e165-11f0-90da-0255ac121938, , , , f0a18f4d-6bd2-11f1-8cac-0255ac120ff9, , , , , 2554433a-5b4b-11f1-8fdf-0255ac12109b, TBG_GLAGAHWANGIPOLANHARJO, , 8dbc3c11-1797-11f1-8caf-0255ac1211f5, 33KLN_0034, ,	 110.66195, , , Sumberan RT. 007 RW. 004 Desa Glagahwangi Kec. Polanharjo Kab. Klaten Prov. Jawa Tengah, , , , No, , , -7.64623, , , , , , , , , , , -7.64623, ce1d6700-f34d-11f0-80d8-0255ac12193b, , , , , , ,	 110.66195, , , , , ,	 342, , , , , , , , 119f02ee-0cba-11f1-8e49-0255ac121206, 33KLN_0034, , true,	 1786017787692, 2026-08-06 12:03:07, b48c3ea5-fb2f-11f0-be90-0255ac120057, , , , , , , TBG, , , , , No, No, No, , 
 28c4b082-0303-11f1-b97b-0255ac120084, , , , , , f343d1fb-e165-11f0-90da-0255ac121938, , , , f0a18f4d-6bd2-11f1-8cac-0255ac120ff9, , , , , 25aac768-5b4b-11f1-8fdf-0255ac12109b, CMI_MAHRUP_CIPONDOH_BARU, , b74886dc-1797-11f1-8f47-0255ac121dc0, 36TNG_0065, ,	 106.66537, , , 0, , , , No, , , -6.18058, , , , , , , , , , , -6.18058, ce1d6700-f34d-11f0-80d8-0255ac12193b, , , , , , ,	 106.66537, , , , , , 16, , , , , , , , 172477a8-16df-11f1-907a-0255ac1203f4, 36TNG_0065, , true,	 1786017787419, 2026-08-06 12:03:07, b489f5a1-fb2f-11f0-be90-0255ac120057, , , , , , , CMI, , , , , No, No, No, , 
 634ac5ad-e61d-11f0-89c1-0255ac120225, , , , , , f343d1fb-e165-11f0-90da-0255ac121938, , , , f0a18f4d-6bd2-11f1-8cac-0255ac120ff9, , , , , 25993bfd-5b4b-11f1-8fdf-0255ac12109b, CMI_PESANTREN_SIRRUL_ASROR, , 47be792a-4eb8-11f1-a63d-0255ac1203fc, 31JKT_0044, ,	 106.92073, , , 0, , , , No, , , -6.21196, , , , , , , , , , , -6.21196, ce1d6700-f34d-11f0-80d8-0255ac12193b, , , , , , ,	 106.92073, , , , , ,	 526, , , , , , , , 17365254-16df-11f1-907a-0255ac1203f4, 31JKT_0044, , true,	 1786017787709, 2026-08-06 12:03:07, e703fcc2-e165-11f0-a9fb-0255ac121097, , , , , , , CMI, , , , , No, No, No, , 
 634ac5ad-e61d-11f0-89c1-0255ac120225, , , , , , f343d1fb-e165-11f0-90da-0255ac121938, , , , f0a18f4d-6bd2-11f1-8cac-0255ac120ff9, , , , , 67c07475-f34e-11f0-8fd3-0255ac121dca, CMI_SITE_KEBAYORAN_LAMA, , b74886dc-1797-11f1-8f47-0255ac121dc0, 31JKS_0065, ,	 106.77709, , , 0, , , , No, , , -6.2311, , , , , , , , , , , -6.2311, ce1d6700-f34d-11f0-80d8-0255ac12193b, , , , , , ,	 106.77709, , , , , ,	 678, , , , , , , , 17396005-16df-11f1-907a-0255ac1203f4, 31JKS_0065, , true,	 1786017787496, 2026-08-06 12:03:07, e703fcc2-e165-11f0-a9fb-0255ac121097, , , , , , , CMI, , , , , No, No, No, , 
 634ac5ad-e61d-11f0-89c1-0255ac120225, , , , , , f343d1fb-e165-11f0-90da-0255ac121938, , , , f0a18f4d-6bd2-11f1-8cac-0255ac120ff9, , , , , 67c07475-f34e-11f0-8fd3-0255ac121dca, CMI_SITE_JAGAKARSA, , 47be792a-4eb8-11f1-a63d-0255ac1203fc, 31JKS_0050, ,	 106.82887, , , 0, , , , No, , , -6.32185, , , , , , , , , , , -6.32185, ce1d6700-f34d-11f0-80d8-0255ac12193b, , , , , , ,	 106.82887, , , , , , 10, , , , , , , , 17414f2a-16df-11f1-907a-0255ac1203f4, 31JKS_0050, , true,	 1786017787584, 2026-08-06 12:03:07, b489f5a1-fb2f-11f0-be90-0255ac120057, , , , , , , CMI, , , , , No, No, No, , 
 634ac5ad-e61d-11f0-89c1-0255ac120225, , , , , , f343d1fb-e165-11f0-90da-0255ac121938, , , , f0a18f4d-6bd2-11f1-8cac-0255ac120ff9, , , , , 25993bfd-5b4b-11f1-8fdf-0255ac12109b, TBG_YAMAHA, , 47be792a-4eb8-11f1-a63d-0255ac1203fc, 31JKT_0041, ,	 106.86392, , , 0, , , , No, , , -6.25764, , , , , , , , , , , -6.25764, ce1d6700-f34d-11f0-80d8-0255ac12193b, , , , , , ,	 106.86392, , , , , , 39, , , , , , , , 174c720f-16df-11f1-907a-0255ac1203f4, 31JKT_0041, , true,	 1786017787596, 2026-08-06 12:03:07, b489f5a1-fb2f-11f0-be90-0255ac120057, , , , , , , CMI, , , , , No, No, No, , 
 634ac5ad-e61d-11f0-89c1-0255ac120225, , , , , , f343d1fb-e165-11f0-90da-0255ac121938, , , , f0a18f4d-6bd2-11f1-8cac-0255ac120ff9, , , , , 25993bfd-5b4b-11f1-8fdf-0255ac12109b, CMI_SMU_CIKRA, , 47be792a-4eb8-11f1-a63d-0255ac1203fc, 31JKT_0103, ,	 106.88431, , , 0, , , , No, , , -6.21051, , , , , , , , , , , -6.21051, ce1d6700-f34d-11f0-80d8-0255ac12193b, , , , , , ,	 106.88431, , , , , , 85, , , , , , , , 17523f3d-16df-11f1-907a-0255ac1203f4, 31JKT_0103, , true,	 1786017787497, 2026-08-06 12:03:07, b489f5a1-fb2f-11f0-be90-0255ac120057, , , , , , , CMI, , , , , No, No, No, , 
 634ac5ad-e61d-11f0-89c1-0255ac120225, , , , , , f343d1fb-e165-11f0-90da-0255ac121938, , , , f0a18f4d-6bd2-11f1-8cac-0255ac120ff9, , , , , 25993bfd-5b4b-11f1-8fdf-0255ac12109b, CMI_JATINEGARA_KAUM, , 47be792a-4eb8-11f1-a63d-0255ac1203fc, 31JKT_0053, ,	 106.90414, , , 0, , , , No, , , -6.19863, , , , , , , , , , , -6.19863, ce1d6700-f34d-11f0-80d8-0255ac12193b, , , , , , ,	 106.90414, , , , , , 28, , , , , , , , 17528d69-16df-11f1-907a-0255ac1203f4, 31JKT_0053, , true,	 1786017787888, 2026-08-06 12:03:07, b489f5a1-fb2f-11f0-be90-0255ac120057, , , , , , , CMI, , , , , No, No, No, , 
 634ac5ad-e61d-11f0-89c1-0255ac120225, , , , , , f343d1fb-e165-11f0-90da-0255ac121938, , , , f0a18f4d-6bd2-11f1-8cac-0255ac120ff9, , , , , 5da072b9-f34e-11f0-8fd3-0255ac121dca, CMI_BUNGUR_KBY, , 9ffbdd8f-1797-11f1-b3b6-0255ac120212, 31JKS_0095, ,	 106.77981, , , 0, , , , No, , , -6.24699, , , , , , , , , , , -6.24699, ce1d6700-f34d-11f0-80d8-0255ac12193b, , , , , , ,	 106.77981, , , , , , 32, , , , , , , , 1754fdc1-16df-11f1-907a-0255ac1203f4, 31JKS_0095, , true,	 1786017787628, 2026-08-06 12:03:07, b489f5a1-fb2f-11f0-be90-0255ac120057, , , , , , , CMI, , , , , No, No, No, , 
 634ac5ad-e61d-11f0-89c1-0255ac120225, , , , , , f343d1fb-e165-11f0-90da-0255ac121938, , , , f0a18f4d-6bd2-11f1-8cac-0255ac120ff9, , , , , 67c07475-f34e-11f0-8fd3-0255ac121dca, CMI_KPSI_KALIBATA, , 47be792a-4eb8-11f1-a63d-0255ac1203fc, 31JKS_0064, ,	 106.84277, , , 0, , , , No, , , -6.26114, , , , , , , , , , , -6.26114, ce1d6700-f34d-11f0-80d8-0255ac12193b, , , , , , ,	 106.84277, , , , , , 17, , , , , , , , 17560f55-16df-11f1-907a-0255ac1203f4, 31JKS_0064, , true,	 1786017787404, 2026-08-06 12:03:07, b489f5a1-fb2f-11f0-be90-0255ac120057, , , , , , , CMI, , , , , No, No, No, , 
 634ac5ad-e61d-11f0-89c1-0255ac120225, , , , , , f343d1fb-e165-11f0-90da-0255ac121938, , , , f0a18f4d-6bd2-11f1-8cac-0255ac120ff9, , , , , 25993bfd-5b4b-11f1-8fdf-0255ac12109b, CMI_BOYKE_LAND, , 47be792a-4eb8-11f1-a63d-0255ac1203fc, 31JKT_0042, ,	 106.89422, , , 0, , , , No, , , -6.20855, , , , , , , , , , , -6.20855, ce1d6700-f34d-11f0-80d8-0255ac12193b, , , , , , ,	 106.89422, , , , , , 44, , , , , , , , 175747f3-16df-11f1-907a-0255ac1203f4, 31JKT_0042, , true,	 1786017788032, 2026-08-06 12:03:08, b489f5a1-fb2f-11f0-be90-0255ac120057, , , , , , , CMI, , , , , No, No, No, , 
 634ac5ad-e61d-11f0-89c1-0255ac120225, , , , , , f343d1fb-e165-11f0-90da-0255ac121938, , , , f0a18f4d-6bd2-11f1-8cac-0255ac120ff9, , , , , 25993bfd-5b4b-11f1-8fdf-0255ac12109b, CMI_HUB_PENGGILINGAN_ELOK, , 47be792a-4eb8-11f1-a63d-0255ac1203fc, 31JKT_0057, ,	 106.9534, , , 0, , , , No, , , -6.2041, , , , , , , , , , , -6.2041, ce1d6700-f34d-11f0-80d8-0255ac12193b, , , , , , ,	 106.9534, , , , , , 40, , , , , , , , 175a557f-16df-11f1-907a-0255ac1203f4, 31JKT_0057, , true,	 1786017787623, 2026-08-06 12:03:07, b489f5a1-fb2f-11f0-be90-0255ac120057, , , , , , , CMI, , , , , No, No, No, , 
 2df57184-f362-11f0-82f8-0255ac12021f, , , , , , f343d1fb-e165-11f0-90da-0255ac121938, , , , f0a18f4d-6bd2-11f1-8cac-0255ac120ff9, , , , , 7685bc47-f34e-11f0-8acc-0255ac121003, CMI_PARUNG_PANJANG, , 47b59f59-4eb8-11f1-a63d-0255ac1203fc, 32BGR_0077, ,	 106.57412, , , 0, , , , No, , , -6.34359, , , , , , , , , , , -6.34359, ce1d6700-f34d-11f0-80d8-0255ac12193b, , , , , , ,	 106.57412, , , , , ,	 214, , , , , , , , 175c779f-16df-11f1-907a-0255ac1203f4, 32BGR_0077, , true,	 1786017787402, 2026-08-06 12:03:07, e703fcc2-e165-11f0-a9fb-0255ac121097, , , , , , , CMI, , , , , No, No, No, , 
 2df57184-f362-11f0-82f8-0255ac12021f, , , , , , f343d1fb-e165-11f0-90da-0255ac121938, , , , f0a18f4d-6bd2-11f1-8cac-0255ac120ff9, , , , , 5da072b9-f34e-11f0-8fd3-0255ac121dca, CMI_LASWI, , 9ffbdd8f-1797-11f1-b3b6-0255ac120212, 32BDG_0056, ,	 107.63034, , , 0, , , , No, , , -6.92192, , , , , , , , , , , -6.92192, ce1d6700-f34d-11f0-80d8-0255ac12193b, , , , , , ,	 107.63034, , , , , ,	 358, , , , , , , , 17632e54-16df-11f1-907a-0255ac1203f4, 32BDG_0056, , true,	 1786017788322, 2026-08-06 12:03:08, e703fcc2-e165-11f0-a9fb-0255ac121097, , , , , , , CMI, , , , , No, No, No, , 
 2df57184-f362-11f0-82f8-0255ac12021f, , , , , , f343d1fb-e165-11f0-90da-0255ac121938, , , , f0a18f4d-6bd2-11f1-8cac-0255ac120ff9, , , , , 24e86274-5b4b-11f1-8fdf-0255ac12109b, CMI_CIBEBER, , aa157741-1797-11f1-bdcd-0255ac121084, 32CJR_0001, ,	 107.13304, , , 0, , , , No, , , -6.92906, , , , , , , , , , , -6.92906, ce1d6700-f34d-11f0-80d8-0255ac12193b, , , , , , ,	 107.13304, , , , , ,	 136, , , , , , , , 176b6cb1-16df-11f1-907a-0255ac1203f4, 32CJR_0001, , true,	 1786017787476, 2026-08-06 12:03:07, e703fcc2-e165-11f0-a9fb-0255ac121097, , , , , , , CMI, , , , , No, No, No, , 
 2df57184-f362-11f0-82f8-0255ac12021f, , , , , , f343d1fb-e165-11f0-90da-0255ac121938, , , , f0a18f4d-6bd2-11f1-8cac-0255ac120ff9, , , , , 24da5886-5b4b-11f1-8fdf-0255ac12109b, CMI_PANDANWANGI, , 9ffbdd8f-1797-11f1-b3b6-0255ac120212, 32BDG_0102, ,	 107.72435, , , 0, , , , No, , , -6.94638, , , , , , , , , , , -6.94638, ce1d6700-f34d-11f0-80d8-0255ac12193b, , , , , , ,	 107.72435, , , , , , 23, , , , , , , , 176cf28c-16df-11f1-907a-0255ac1203f4, 32BDG_0102, , true,	 1786017787526, 2026-08-06 12:03:07, e703fcc2-e165-11f0-a9fb-0255ac121097, , , , , , , CMI, , , , , No, No, No, , 
 2df57184-f362-11f0-82f8-0255ac12021f, , , , , , f343d1fb-e165-11f0-90da-0255ac121938, , , , f0a18f4d-6bd2-11f1-8cac-0255ac120ff9, , , , , 2595e090-5b4b-11f1-8fdf-0255ac12109b, CMI_CIMAHI, , 9ffbdd8f-1797-11f1-b3b6-0255ac120212, 32CMH_0003, ,	 107.54012, , , 0, , , , No, , , -6.89055, , , , , , , , , , , -6.89055, ce1d6700-f34d-11f0-80d8-0255ac12193b, , , , , , ,	 107.54012, , , , , , 15, , , , , , , , 1774458e-16df-11f1-907a-0255ac1203f4, 32CMH_0003, , true,	 1786017787575, 2026-08-06 12:03:07, e703fcc2-e165-11f0-a9fb-0255ac121097, , , , , , , CMI, , , , , No, No, No, , 
 2df57184-f362-11f0-82f8-0255ac12021f, , , , , , f343d1fb-e165-11f0-90da-0255ac121938, , , , f0a18f4d-6bd2-11f1-8cac-0255ac120ff9, , , , , 205c3714-5d7f-11f1-a63d-0255ac1203fc, CMI_BABAKAN_CIREBON, , 58ca3c25-2cb4-11f1-ab67-0255ac1208c4, 32CBN_0025, ,	 108.70631, , , 0, , , , No, , , -6.86033, , , , , , , , , , , -6.86033, ce1d6700-f34d-11f0-80d8-0255ac12193b, , , , , , ,	 108.70631, , , , , , 2, , , , , , , , 17757e39-16df-11f1-907a-0255ac1203f4, 32CBN_0025, , true,	 1786017787600, 2026-08-06 12:03:07, e703fcc2-e165-11f0-a9fb-0255ac121097, , , , , , , CMI, , , , , No, No, No, , 
 2df57184-f362-11f0-82f8-0255ac12021f, , , , , , f343d1fb-e165-11f0-90da-0255ac121938, , , , f0a18f4d-6bd2-11f1-8cac-0255ac120ff9, , , , , 258f50c2-5b4b-11f1-8fdf-0255ac12109b, CMI_STADION_BEKASI_HUB, , 47b0e452-4eb8-11f1-a63d-0255ac1203fc, 32BKS_0115, ,	 106.98689, , , 0, , , , No, , , -6.24482, , , , , , , , , , , -6.24482, ce1d6700-f34d-11f0-80d8-0255ac12193b, , , , , , ,	 106.98689, , , , , ,	 208, , , , , , , , 17811745-16df-11f1-907a-0255ac1203f4, 32BKS_0115, , true,	 1786017787599, 2026-08-06 12:03:07, e703fcc2-e165-11f0-a9fb-0255ac121097, , , , , , , CMI, , , , , No, No, No, , 
 2df57184-f362-11f0-82f8-0255ac12021f, , , , , , f343d1fb-e165-11f0-90da-0255ac121938, , , , f0a18f4d-6bd2-11f1-8cac-0255ac120ff9, , , , , 258f50c2-5b4b-11f1-8fdf-0255ac12109b, CMI_MARGA_MULYA, , 47b0e452-4eb8-11f1-a63d-0255ac1203fc, 32BKS_0124, ,	 107.00178, , , 0, , , , No, , , -6.22964, , , , , , , , , , , -6.22964, ce1d6700-f34d-11f0-80d8-0255ac12193b, , , , , , ,	 107.00178, , , , , , 52, , , , , , , , 1782ec3f-16df-11f1-907a-0255ac1203f4, 32BKS_0124, , true,	 1786017788328, 2026-08-06 12:03:08, e703fcc2-e165-11f0-a9fb-0255ac121097, , , , , , , CMI, , , , , No, No, No, , 
 2df57184-f362-11f0-82f8-0255ac12021f, , , , , , f343d1fb-e165-11f0-90da-0255ac121938, , , , f0a18f4d-6bd2-11f1-8cac-0255ac120ff9, , , , , 258f50c2-5b4b-11f1-8fdf-0255ac12109b, CMI_STADION_BEKASI, , 47b0e452-4eb8-11f1-a63d-0255ac1203fc, 32BKS_0114, ,	 106.988166, , , 0, , , , No, , , -6.239905, , , , , , , , , , , -6.239905, ce1d6700-f34d-11f0-80d8-0255ac12193b, , , , , , ,	 106.988166, , , , , ,	 327, , , , , , , , 17831356-16df-11f1-907a-0255ac1203f4, 32BKS_0114, , true,	 1786017787603, 2026-08-06 12:03:07, e703fcc2-e165-11f0-a9fb-0255ac121097, , , , , , , CMI, , , , , No, No, No, , 
 2df57184-f362-11f0-82f8-0255ac12021f, , , , , , f343d1fb-e165-11f0-90da-0255ac121938, , , , f0a18f4d-6bd2-11f1-8cac-0255ac120ff9, , , , , 24e86274-5b4b-11f1-8fdf-0255ac12109b, CMI_MALEBER, , aa157741-1797-11f1-bdcd-0255ac121084, 32CJR_0003, ,	 107.17156, , , 0, , , , No, , , -6.82058, , , , , , , , , , , -6.82058, ce1d6700-f34d-11f0-80d8-0255ac12193b, , , , , , ,	 107.17156, , , , , , 80, , , , , , , , 17844b0b-16df-11f1-907a-0255ac1203f4, 32CJR_0003, , true,	 1786017787691, 2026-08-06 12:03:07, e703fcc2-e165-11f0-a9fb-0255ac121097, , , , , , , CMI, , , , , No, No, No, , 
 2df57184-f362-11f0-82f8-0255ac12021f, , , , , , f343d1fb-e165-11f0-90da-0255ac121938, , , , f0a18f4d-6bd2-11f1-8cac-0255ac120ff9, , , , , 7baa6b5b-f34e-11f0-a8cb-0255ac1211f7, CMI_NURJANAH, , 47b0e452-4eb8-11f1-a63d-0255ac1203fc, 32BKS_0162, ,	 107.06202, , , 0, , , , No, , , -6.26424, , , , , , , , , , , -6.26424, ce1d6700-f34d-11f0-80d8-0255ac12193b, , , , , , ,	 107.06202, , , , , , , , , , , , , , 1784e75a-16df-11f1-907a-0255ac1203f4, 32BKS_0162, , true,	 1786017788805, 2026-08-06 12:03:08, e703fcc2-e165-11f0-a9fb-0255ac121097, , , , , , , CMI, , , , , No, No, No, , 
 2df57184-f362-11f0-82f8-0255ac12021f, , , , , , f343d1fb-e165-11f0-90da-0255ac121938, , , , f0a18f4d-6bd2-11f1-8cac-0255ac120ff9, , , , , 254d8c60-5b4b-11f1-8fdf-0255ac12109b, CMI_DAWUAN, , a40cd1fc-1797-11f1-bdcd-0255ac121084, 32KWG_0024, ,	 107.438161, , , 0, , , , No, , , -6.397786, , , , , , , , , , , -6.397786, ce1d6700-f34d-11f0-80d8-0255ac12193b, , , , , , ,	 107.438161, , , , , , , , , , , , , , 178ab42f-16df-11f1-907a-0255ac1203f4, 32KWG_0024, , true,	 1786017787776, 2026-08-06 12:03:07, e703fcc2-e165-11f0-a9fb-0255ac121097, , , , , , , CMI, , , , , No, No, No, , 
 2df57184-f362-11f0-82f8-0255ac12021f, , , , , , f343d1fb-e165-11f0-90da-0255ac121938, , , , f0a18f4d-6bd2-11f1-8cac-0255ac120ff9, , , , , 2576c00a-5b4b-11f1-8fdf-0255ac12109b, CMI_PURWAKARTA_UT, , 58bfb47e-2cb4-11f1-ab67-0255ac1208c4, 32PWK_0016, ,	 107.45789, , , 0, , , , No, , , -6.50912, , , , , , , , , , , -6.50912, ce1d6700-f34d-11f0-80d8-0255ac12193b, , , , , , ,	 107.45789, , , , , , , , , , , , , , 178cfe68-16df-11f1-907a-0255ac1203f4, 32PWK_0016, , true,	 1786017787801, 2026-08-06 12:03:07, e703fcc2-e165-11f0-a9fb-0255ac121097, , , , , , , CMI, , , , , No, No, No, , 
 2df57184-f362-11f0-82f8-0255ac12021f, , , , , , f343d1fb-e165-11f0-90da-0255ac121938, , , , f0a18f4d-6bd2-11f1-8cac-0255ac120ff9, , , , , 7baa6b5b-f34e-11f0-a8cb-0255ac1211f7, CMI_TELAGAMURNI_CIKARANGBRT_CKR, , 47b0e452-4eb8-11f1-a63d-0255ac1203fc, 32BKS_0063, ,	 107.11677, , , 0, , , , No, , , -6.26618, , , , , , , , , , , -6.26618, ce1d6700-f34d-11f0-80d8-0255ac12193b, , , , , , ,	 107.11677, , , , , , , , , , , , , , 17958906-16df-11f1-907a-0255ac1203f4, 32BKS_0063, , true,	 1786017787788, 2026-08-06 12:03:07, e703fcc2-e165-11f0-a9fb-0255ac121097, , , , , , , CMI, , , , , No, No, No, , 
 1ac88c88-0300-11f1-bdcd-0255ac121084, , , , , , f343d1fb-e165-11f0-90da-0255ac121938, , , , f0a18f4d-6bd2-11f1-8cac-0255ac120ff9, , , , , 24eb6fb8-5b4b-11f1-8fdf-0255ac12109b, CMI_MENGANTI, , 4780acb3-4eb8-11f1-a63d-0255ac1203fc, 33CLP_0023, ,	 109.07227, , , 0, , , , No, , , -7.65997, , , , , , , , , , , -7.65997, ce1d6700-f34d-11f0-80d8-0255ac12193b, , , , , , ,	 109.07227, , , , , ,	 116, , , , , , , , 17ae687d-16df-11f1-907a-0255ac1203f4, 33CLP_0023, , true,	 1786017787794, 2026-08-06 12:03:07, b48c3ea5-fb2f-11f0-be90-0255ac120057, , , , , , , CMI, , , , , No, No, No, , 
 1ac88c88-0300-11f1-bdcd-0255ac121084, , , , , , f343d1fb-e165-11f0-90da-0255ac121938, , , , f0a18f4d-6bd2-11f1-8cac-0255ac120ff9, , , , , 2574eb46-5b4b-11f1-8fdf-0255ac12109b, CMI_TEGAL_MELATI_DUKUH_SIKETUNG, , afde0691-1797-11f1-b148-0255ac1210a3, 33PML_0011, ,	 109.44909, , , 0, , , , No, , , -6.88707, , , , , , , , , , , -6.88707, ce1d6700-f34d-11f0-80d8-0255ac12193b, , , , , , ,	 109.44909, , , , , , 52, , , , , , , , 17ae8f92-16df-11f1-907a-0255ac1203f4, 33PML_0011, , true,	 1786017787718, 2026-08-06 12:03:07, e70a8cd9-e165-11f0-a9fb-0255ac121097, , , , , , , CMI, , , , , No, No, No, , 
 1ac88c88-0300-11f1-bdcd-0255ac121084, , , , , , f343d1fb-e165-11f0-90da-0255ac121938, , , , f0a18f4d-6bd2-11f1-8cac-0255ac120ff9, , , , , 24eb6fb8-5b4b-11f1-8fdf-0255ac12109b, CMI_MAOS_II, , 93d8b78c-1797-11f1-be90-0255ac120057, 33CLP_0038, ,	 109.148, , , 0, , , , No, , , -7.60105, , , , , , , , , , , -7.60105, ce1d6700-f34d-11f0-80d8-0255ac12193b, , , , , , ,	 109.148, , , , , ,	 361, , , , , , , , 17aeddba-16df-11f1-907a-0255ac1203f4, 33CLP_0038, , true,	 1786017787776, 2026-08-06 12:03:07, b48c3ea5-fb2f-11f0-be90-0255ac120057, , , , , , , CMI, , , , , No, No, No, , 
 1ac88c88-0300-11f1-bdcd-0255ac121084, , , , , , f343d1fb-e165-11f0-90da-0255ac121938, , , , f0a18f4d-6bd2-11f1-8cac-0255ac120ff9, , , , , 24eb6fb8-5b4b-11f1-8fdf-0255ac12109b, CMI_WLAHAR, , 4780acb3-4eb8-11f1-a63d-0255ac1203fc, 33CLP_0032, ,	 109.14592, , , 0, , , , No, , , -7.67224, , , , , , , , , , , -7.67224, ce1d6700-f34d-11f0-80d8-0255ac12193b, , , , , , ,	 109.14592, , , , , , 62, , , , , , , , 17af2be9-16df-11f1-907a-0255ac1203f4, 33CLP_0032, , true,	 1786017787820, 2026-08-06 12:03:07, b48c3ea5-fb2f-11f0-be90-0255ac120057, , , , , , , CMI, , , , , No, No, No, , 
 1ac88c88-0300-11f1-bdcd-0255ac121084, , , , , , f343d1fb-e165-11f0-90da-0255ac121938, , , , f0a18f4d-6bd2-11f1-8cac-0255ac120ff9, , , , , 24eb6fb8-5b4b-11f1-8fdf-0255ac12109b, CMI_ADIREJA, , 4780acb3-4eb8-11f1-a63d-0255ac1203fc, 33CLP_0035, ,	 109.16676, , , 0, , , , No, , , -7.66736, , , , , , , , , , , -7.66736, ce1d6700-f34d-11f0-80d8-0255ac12193b, , , , , , ,	 109.16676, , , , , , 33, , , , , , , , 17af52fb-16df-11f1-907a-0255ac1203f4, 33CLP_0035, , true,	 1786017787814, 2026-08-06 12:03:07, b48c3ea5-fb2f-11f0-be90-0255ac120057, , , , , , , CMI, , , , , No, No, No, , 
 1ac88c88-0300-11f1-bdcd-0255ac121084, , , , , , f343d1fb-e165-11f0-90da-0255ac121938, , , , f0a18f4d-6bd2-11f1-8cac-0255ac120ff9, , , , , 25820a13-5b4b-11f1-8fdf-0255ac12109b, CMI_GUPIT, , b3f5645d-1797-11f1-b289-0255ac12100b, 33SKH_0008, ,	 110.86936, , , 0, , , , No, , , -7.73106, , , , , , , , , , , -7.73106, ce1d6700-f34d-11f0-80d8-0255ac12193b, , , , , , ,	 110.86936, , , , , , 5, , , , , , , , 17afef49-16df-11f1-907a-0255ac1203f4, 33SKH_0008, , true,	 1786017787887, 2026-08-06 12:03:07, b48c3ea5-fb2f-11f0-be90-0255ac120057, , , , , , , CMI, , , , , No, No, No, , 
 1ac88c88-0300-11f1-bdcd-0255ac121084, , , , , , f343d1fb-e165-11f0-90da-0255ac121938, , , , f0a18f4d-6bd2-11f1-8cac-0255ac120ff9, , , , , 25820a13-5b4b-11f1-8fdf-0255ac12109b, CMI_SIDOREJO_3, , b3f5645d-1797-11f1-b289-0255ac12100b, 33SKH_0009, ,	 110.83495, , , 0, , , , No, , , -7.66555, , , , , , , , , , , -7.66555, ce1d6700-f34d-11f0-80d8-0255ac12193b, , , , , , ,	 110.83495, , , , , , 27, , , , , , , , 17b100cf-16df-11f1-907a-0255ac1203f4, 33SKH_0009, , true,	 1786017787982, 2026-08-06 12:03:07, b48c3ea5-fb2f-11f0-be90-0255ac120057, , , , , , , CMI, , , , , No, No, No, , 
 1ac88c88-0300-11f1-bdcd-0255ac121084, , , , , , f343d1fb-e165-11f0-90da-0255ac121938, , , , f0a18f4d-6bd2-11f1-8cac-0255ac120ff9, , , , , 25820a13-5b4b-11f1-8fdf-0255ac12109b, CMI_BEGAJAH_1, , b3f5645d-1797-11f1-b289-0255ac12100b, 33SKH_0007, ,	 110.86671, , , 0, , , , No, , , -7.70691, , , , , , , , , , , -7.70691, ce1d6700-f34d-11f0-80d8-0255ac12193b, , , , , , ,	 110.86671, , , , , , 49, , , , , , , , 17b127e1-16df-11f1-907a-0255ac1203f4, 33SKH_0007, , true,	 1786017788089, 2026-08-06 12:03:08, b48c3ea5-fb2f-11f0-be90-0255ac120057, , , , , , , CMI, , , , , No, No, No, , 
 1ac88c88-0300-11f1-bdcd-0255ac121084, , , , , , f343d1fb-e165-11f0-90da-0255ac121938, , , , f0a18f4d-6bd2-11f1-8cac-0255ac120ff9, , , , , 2573649e-5b4b-11f1-8fdf-0255ac12109b, CMI_MAYANGAN_WIRA_DESA, , afde0691-1797-11f1-b148-0255ac1210a3, 33PKL_0001, ,	 109.61002, , , 0, , , , No, , , -6.90356, , , , , , , , , , , -6.90356, ce1d6700-f34d-11f0-80d8-0255ac12193b, , , , , , ,	 109.61002, , , , , ,	 151, , , , , , , , 17b1760b-16df-11f1-907a-0255ac1203f4, 33PKL_0001, , true,	 1786017788102, 2026-08-06 12:03:08, b48c3ea5-fb2f-11f0-be90-0255ac120057, , , , , , , CMI, , , , , No, No, No, , 
 1ac88c88-0300-11f1-bdcd-0255ac121084, , , , , , f343d1fb-e165-11f0-90da-0255ac121938, , , , f0a18f4d-6bd2-11f1-8cac-0255ac120ff9, , , , , 24eb6fb8-5b4b-11f1-8fdf-0255ac12109b, CMI_LOMANIS_1, , 477bca99-4eb8-11f1-a63d-0255ac1203fc, 33CLP_0017, ,	 109.00671, , , 0, , , , No, , , -7.69803, , , , , , , , , , , -7.69803, ce1d6700-f34d-11f0-80d8-0255ac12193b, , , , , , ,	 109.00671, , , , , ,	 148, , , , , , , , 17b2608a-16df-11f1-907a-0255ac1203f4, 33CLP_0017, , true,	 1786017788194, 2026-08-06 12:03:08, b48c3ea5-fb2f-11f0-be90-0255ac120057, , , , , , , CMI, , , , , No, No, No, , 
 1ac88c88-0300-11f1-bdcd-0255ac121084, , , , , , f343d1fb-e165-11f0-90da-0255ac121938, , , , f0a18f4d-6bd2-11f1-8cac-0255ac120ff9, , , , , 25820a13-5b4b-11f1-8fdf-0255ac12109b, CMI_DUKUHMOJOLABAN, , b3f5645d-1797-11f1-b289-0255ac12100b, 33SKH_0010, ,	 110.86086, , , 0, , , , No, , , -7.59319, , , , , , , , , , , -7.59319, ce1d6700-f34d-11f0-80d8-0255ac12193b, , , , , , ,	 110.86086, , , , , , 50, , , , , , , , 17b34b0c-16df-11f1-907a-0255ac1203f4, 33SKH_0010, , true,	 1786017787982, 2026-08-06 12:03:07, b48c3ea5-fb2f-11f0-be90-0255ac120057, , , , , , , CMI, , , , , No, No, No, , 
 1ac88c88-0300-11f1-bdcd-0255ac121084, , , , , , f343d1fb-e165-11f0-90da-0255ac121938, , , , f0a18f4d-6bd2-11f1-8cac-0255ac120ff9, , , , , 2574eb46-5b4b-11f1-8fdf-0255ac12109b, CMI_JATIREJO, , afde0691-1797-11f1-b148-0255ac1210a3, 33PML_0022, ,	 109.5218, , , 0, , , , No, , , -6.90101, , , , , , , , , , , -6.90101, ce1d6700-f34d-11f0-80d8-0255ac12193b, , , , , , ,	 109.5218, , , , , , 8, , , , , , , , 17b45ba0-16df-11f1-907a-0255ac1203f4, 33PML_0022, , true,	 1786017787986, 2026-08-06 12:03:07, e70a8cd9-e165-11f0-a9fb-0255ac121097, , , , , , , CMI, , , , , No, No, No, , 
 1ac88c88-0300-11f1-bdcd-0255ac121084, , , , , , f343d1fb-e165-11f0-90da-0255ac121938, , , , f0a18f4d-6bd2-11f1-8cac-0255ac120ff9, , , , , 2574eb46-5b4b-11f1-8fdf-0255ac12109b, CMI_SIKAYU, , afde0691-1797-11f1-b148-0255ac1210a3, 33PML_0023, ,	 109.54105, , , 0, , , , No, , , -6.9023, , , , , , , , , , , -6.9023, ce1d6700-f34d-11f0-80d8-0255ac12193b, , , , , , ,	 109.54105, , , , , , 5, , , , , , , , 17b5bb5c-16df-11f1-907a-0255ac1203f4, 33PML_0023, , true,	 1786017788005, 2026-08-06 12:03:07, e70a8cd9-e165-11f0-a9fb-0255ac121097, , , , , , , CMI, , , , , No, No, No, , 
 1ac88c88-0300-11f1-bdcd-0255ac121084, , , , , , f343d1fb-e165-11f0-90da-0255ac121938, , , , f0a18f4d-6bd2-11f1-8cac-0255ac120ff9, , , , , 254bdea6-5b4b-11f1-8fdf-0255ac12109b, CMI_WONOREJO, , b3f5645d-1797-11f1-b289-0255ac12100b, 33KRG_0009, ,	 110.82602, , , 0, , , , No, , , -7.52113, , , , , , , , , , , -7.52113, ce1d6700-f34d-11f0-80d8-0255ac12193b, , , , , , ,	 110.82602, , , , , , 73, , , , , , , , 17b67ecc-16df-11f1-907a-0255ac1203f4, 33KRG_0009, , true,	 1786017788093, 2026-08-06 12:03:08, b48c3ea5-fb2f-11f0-be90-0255ac120057, , , , , , , CMI, , , , , No, No, No, , 
 1ac88c88-0300-11f1-bdcd-0255ac121084, , , , , , f343d1fb-e165-11f0-90da-0255ac121938, , , , f0a18f4d-6bd2-11f1-8cac-0255ac120ff9, , , , , 254bdea6-5b4b-11f1-8fdf-0255ac12109b, CMI_WONOLAPAN, , b3f5645d-1797-11f1-b289-0255ac12100b, 33KRG_0008, ,	 110.83675, , , , , , , No, , , -7.5242, , , , , , , , , , , -7.5242, ce1d6700-f34d-11f0-80d8-0255ac12193b, , , , , , ,	 110.83675, , , , , , , , , , , , , , 17b6ccf9-16df-11f1-907a-0255ac1203f4, 33KRG_0008, , true,	 1786017788885, 2026-08-06 12:03:08, b48c3ea5-fb2f-11f0-be90-0255ac120057, , , , , , , CMI, , , , , No, No, No, , 
 1ac88c88-0300-11f1-bdcd-0255ac121084, , , , , , f343d1fb-e165-11f0-90da-0255ac121938, , , , f0a18f4d-6bd2-11f1-8cac-0255ac120ff9, , , , , 24eb6fb8-5b4b-11f1-8fdf-0255ac12109b, CMI_MAOS_LOR, , 93d8b78c-1797-11f1-be90-0255ac120057, 33CLP_0039, ,	 109.14671, , , 0, , , , No, , , -7.59239, , , , , , , , , , , -7.59239, ce1d6700-f34d-11f0-80d8-0255ac12193b, , , , , , ,	 109.14671, , , , , ,	 126, , , , , , , , 17b6f40a-16df-11f1-907a-0255ac1203f4, 33CLP_0039, , true,	 1786017788198, 2026-08-06 12:03:08, b48c3ea5-fb2f-11f0-be90-0255ac120057, , , , , , , CMI, , , , , No, No, No, , 
 1ac88c88-0300-11f1-bdcd-0255ac121084, , , , , , f343d1fb-e165-11f0-90da-0255ac121938, , , , f0a18f4d-6bd2-11f1-8cac-0255ac120ff9, , , , , 24eef23d-5b4b-11f1-8fdf-0255ac12109b, CMI_BRUMBUNG_II, , 9120c34a-1797-11f1-be90-0255ac120057, 33DMK_0006, ,	 110.52434, , , 0, , , , No, , , -7.00769, , , , , , , , , , , -7.00769, ce1d6700-f34d-11f0-80d8-0255ac12193b, , , , , , ,	 110.52434, , , , , ,	 138, , , , , , , , 17b71b1b-16df-11f1-907a-0255ac1203f4, 33DMK_0006, , true,	 1786017788108, 2026-08-06 12:03:08, e70a8cd9-e165-11f0-a9fb-0255ac121097, , , , , , , CMI, , , , , No, No, No, , 
 1ac88c88-0300-11f1-bdcd-0255ac121084, , , , , , f343d1fb-e165-11f0-90da-0255ac121938, , , , f0a18f4d-6bd2-11f1-8cac-0255ac120ff9, , , , , 254bdea6-5b4b-11f1-8fdf-0255ac12109b, CMI_KEBAK, , b3f5645d-1797-11f1-b289-0255ac12100b, 33KRG_0027, ,	 110.90672, , , 0, , , , No, , , -7.52444, , , , , , , , , , , -7.52444, ce1d6700-f34d-11f0-80d8-0255ac12193b, , , , , , ,	 110.90672, , , , , , 6, , , , , , , , 17b76945-16df-11f1-907a-0255ac1203f4, 33KRG_0027, , true,	 1786017788196, 2026-08-06 12:03:08, b48c3ea5-fb2f-11f0-be90-0255ac120057, , , , , , , CMI, , , , , No, No, No, , 
 1ac88c88-0300-11f1-bdcd-0255ac121084, , , , , , f343d1fb-e165-11f0-90da-0255ac121938, , , , f0a18f4d-6bd2-11f1-8cac-0255ac120ff9, , , , , 24e4dfff-5b4b-11f1-8fdf-0255ac12109b, CMI_DUKUH_TENGAH, , 590d86e8-2cb4-11f1-ab67-0255ac1208c4, 33BBS_0009, ,	 108.89043, , , 0, , , , No, , , -6.93436, , , , , , , , , , , -6.93436, ce1d6700-f34d-11f0-80d8-0255ac12193b, , , , , , ,	 108.89043, , , , , , 76, , , , , , , , 17b8c8ee-16df-11f1-907a-0255ac1203f4, 33BBS_0009, , true,	 1786017788125, 2026-08-06 12:03:08, e70a8cd9-e165-11f0-a9fb-0255ac121097, , , , , , , CMI, , , , , No, No, No, , 
 1ac88c88-0300-11f1-bdcd-0255ac121084, , , , , , f343d1fb-e165-11f0-90da-0255ac121938, , , , f0a18f4d-6bd2-11f1-8cac-0255ac120ff9, , , , , 254f3a14-5b4b-11f1-8fdf-0255ac12109b, CMI_SUMBERADI_KEBUMEN, , 58e31b1a-2cb4-11f1-ab67-0255ac1208c4, 33KBM_0009, ,	 109.68971, , , 0, , , , No, , , -7.68175, , , , , , , , , , , -7.68175, ce1d6700-f34d-11f0-80d8-0255ac12193b, , , , , , ,	 109.68971, , , , , , 36, , , , , , , , 17b9da8a-16df-11f1-907a-0255ac1203f4, 33KBM_0009, , true,	 1786017788184, 2026-08-06 12:03:08, b48c3ea5-fb2f-11f0-be90-0255ac120057, , , , , , , CMI, , , , , No, No, No, , 
 1ac88c88-0300-11f1-bdcd-0255ac121084, , , , , , f343d1fb-e165-11f0-90da-0255ac121938, , , , f0a18f4d-6bd2-11f1-8cac-0255ac120ff9, , , , , 25adfbc2-5b4b-11f1-8fdf-0255ac12109b, CMI_SRIGUNTING_RANDUGUNTING, , 590d86e8-2cb4-11f1-ab67-0255ac1208c4, 33TGL_0024, ,	 109.14014, , , 0, , , , No, , , -6.88212, , , , , , , , , , , -6.88212, ce1d6700-f34d-11f0-80d8-0255ac12193b, , , , , , ,	 109.14014, , , , , ,	 104, , , , , , , , 17baec27-16df-11f1-907a-0255ac1203f4, 33TGL_0024, , true,	 1786017788185, 2026-08-06 12:03:08, e70a8cd9-e165-11f0-a9fb-0255ac121097, , , , , , , CMI, , , , , No, No, No, , 
 1ac88c88-0300-11f1-bdcd-0255ac121084, , , , , , f343d1fb-e165-11f0-90da-0255ac121938, , , , f0a18f4d-6bd2-11f1-8cac-0255ac120ff9, , , , , 2552bc93-5b4b-11f1-8fdf-0255ac12109b, CMI_TRATEMULYO_WELERI, , afde0691-1797-11f1-b148-0255ac1210a3, 33KDL_0001, ,	 110.07366, , , 0, , , , No, , , -6.96753, , , , , , , , , , , -6.96753, ce1d6700-f34d-11f0-80d8-0255ac12193b, , , , , , ,	 110.07366, , , , , ,	 170, , , , , , , , 17bb133f-16df-11f1-907a-0255ac1203f4, 33KDL_0001, , true,	 1786017788191, 2026-08-06 12:03:08, b48c3ea5-fb2f-11f0-be90-0255ac120057, , , , , , , CMI, , , , , No, No, No, , 
 1ac88c88-0300-11f1-bdcd-0255ac121084, , , , , , f343d1fb-e165-11f0-90da-0255ac121938, , , , f0a18f4d-6bd2-11f1-8cac-0255ac120ff9, , , , , 254f3a14-5b4b-11f1-8fdf-0255ac12109b, CMI_PEJAGOAN, , 58e31b1a-2cb4-11f1-ab67-0255ac1208c4, 33KBM_0010, ,	 109.64073, , , 0, , , , No, , , -7.67252, , , , , , , , , , , -7.67252, ce1d6700-f34d-11f0-80d8-0255ac12193b, , , , , , ,	 109.64073, , , , , , 75, , , , , , , , 17be1fe5-16df-11f1-907a-0255ac1203f4, 33KBM_0010, , true,	 1786017788198, 2026-08-06 12:03:08, b48c3ea5-fb2f-11f0-be90-0255ac120057, , , , , , , CMI, , , , , No, No, No, , 
 1ac88c88-0300-11f1-bdcd-0255ac121084, , , , , , f343d1fb-e165-11f0-90da-0255ac121938, , , , f0a18f4d-6bd2-11f1-8cac-0255ac120ff9, , , , , 258a6eab-5b4b-11f1-8fdf-0255ac12109b, CMI_BRAJAN, , b3f5645d-1797-11f1-b289-0255ac12100b, 33WNG_0001, ,	 110.90186, , , 0, , , , No, , , -7.79302, , , , , , , , , , , -7.79302, ce1d6700-f34d-11f0-80d8-0255ac12193b, , , , , , ,	 110.90186, , , , , , 89, , , , , , , , 17be6e0c-16df-11f1-907a-0255ac1203f4, 33WNG_0001, , true,	 1786017788217, 2026-08-06 12:03:08, b48c3ea5-fb2f-11f0-be90-0255ac120057, , , , , , , CMI, , , , , No, No, No, , 
 1ac88c88-0300-11f1-bdcd-0255ac121084, , , , , , f343d1fb-e165-11f0-90da-0255ac121938, , , , f0a18f4d-6bd2-11f1-8cac-0255ac120ff9, , , , , 24e4dfff-5b4b-11f1-8fdf-0255ac12109b, CMI_KLAMPOK_WANASARI, , ce2b4a23-74a7-11f1-9cdd-0255ac1211fc, 33BBS_0010, ,	 108.99917, , , 0, , , , No, , , -6.86571, , , , , , , , , , , -6.86571, ce1d6700-f34d-11f0-80d8-0255ac12193b, , , , , , ,	 108.99917, , , , , ,	 139, , , , , , , , 17bebc32-16df-11f1-907a-0255ac1203f4, 33BBS_0010, , true,	 1786017788220, 2026-08-06 12:03:08, e70a8cd9-e165-11f0-a9fb-0255ac121097, , , , , , , CMI, , , , , No, No, No, , 
 1ac88c88-0300-11f1-bdcd-0255ac121084, , , , , , f343d1fb-e165-11f0-90da-0255ac121938, , , , f0a18f4d-6bd2-11f1-8cac-0255ac120ff9, , , , , 25a45fb8-5b4b-11f1-8fdf-0255ac12109b, CMI_TAMBAKHARJO, , 9120c34a-1797-11f1-be90-0255ac120057, 33SMG_0084, ,	 110.36483, , , 0, , , , No, , , -6.98058, , , , , , , , , , , -6.98058, ce1d6700-f34d-11f0-80d8-0255ac12193b, , , , , , ,	 110.36483, , , , , ,	 462, , , , , , , , 17bebc33-16df-11f1-907a-0255ac1203f4, 33SMG_0084, , true,	 1786017788278, 2026-08-06 12:03:08, b48c3ea5-fb2f-11f0-be90-0255ac120057, , , , , , , CMI, , , , , No, No, No, , 
 1ac88c88-0300-11f1-bdcd-0255ac121084, , , , , , f343d1fb-e165-11f0-90da-0255ac121938, , , , f0a18f4d-6bd2-11f1-8cac-0255ac120ff9, , , , , 24eb6fb8-5b4b-11f1-8fdf-0255ac12109b, CMI_SIDAREJA, , 477bca99-4eb8-11f1-a63d-0255ac1203fc, 33CLP_0044, ,	 108.79221, , , 0, , , , No, , , -7.48346, , , , , , , , , , , -7.48346, ce1d6700-f34d-11f0-80d8-0255ac12193b, , , , , , ,	 108.79221, , , , , ,	 168, , , , , , , , 17bf0a56-16df-11f1-907a-0255ac1203f4, 33CLP_0044, , true,	 1786017788284, 2026-08-06 12:03:08, b48c3ea5-fb2f-11f0-be90-0255ac120057, , , , , , , CMI, , , , , No, No, No, , 
 1ac88c88-0300-11f1-bdcd-0255ac121084, , , , , , f343d1fb-e165-11f0-90da-0255ac121938, , , , f0a18f4d-6bd2-11f1-8cac-0255ac120ff9, , , , , 25a940c5-5b4b-11f1-8fdf-0255ac12109b, CMI_KAMPUNG_SEWU, , b3f5645d-1797-11f1-b289-0255ac12100b, 33SKT_0048, ,	 110.84225, , , 0, , , , No, , , -7.57328, , , , , , , , , , , -7.57328, ce1d6700-f34d-11f0-80d8-0255ac12193b, , , , , , ,	 110.84225, , , , , ,	 122, , , , , , , , 17bf0a57-16df-11f1-907a-0255ac1203f4, 33SKT_0048, , true,	 1786017788321, 2026-08-06 12:03:08, b48c3ea5-fb2f-11f0-be90-0255ac120057, , , , , , , CMI, , , , , No, No, No, , 
 1ac88c88-0300-11f1-bdcd-0255ac121084, , , , , , f343d1fb-e165-11f0-90da-0255ac121938, , , , f0a18f4d-6bd2-11f1-8cac-0255ac120ff9, , , , , 2552bc93-5b4b-11f1-8fdf-0255ac12109b, CMI_MANGKANG, , 9120c34a-1797-11f1-be90-0255ac120057, 33KDL_0002, ,	 110.2869, , , 0, , , , No, , , -6.96604, , , , , , , , , , , -6.96604, ce1d6700-f34d-11f0-80d8-0255ac12193b, , , , , , ,	 110.2869, , , , , , 22, , , , , , , , 17bfa6a2-16df-11f1-907a-0255ac1203f4, 33KDL_0002, , true,	 1786017788301, 2026-08-06 12:03:08, e70a8cd9-e165-11f0-a9fb-0255ac121097, , , , , , , CMI, , , , , No, No, No, , 
 1ac88c88-0300-11f1-bdcd-0255ac121084, , , , , , f343d1fb-e165-11f0-90da-0255ac121938, , , , f0a18f4d-6bd2-11f1-8cac-0255ac120ff9, , , , , 24eef23d-5b4b-11f1-8fdf-0255ac12109b, CMI_MENUR_MRANGGEN, , 9120c34a-1797-11f1-be90-0255ac120057, 33DMK_0005, ,	 110.5119, , , 0, , , , No, , , -7.00722, , , , , , , , , , , -7.00722, ce1d6700-f34d-11f0-80d8-0255ac12193b, , , , , , ,	 110.5119, , , , , , 43, , , , , , , , 17c2662f-16df-11f1-907a-0255ac1203f4, 33DMK_0005, , true,	 1786017788320, 2026-08-06 12:03:08, e70a8cd9-e165-11f0-a9fb-0255ac121097, , , , , , , CMI, , , , , No, No, No, , 
 1ac88c88-0300-11f1-bdcd-0255ac121084, , , , , , f343d1fb-e165-11f0-90da-0255ac121938, , , , f0a18f4d-6bd2-11f1-8cac-0255ac120ff9, , , , , 25a940c5-5b4b-11f1-8fdf-0255ac12109b, CMI_JLNSURYO, , b3f5645d-1797-11f1-b289-0255ac12100b, 33SKT_0049, ,	 110.84374, , , 0, , , , No, , , -7.56481, , , , , , , , , , , -7.56481, ce1d6700-f34d-11f0-80d8-0255ac12193b, , , , , , ,	 110.84374, , , , , ,	 492, , , , , , , , 17c43a1d-16df-11f1-907a-0255ac1203f4, 33SKT_0049, , true,	 1786017788376, 2026-08-06 12:03:08, b48c3ea5-fb2f-11f0-be90-0255ac120057, , , , , , , CMI, , , , , No, No, No, , 
 1ac88c88-0300-11f1-bdcd-0255ac121084, , , , , , f343d1fb-e165-11f0-90da-0255ac121938, , , , f0a18f4d-6bd2-11f1-8cac-0255ac120ff9, , , , , 2554433a-5b4b-11f1-8fdf-0255ac12109b, CMI_CEPER, , 8dbc3c11-1797-11f1-8caf-0255ac1211f5, 33KLN_0001, ,	 110.65555, , , 0, , , , No, , , -7.6725, , , , , , , , , , , -7.6725, ce1d6700-f34d-11f0-80d8-0255ac12193b, , , , , , ,	 110.65555, , , , , , 72, , , , , , , , 17c4612e-16df-11f1-907a-0255ac1203f4, 33KLN_0001, , true,	 1786017788323, 2026-08-06 12:03:08, b48c3ea5-fb2f-11f0-be90-0255ac120057, , , , , , , CMI, , , , , No, No, No, , 
 1ac88c88-0300-11f1-bdcd-0255ac121084, , , , , , f343d1fb-e165-11f0-90da-0255ac121938, , , , f0a18f4d-6bd2-11f1-8cac-0255ac120ff9, , , , , 25820a13-5b4b-11f1-8fdf-0255ac12109b, CMI_NGUTER, , b3f5645d-1797-11f1-b289-0255ac12100b, 33SKH_0012, ,	 110.8773, , , 0, , , , No, , , -7.74387, , , , , , , , , , , -7.74387, ce1d6700-f34d-11f0-80d8-0255ac12193b, , , , , , ,	 110.8773, , , , , , 20, , , , , , , , 17c4af5d-16df-11f1-907a-0255ac1203f4, 33SKH_0012, , true,	 1786017788398, 2026-08-06 12:03:08, b48c3ea5-fb2f-11f0-be90-0255ac120057, , , , , , , CMI, , , , , No, No, No, , 
 1ac88c88-0300-11f1-bdcd-0255ac121084, , , , , , f343d1fb-e165-11f0-90da-0255ac121938, , , , f0a18f4d-6bd2-11f1-8cac-0255ac120ff9, , , , , 24e4dfff-5b4b-11f1-8fdf-0255ac12109b, CMI_PAGUYANGAN, , ce2b4a23-74a7-11f1-9cdd-0255ac1211fc, 33BBS_0012, ,	 109.03785, , , 0, , , , No, , , -7.30013, , , , , , , , , , , -7.30013, ce1d6700-f34d-11f0-80d8-0255ac12193b, , , , , , ,	 109.03785, , , , , , 39, , , , , , , , 17c4fd91-16df-11f1-907a-0255ac1203f4, 33BBS_0012, , true,	 1786017788397, 2026-08-06 12:03:08, e70a8cd9-e165-11f0-a9fb-0255ac121097, , , , , , , CMI, , , , , No, No, No, , 
 1ac88c88-0300-11f1-bdcd-0255ac121084, , , , , , f343d1fb-e165-11f0-90da-0255ac121938, , , , f0a18f4d-6bd2-11f1-8cac-0255ac120ff9, , , , , 24e4dfff-5b4b-11f1-8fdf-0255ac12109b, CMI_TANJUNG_BREBES, , ce2b4a23-74a7-11f1-9cdd-0255ac1211fc, 33BBS_0011, ,	 108.88551, , , 0, , , , No, , , -6.87191, , , , , , , , , , , -6.87191, ce1d6700-f34d-11f0-80d8-0255ac12193b, , , , , , ,	 108.88551, , , , , ,	 105, , , , , , , , 17c5e805-16df-11f1-907a-0255ac1203f4, 33BBS_0011, , true,	 1786017788387, 2026-08-06 12:03:08, e70a8cd9-e165-11f0-a9fb-0255ac121097, , , , , , , CMI, , , , , No, No, No, , 
 1ac88c88-0300-11f1-bdcd-0255ac121084, , , , , , f343d1fb-e165-11f0-90da-0255ac121938, , , , f0a18f4d-6bd2-11f1-8cac-0255ac120ff9, , , , , 2586ec26-5b4b-11f1-8fdf-0255ac12109b, CMI_ADIWERNA, , 590d86e8-2cb4-11f1-ab67-0255ac1208c4, 33TGL_0026, ,	 109.13494, , , 0, , , , No, , , -6.93711, , , , , , , , , , , -6.93711, ce1d6700-f34d-11f0-80d8-0255ac12193b, , , , , , ,	 109.13494, , , , , , 56, , , , , , , , 17c6362c-16df-11f1-907a-0255ac1203f4, 33TGL_0026, , true,	 1786017788398, 2026-08-06 12:03:08, e70a8cd9-e165-11f0-a9fb-0255ac121097, , , , , , , CMI, , , , , No, No, No, , 
 1ac88c88-0300-11f1-bdcd-0255ac121084, , , , , , f343d1fb-e165-11f0-90da-0255ac121938, , , , f0a18f4d-6bd2-11f1-8cac-0255ac120ff9, , , , , 25adfbc2-5b4b-11f1-8fdf-0255ac12109b, CMI_TEGAL, , 590d86e8-2cb4-11f1-ab67-0255ac1208c4, 33TGL_0029, ,	 109.14576, , , 0, , , , No, , , -6.86579, , , , , , , , , , , -6.86579, ce1d6700-f34d-11f0-80d8-0255ac12193b, , , , , , ,	 109.14576, , , , , , 76, , , , , , , , 17c65d3d-16df-11f1-907a-0255ac1203f4, 33TGL_0029, , true,	 1786017788474, 2026-08-06 12:03:08, e70a8cd9-e165-11f0-a9fb-0255ac121097, , , , , , , CMI, , , , , No, No, No, , 
 1ac88c88-0300-11f1-bdcd-0255ac121084, , , , , , f343d1fb-e165-11f0-90da-0255ac121938, , , , f0a18f4d-6bd2-11f1-8cac-0255ac120ff9, , , , , 2586ec26-5b4b-11f1-8fdf-0255ac12109b, CMI_TEMBOKBANJARAN, , 590d86e8-2cb4-11f1-ab67-0255ac1208c4, 33TGL_0028, ,	 109.13515, , , 0, , , , No, , , -6.95379, , , , , , , , , , , -6.95379, ce1d6700-f34d-11f0-80d8-0255ac12193b, , , , , , ,	 109.13515, , , , , , 70, , , , , , , , 17c68452-16df-11f1-907a-0255ac1203f4, 33TGL_0028, , true,	 1786017788478, 2026-08-06 12:03:08, e70a8cd9-e165-11f0-a9fb-0255ac121097, , , , , , , CMI, , , , , No, No, No, , 
 1ac88c88-0300-11f1-bdcd-0255ac121084, , , , , , f343d1fb-e165-11f0-90da-0255ac121938, , , , f0a18f4d-6bd2-11f1-8cac-0255ac120ff9, , , , , 2586ec26-5b4b-11f1-8fdf-0255ac12109b, CMI_PAGONGAN, , 590d86e8-2cb4-11f1-ab67-0255ac1208c4, 33TGL_0027, ,	 109.13581, , , 0, , , , No, , , -6.90447, , , , , , , , , , , -6.90447, ce1d6700-f34d-11f0-80d8-0255ac12193b, , , , , , ,	 109.13581, , , , , , 17, , , , , , , , 17c6d27a-16df-11f1-907a-0255ac1203f4, 33TGL_0027, , true,	 1786017788419, 2026-08-06 12:03:08, e70a8cd9-e165-11f0-a9fb-0255ac121097, , , , , , , CMI, , , , , No, No, No, , 
 1ac88c88-0300-11f1-bdcd-0255ac121084, , , , , , f343d1fb-e165-11f0-90da-0255ac121938, , , , f0a18f4d-6bd2-11f1-8cac-0255ac120ff9, , , , , 24eb6fb8-5b4b-11f1-8fdf-0255ac12109b, CMI_MAOS, , 93d8b78c-1797-11f1-be90-0255ac120057, 33CLP_0045, ,	 109.14665, , , 0, , , , No, , , -7.61894, , , , , , , , , , , -7.61894, ce1d6700-f34d-11f0-80d8-0255ac12193b, , , , , , ,	 109.14665, , , , , ,	 201, , , , , , , , 17c6d280-16df-11f1-907a-0255ac1203f4, 33CLP_0045, , true,	 1786017788483, 2026-08-06 12:03:08, b48c3ea5-fb2f-11f0-be90-0255ac120057, , , , , , , CMI, , , , , No, No, No, , 
 1ac88c88-0300-11f1-bdcd-0255ac121084, , , , , , f343d1fb-e165-11f0-90da-0255ac121938, , , , f0a18f4d-6bd2-11f1-8cac-0255ac120ff9, , , , , 2586ec26-5b4b-11f1-8fdf-0255ac12109b, CMI_SURADADI, , 590d86e8-2cb4-11f1-ab67-0255ac1208c4, 33TGL_0031, ,	 109.26941, , , 0, , , , No, , , -6.87468, , , , , , , , , , , -6.87468, ce1d6700-f34d-11f0-80d8-0255ac12193b, , , , , , ,	 109.26941, , , , , , 39, , , , , , , , 17c8f5aa-16df-11f1-907a-0255ac1203f4, 33TGL_0031, , true,	 1786017788516, 2026-08-06 12:03:08, b48c3ea5-fb2f-11f0-be90-0255ac120057, , , , , , , CMI, , , , , No, No, No, , 
 1ac88c88-0300-11f1-bdcd-0255ac121084, , , , , , f343d1fb-e165-11f0-90da-0255ac121938, , , , f0a18f4d-6bd2-11f1-8cac-0255ac120ff9, , , , , 24df61ac-5b4b-11f1-8fdf-0255ac12109b, CMI_TANJUNGPWK, , 93d8b78c-1797-11f1-be90-0255ac120057, 33PWT_0007, ,	 109.21774, , , 0, , , , No, , , -7.44435, , , , , , , , , , , -7.44435, ce1d6700-f34d-11f0-80d8-0255ac12193b, , , , , , ,	 109.21774, , , , , , 57, , , , , , , , 17c8f5ac-16df-11f1-907a-0255ac1203f4, 33PWT_0007, , true,	 1786017788501, 2026-08-06 12:03:08, b48c3ea5-fb2f-11f0-be90-0255ac120057, , , , , , , CMI, , , , , No, No, No, , 
 1ac88c88-0300-11f1-bdcd-0255ac121084, , , , , , f343d1fb-e165-11f0-90da-0255ac121938, , , , f0a18f4d-6bd2-11f1-8cac-0255ac120ff9, , , , , 2574eb46-5b4b-11f1-8fdf-0255ac12109b, CMI_DEDY_JAYA_PML, , afde0691-1797-11f1-b148-0255ac1210a3, 33PML_0002, ,	 109.38834, , , 0, , , , No, , , -6.88986, , , , , , , , , , , -6.88986, ce1d6700-f34d-11f0-80d8-0255ac12193b, , , , , , ,	 109.38834, , , , , , 6, , , , , , , , 17c91cc1-16df-11f1-907a-0255ac1203f4, 33PML_0002, , true,	 1786017788496, 2026-08-06 12:03:08, e70a8cd9-e165-11f0-a9fb-0255ac121097, , , , , , , CMI, , , , , No, No, No, , 
 1ac88c88-0300-11f1-bdcd-0255ac121084, , , , , , f343d1fb-e165-11f0-90da-0255ac121938, , , , f0a18f4d-6bd2-11f1-8cac-0255ac120ff9, , , , , 25a12b59-5b4b-11f1-8fdf-0255ac12109b, CMI_TIRTO, , afde0691-1797-11f1-b148-0255ac1210a3, 33PKL_0002, ,	 109.6474, , , 0, , , , No, , , -6.89295, , , , , , , , , , , -6.89295, ce1d6700-f34d-11f0-80d8-0255ac12193b, , , , , , ,	 109.6474, , , , , ,	 259, , , , , , , , 17cb3fdd-16df-11f1-907a-0255ac1203f4, 33PKL_0002, , true,	 1786017788496, 2026-08-06 12:03:08, b48c3ea5-fb2f-11f0-be90-0255ac120057, , , , , , , CMI, , , , , No, No, No, , 
 1ac88c88-0300-11f1-bdcd-0255ac121084, , , , , , f343d1fb-e165-11f0-90da-0255ac121938, , , , f0a18f4d-6bd2-11f1-8cac-0255ac120ff9, , , , , 25a12b59-5b4b-11f1-8fdf-0255ac12109b, CMI_BENDAN_PKL, , afde0691-1797-11f1-b148-0255ac1210a3, 33PKL_0003, ,	 109.6664, , , 0, , , , No, , , -6.88872, , , , , , , , , , , -6.88872, ce1d6700-f34d-11f0-80d8-0255ac12193b, , , , , , ,	 109.6664, , , , , ,	 208, , , , , , , , 17cc0254-16df-11f1-907a-0255ac1203f4, 33PKL_0003, , true,	 1786017788520, 2026-08-06 12:03:08, b48c3ea5-fb2f-11f0-be90-0255ac120057, , , , , , , CMI, , , , , No, No, No, , 
 1ac88c88-0300-11f1-bdcd-0255ac121084, , , , , , f343d1fb-e165-11f0-90da-0255ac121938, , , , f0a18f4d-6bd2-11f1-8cac-0255ac120ff9, , , , , 25a12b59-5b4b-11f1-8fdf-0255ac12109b, CMI_PEKALONGAN_KT, , afde0691-1797-11f1-b148-0255ac1210a3, 33PKL_0004, ,	 109.66814, , , 0, , , , No, , , -6.8813, , , , , , , , , , , -6.8813, ce1d6700-f34d-11f0-80d8-0255ac12193b, , , , , , ,	 109.66814, , , , , ,	 216, , , , , , , , 17cc296e-16df-11f1-907a-0255ac1203f4, 33PKL_0004, , true,	 1786017788728, 2026-08-06 12:03:08, b48c3ea5-fb2f-11f0-be90-0255ac120057, , , , , , , CMI, , , , , No, No, No, , 
 1ac88c88-0300-11f1-bdcd-0255ac121084, , , , , , f343d1fb-e165-11f0-90da-0255ac121938, , , , f0a18f4d-6bd2-11f1-8cac-0255ac120ff9, , , , , 24e0e84f-5b4b-11f1-8fdf-0255ac12109b, CMI_BATANG, , afde0691-1797-11f1-b148-0255ac1210a3, 33BTG_0002, ,	 109.74514, , , 0, , , , No, , , -6.91618, , , , , , , , , , , -6.91618, ce1d6700-f34d-11f0-80d8-0255ac12193b, , , , , , ,	 109.74514, , , , , , 41, , , , , , , , 17cc5082-16df-11f1-907a-0255ac1203f4, 33BTG_0002, , true,	 1786017788701, 2026-08-06 12:03:08, b48c3ea5-fb2f-11f0-be90-0255ac120057, , , , , , , CMI, , , , , No, No, No, , 
 1ac88c88-0300-11f1-bdcd-0255ac121084, , , , , , f343d1fb-e165-11f0-90da-0255ac121938, , , , f0a18f4d-6bd2-11f1-8cac-0255ac120ff9, , , , , 2554433a-5b4b-11f1-8fdf-0255ac12109b, CMI_STASIONKLATEN, , 8dbc3c11-1797-11f1-8caf-0255ac1211f5, 33KLN_0003, ,	 110.60342, , , 0, , , , No, , , -7.71093, , , , , , , , , , , -7.71093, ce1d6700-f34d-11f0-80d8-0255ac12193b, , , , , , ,	 110.60342, , , , , ,	 147, , , , , , , , 17ce9aa8-16df-11f1-907a-0255ac1203f4, 33KLN_0003, , true,	 1786017788606, 2026-08-06 12:03:08, b48c3ea5-fb2f-11f0-be90-0255ac120057, , , , , , , CMI, , , , , No, No, No, , 
 1ac88c88-0300-11f1-bdcd-0255ac121084, , , , , , f343d1fb-e165-11f0-90da-0255ac121938, , , , f0a18f4d-6bd2-11f1-8cac-0255ac120ff9, , , , , 2554433a-5b4b-11f1-8fdf-0255ac12109b, CMI_BATUR, , 8dbc3c11-1797-11f1-8caf-0255ac1211f5, 33KLN_0005, ,	 110.6751, , , 0, , , , No, , , -7.66645, , , , , , , , , , , -7.66645, ce1d6700-f34d-11f0-80d8-0255ac12193b, , , , , , ,	 110.6751, , , , , ,	 229, , , , , , , , 17cf0fee-16df-11f1-907a-0255ac1203f4, 33KLN_0005, , true,	 1786017788612, 2026-08-06 12:03:08, b48c3ea5-fb2f-11f0-be90-0255ac120057, , , , , , , CMI, , , , , No, No, No, , 
 1ac88c88-0300-11f1-bdcd-0255ac121084, , , , , , f343d1fb-e165-11f0-90da-0255ac121938, , , , f0a18f4d-6bd2-11f1-8cac-0255ac120ff9, , , , , 2554433a-5b4b-11f1-8fdf-0255ac12109b, CMI_DELANGGU, , b3f5645d-1797-11f1-b289-0255ac12100b, 33KLN_0006, ,	 110.70126, , , 0, , , , No, , , -7.61749, , , , , , , , , , , -7.61749, ce1d6700-f34d-11f0-80d8-0255ac12193b, , , , , , ,	 110.70126, , , , , , 71, , , , , , , , 17cf3703-16df-11f1-907a-0255ac1203f4, 33KLN_0006, , true,	 1786017788593, 2026-08-06 12:03:08, b48c3ea5-fb2f-11f0-be90-0255ac120057, , , , , , , CMI, , , , , No, No, No, , 
 1ac88c88-0300-11f1-bdcd-0255ac121084, , , , , , f343d1fb-e165-11f0-90da-0255ac121938, , , , f0a18f4d-6bd2-11f1-8cac-0255ac120ff9, , , , , 25a940c5-5b4b-11f1-8fdf-0255ac12109b, CMI_KARANGASEM, , b3f5645d-1797-11f1-b289-0255ac12100b, 33SKT_0014, ,	 110.78096, , , 0, , , , No, , , -7.54899, , , , , , , , , , , -7.54899, ce1d6700-f34d-11f0-80d8-0255ac12193b, , , , , , ,	 110.78096, , , , , ,	 150, , , , , , , , 17d0e4ed-16df-11f1-907a-0255ac1203f4, 33SKT_0014, , true,	 1786017788609, 2026-08-06 12:03:08, b48c3ea5-fb2f-11f0-be90-0255ac120057, , , , , , , CMI, , , , , No, No, No, , 
 1ac88c88-0300-11f1-bdcd-0255ac121084, , , , , , f343d1fb-e165-11f0-90da-0255ac121938, , , , f0a18f4d-6bd2-11f1-8cac-0255ac120ff9, , , , , 25a940c5-5b4b-11f1-8fdf-0255ac12109b, CMI_YOSODIPURO, , b3f5645d-1797-11f1-b289-0255ac12100b, 33SKT_0051, ,	 110.80273, , , 0, , , , No, , , -7.55901, , , , , , , , , , , -7.55901, ce1d6700-f34d-11f0-80d8-0255ac12193b, , , , , , ,	 110.80273, , , , , ,	 301, , , , , , , , 17d21d96-16df-11f1-907a-0255ac1203f4, 33SKT_0051, , true,	 1786017788612, 2026-08-06 12:03:08, b48c3ea5-fb2f-11f0-be90-0255ac120057, , , , , , , CMI, , , , , No, No, No, , 
 1ac88c88-0300-11f1-bdcd-0255ac121084, , , , , , f343d1fb-e165-11f0-90da-0255ac121938, , , , f0a18f4d-6bd2-11f1-8cac-0255ac120ff9, , , , , 25a940c5-5b4b-11f1-8fdf-0255ac12109b, CMI_BAJSOLO, , b3f5645d-1797-11f1-b289-0255ac12100b, 33SKT_0022, ,	 110.80999, , , 0, , , , No, , , -7.56634, , , , , , , , , , , -7.56634, ce1d6700-f34d-11f0-80d8-0255ac12193b, , , , , , ,	 110.80999, , , , , , 58, , , , , , , , 17d244b3-16df-11f1-907a-0255ac1203f4, 33SKT_0022, , true,	 1786017788622, 2026-08-06 12:03:08, b48c3ea5-fb2f-11f0-be90-0255ac120057, , , , , , , CMI, , , , , No, No, No, , 
 1ac88c88-0300-11f1-bdcd-0255ac121084, , , , , , f343d1fb-e165-11f0-90da-0255ac121938, , , , f0a18f4d-6bd2-11f1-8cac-0255ac120ff9, , , , , 25a940c5-5b4b-11f1-8fdf-0255ac12109b, CMI_BALAPAN, , b3f5645d-1797-11f1-b289-0255ac12100b, 33SKT_0024, ,	 110.81844, , , 0, , , , No, , , -7.55935, , , , , , , , , , , -7.55935, ce1d6700-f34d-11f0-80d8-0255ac12193b, , , , , , ,	 110.81844, , , , , , 88, , , , , , , , 17d30810-16df-11f1-907a-0255ac1203f4, 33SKT_0024, , true,	 1786017788675, 2026-08-06 12:03:08, b48c3ea5-fb2f-11f0-be90-0255ac120057, , , , , , , CMI, , , , , No, No, No, , 
 1ac88c88-0300-11f1-bdcd-0255ac121084, , , , , , f343d1fb-e165-11f0-90da-0255ac121938, , , , f0a18f4d-6bd2-11f1-8cac-0255ac120ff9, , , , , 24f3d44b-5b4b-11f1-8fdf-0255ac12109b, CMI_TOROH, , 58d9a589-2cb4-11f1-ab67-0255ac1208c4, 33PWD_0006, ,	 110.90295, , , 0, , , , No, , , -7.14659, , , , , , , , , , , -7.14659, ce1d6700-f34d-11f0-80d8-0255ac12193b, , , , , , ,	 110.90295, , , , , , 16, , , , , , , , 17d3563f-16df-11f1-907a-0255ac1203f4, 33PWD_0006, , true,	 1786017788611, 2026-08-06 12:03:08, e70a8cd9-e165-11f0-a9fb-0255ac121097, , , , , , , CMI, , , , , No, No, No, , 
 1ac88c88-0300-11f1-bdcd-0255ac121084, , , , , , f343d1fb-e165-11f0-90da-0255ac121938, , , , f0a18f4d-6bd2-11f1-8cac-0255ac120ff9, , , , , 254bdea6-5b4b-11f1-8fdf-0255ac12109b, CMI_JAYAWIJAYA, , b3f5645d-1797-11f1-b289-0255ac12100b, 33KRG_0007, ,	 110.83592, , , , , , , No, , , -7.53224, , , , , , , , , , , -7.53224, ce1d6700-f34d-11f0-80d8-0255ac12193b, , , , , , ,	 110.83592, , , , , , , , , , , , , , 17d3a364-16df-11f1-907a-0255ac1203f4, 33KRG_0007, , true,	 1786017788626, 2026-08-06 12:03:08, b48c3ea5-fb2f-11f0-be90-0255ac120057, , , , , , , CMI, , , , , No, No, No, , 
 1ac88c88-0300-11f1-bdcd-0255ac121084, , , , , , f343d1fb-e165-11f0-90da-0255ac121938, , , , f0a18f4d-6bd2-11f1-8cac-0255ac120ff9, , , , , 25a940c5-5b4b-11f1-8fdf-0255ac12109b, CMI_BANJARSARI, , b3f5645d-1797-11f1-b289-0255ac12100b, 33SKT_0052, ,	 110.82319, , , 0, , , , No, , , -7.54922, , , , , , , , , , , -7.54922, ce1d6700-f34d-11f0-80d8-0255ac12193b, , , , , , ,	 110.82319, , , , , , 35, , , , , , , , 17d43fb2-16df-11f1-907a-0255ac1203f4, 33SKT_0052, , true,	 1786017788686, 2026-08-06 12:03:08, b48c3ea5-fb2f-11f0-be90-0255ac120057, , , , , , , CMI, , , , , No, No, No, , 
 1ac88c88-0300-11f1-bdcd-0255ac121084, , , , , , f343d1fb-e165-11f0-90da-0255ac121938, , , , f0a18f4d-6bd2-11f1-8cac-0255ac120ff9, , , , , 257cd9dc-5b4b-11f1-8fdf-0255ac12109b, CMI_PILANGSARI, , 06887636-74a8-11f1-abfb-0255ac121dc0, 33SGN_0009, ,	 111.05226, , , 0, , , , No, , , -7.40696, , , , , , , , , , , -7.40696, ce1d6700-f34d-11f0-80d8-0255ac12193b, , , , , , ,	 111.05226, , , , , , 47, , , , , , , , 17d59f60-16df-11f1-907a-0255ac1203f4, 33SGN_0009, , true,	 1786017788711, 2026-08-06 12:03:08, b48c3ea5-fb2f-11f0-be90-0255ac120057, , , , , , , CMI, , , , , No, No, No, , 
 1ac88c88-0300-11f1-bdcd-0255ac121084, , , , , , f343d1fb-e165-11f0-90da-0255ac121938, , , , f0a18f4d-6bd2-11f1-8cac-0255ac120ff9, , , , , 24e2bd14-5b4b-11f1-8fdf-0255ac12109b, CMI_DOPLANG, , a7b36c07-74a7-11f1-a3a3-0255ac1211e2, 33BLA_0001, ,	 111.28973, , , 0, , , , No, , , -7.1841, , , , , , , , , , , -7.1841, ce1d6700-f34d-11f0-80d8-0255ac12193b, , , , , , ,	 111.28973, , , , , ,	 160, , , , , , , , 17d5ed8c-16df-11f1-907a-0255ac1203f4, 33BLA_0001, , true,	 1786017788703, 2026-08-06 12:03:08, e70a8cd9-e165-11f0-a9fb-0255ac121097, , , , , , , CMI, , , , , No, No, No, , 
 1ac88c88-0300-11f1-bdcd-0255ac121084, , , , , , f343d1fb-e165-11f0-90da-0255ac121938, , , , f0a18f4d-6bd2-11f1-8cac-0255ac120ff9, , , , , 25a940c5-5b4b-11f1-8fdf-0255ac12109b, CMI_MOJOSONGO, , b3f5645d-1797-11f1-b289-0255ac12100b, 33SKT_0029, ,	 110.83485, , , 0, , , , No, , , -7.54461, , , , , , , , , , , -7.54461, ce1d6700-f34d-11f0-80d8-0255ac12193b, , , , , , ,	 110.83485, , , , , , 24, , , , , , , , 17d6149d-16df-11f1-907a-0255ac1203f4, 33SKT_0029, , true,	 1786017788710, 2026-08-06 12:03:08, b48c3ea5-fb2f-11f0-be90-0255ac120057, , , , , , , CMI, , , , , No, No, No, , 
 1ac88c88-0300-11f1-bdcd-0255ac121084, , , , , , f343d1fb-e165-11f0-90da-0255ac121938, , , , f0a18f4d-6bd2-11f1-8cac-0255ac120ff9, , , , , 24eb6fb8-5b4b-11f1-8fdf-0255ac12109b, CMI_CIPARI, , 477bca99-4eb8-11f1-a63d-0255ac1203fc, 33CLP_0046, ,	 108.76136, , , 0, , , , No, , , -7.44094, , , , , , , , , , , -7.44094, ce1d6700-f34d-11f0-80d8-0255ac12193b, , , , , , ,	 108.76136, , , , , ,	 116, , , , , , , , 17d6b0f6-16df-11f1-907a-0255ac1203f4, 33CLP_0046, , true,	 1786017788721, 2026-08-06 12:03:08, b48c3ea5-fb2f-11f0-be90-0255ac120057, , , , , , , CMI, , , , , No, No, No, , 
 1ac88c88-0300-11f1-bdcd-0255ac121084, , , , , , f343d1fb-e165-11f0-90da-0255ac121938, , , , f0a18f4d-6bd2-11f1-8cac-0255ac120ff9, , , , , 24eb6fb8-5b4b-11f1-8fdf-0255ac12109b, CMI_KAWUNGANTEN, , 477bca99-4eb8-11f1-a63d-0255ac1203fc, 33CLP_0047, ,	 108.91914, , , 0, , , , No, , , -7.5934, , , , , , , , , , , -7.5934, ce1d6700-f34d-11f0-80d8-0255ac12193b, , , , , , ,	 108.91914, , , , , ,	 475, , , , , , , , 17d7c28c-16df-11f1-907a-0255ac1203f4, 33CLP_0047, , true,	 1786017788733, 2026-08-06 12:03:08, b48c3ea5-fb2f-11f0-be90-0255ac120057, , , , , , , CMI, , , , , No, No, No, , 
 1ac88c88-0300-11f1-bdcd-0255ac121084, , , , , , f343d1fb-e165-11f0-90da-0255ac121938, , , , f0a18f4d-6bd2-11f1-8cac-0255ac120ff9, , , , , 24eef23d-5b4b-11f1-8fdf-0255ac12109b, CMI_TAMAN_SARI, , 9120c34a-1797-11f1-be90-0255ac120057, 33DMK_0013, ,	 110.54695, , , 0, , , , No, , , -7.02618, , , , , , , , , , , -7.02618, ce1d6700-f34d-11f0-80d8-0255ac12193b, , , , , , ,	 110.54695, , , , , , 72, , , , , , , , 17d7c293-16df-11f1-907a-0255ac1203f4, 33DMK_0013, , true,	 1786017788799, 2026-08-06 12:03:08, e70a8cd9-e165-11f0-a9fb-0255ac121097, , , , , , , CMI, , , , , No, No, No, , 
 1ac88c88-0300-11f1-bdcd-0255ac121084, , , , , , f343d1fb-e165-11f0-90da-0255ac121938, , , , f0a18f4d-6bd2-11f1-8cac-0255ac120ff9, , , , , 24e4dfff-5b4b-11f1-8fdf-0255ac12109b, CMI_BREBES_KOTA, , ce2b4a23-74a7-11f1-9cdd-0255ac1211fc, 33BBS_0013, ,	 109.0396, , , 0, , , , No, , , -6.87633, , , , , , , , , , , -6.87633, ce1d6700-f34d-11f0-80d8-0255ac12193b, , , , , , ,	 109.0396, , , , , ,	 356, , , , , , , , 17da0cda-16df-11f1-907a-0255ac1203f4, 33BBS_0013, , true,	 1786017788830, 2026-08-06 12:03:08, b48c3ea5-fb2f-11f0-be90-0255ac120057, , , , , , , CMI, , , , , No, No, No, , 
 1ac88c88-0300-11f1-bdcd-0255ac121084, , , , , , f343d1fb-e165-11f0-90da-0255ac121938, , , , f0a18f4d-6bd2-11f1-8cac-0255ac120ff9, , , , , 24eb6fb8-5b4b-11f1-8fdf-0255ac12109b, CMI_MERTASINGA, , 4780acb3-4eb8-11f1-a63d-0255ac1203fc, 33CLP_0024, ,	 109.0596, , , 0, , , , No, , , -7.67148, , , , , , , , , , , -7.67148, ce1d6700-f34d-11f0-80d8-0255ac12193b, , , , , , ,	 109.0596, , , , , ,	 148, , , , , , , , 17dad039-16df-11f1-907a-0255ac1203f4, 33CLP_0024, , true,	 1786017788813, 2026-08-06 12:03:08, b48c3ea5-fb2f-11f0-be90-0255ac120057, , , , , , , CMI, , , , , No, No, No, , 
 1ac88c88-0300-11f1-bdcd-0255ac121084, , , , , , f343d1fb-e165-11f0-90da-0255ac121938, , , , f0a18f4d-6bd2-11f1-8cac-0255ac120ff9, , , , , 2554433a-5b4b-11f1-8fdf-0255ac12109b, CMI_TITANG_JOGONALAN, , 8dbc3c11-1797-11f1-8caf-0255ac1211f5, 33KLN_0007, ,	 110.54121, , , 0, , , , No, , , -7.74834, , , , , , , , , , , -7.74834, ce1d6700-f34d-11f0-80d8-0255ac12193b, , , , , , ,	 110.54121, , , , , , 87, , , , , , , , 17dbe1bf-16df-11f1-907a-0255ac1203f4, 33KLN_0007, , true,	 1786017788820, 2026-08-06 12:03:08, b48c3ea5-fb2f-11f0-be90-0255ac120057, , , , , , , CMI, , , , , No, No, No, , 
 1ac88c88-0300-11f1-bdcd-0255ac121084, , , , , , f343d1fb-e165-11f0-90da-0255ac121938, , , , f0a18f4d-6bd2-11f1-8cac-0255ac120ff9, , , , , 2574eb46-5b4b-11f1-8fdf-0255ac12109b, CMI_PERINTIS_KEMERDEKAAN, , 590d86e8-2cb4-11f1-ab67-0255ac1208c4, 33PML_0008, ,	 109.41395, , , 0, , , , No, , , -6.89372, , , , , , , , , , , -6.89372, ce1d6700-f34d-11f0-80d8-0255ac12193b, , , , , , ,	 109.41395, , , , , , 89, , , , , , , , 17dcf241-16df-11f1-907a-0255ac1203f4, 33PML_0008, , true,	 1786017788807, 2026-08-06 12:03:08, e70a8cd9-e165-11f0-a9fb-0255ac121097, , , , , , , CMI, , , , , No, No, No, , 
 1ac88c88-0300-11f1-bdcd-0255ac121084, , , , , , f343d1fb-e165-11f0-90da-0255ac121938, , , , f0a18f4d-6bd2-11f1-8cac-0255ac120ff9, , , , , 25a940c5-5b4b-11f1-8fdf-0255ac12109b, CMI_THE_AMRANI_SYARIAH_HOTEL, , b3f5645d-1797-11f1-b289-0255ac12100b, 33SKT_0053, ,	 110.7917, , , 0, , , , No, , , -7.56072, , , , , , , , , , , -7.56072, ce1d6700-f34d-11f0-80d8-0255ac12193b, , , , , , ,	 110.7917, , , , , , 35, , , , , , , , 17dd6781-16df-11f1-907a-0255ac1203f4, 33SKT_0053, , true,	 1786017788794, 2026-08-06 12:03:08, b48c3ea5-fb2f-11f0-be90-0255ac120057, , , , , , , CMI, , , , , No, No, No, , 
 1ac88c88-0300-11f1-bdcd-0255ac121084, , , , , , f343d1fb-e165-11f0-90da-0255ac121938, , , , f0a18f4d-6bd2-11f1-8cac-0255ac120ff9, , , , , 2552bc93-5b4b-11f1-8fdf-0255ac12109b, CMI_PAGUBUGAN_GUBUGSARI, , 9120c34a-1797-11f1-be90-0255ac120057, 33KDL_0005, ,	 110.16198, , , 0, , , , No, , , -6.96879, , , , , , , , , , , -6.96879, ce1d6700-f34d-11f0-80d8-0255ac12193b, , , , , , ,	 110.16198, , , , , , 17, , , , , , , , 17df3c69-16df-11f1-907a-0255ac1203f4, 33KDL_0005, , true,	 1786017788892, 2026-08-06 12:03:08, e70a8cd9-e165-11f0-a9fb-0255ac121097, , , , , , , CMI, , , , , No, No, No, , 
 1ac88c88-0300-11f1-bdcd-0255ac121084, , , , , , f343d1fb-e165-11f0-90da-0255ac121938, , , , f0a18f4d-6bd2-11f1-8cac-0255ac120ff9, , , , , 24eb6fb8-5b4b-11f1-8fdf-0255ac12109b, CMI_TUGU_BARAT, , 93d8b78c-1797-11f1-be90-0255ac120057, 33CLP_0042, ,	 109.19482, , , 0, , , , No, , , -7.56575, , , , , , , , , , , -7.56575, ce1d6700-f34d-11f0-80d8-0255ac12193b, , , , , , ,	 109.19482, , , , , , 34, , , , , , , , 17dfb1a8-16df-11f1-907a-0255ac1203f4, 33CLP_0042, , true,	 1786017788877, 2026-08-06 12:03:08, b48c3ea5-fb2f-11f0-be90-0255ac120057, , , , , , , CMI, , , , , No, No, No, , 
 25426cff-f362-11f0-8722-0255ac1208c5, , , , , , f343d1fb-e165-11f0-90da-0255ac121938, , , , f0a18f4d-6bd2-11f1-8cac-0255ac120ff9, , , , , 0980097b-f34e-11f0-80d8-0255ac12193b, CMI_BEBEKAN, , 9784a8b3-1797-11f1-8e49-0255ac121206, 35SDA_0086, ,	 112.68945, , , 0, , , , No, , , -7.35696, , , , , , , , , , , -7.35696, ce1d6700-f34d-11f0-80d8-0255ac12193b, , , , , , ,	 112.68945, , , , , , 57, , , , , , , , 17e026e3-16df-11f1-907a-0255ac1203f4, 35SDA_0086, , true,	 1786017789308, 2026-08-06 12:03:09, e703fcc2-e165-11f0-a9fb-0255ac121097, , , , , , , CMI, , , , , No, No, No, , 
 25426cff-f362-11f0-8722-0255ac1208c5, , , , , , f343d1fb-e165-11f0-90da-0255ac121938, , , , f0a18f4d-6bd2-11f1-8cac-0255ac120ff9, , , , , 036a92c2-f34e-11f0-bb3c-0255ac12003a, CMI_NGULANAN_DANDER, , 58aaf430-2cb4-11f1-ab67-0255ac1208c4, 35BJN_0011, ,	 111.85706, , , 0, , , , No, , , -7.15787, , , , , , , , , , , -7.15787, ce1d6700-f34d-11f0-80d8-0255ac12193b, , , , , , ,	 111.85706, , , , , ,	 111, , , , , , , , 17e27120-16df-11f1-907a-0255ac1203f4, 35BJN_0011, , true,	 1786017788892, 2026-08-06 12:03:08, e703fcc2-e165-11f0-a9fb-0255ac121097, , , , , , , CMI, , , , , No, No, No, , 
 25426cff-f362-11f0-8722-0255ac1208c5, , , , , , f343d1fb-e165-11f0-90da-0255ac121938, , , , f0a18f4d-6bd2-11f1-8cac-0255ac120ff9, , , , , 0980097b-f34e-11f0-80d8-0255ac12193b, CMI_KETAPANG_TANGGULANGIN, , 9784a8b3-1797-11f1-8e49-0255ac121206, 35SDA_0120, ,	 112.70389, , , 0, , , , No, , , -7.50924, , , , , , , , , , , -7.50924, ce1d6700-f34d-11f0-80d8-0255ac12193b, , , , , , ,	 112.70389, , , , , ,	 128, , , , , , , , 17e5a4cb-16df-11f1-907a-0255ac1203f4, 35SDA_0120, , true,	 1786017788915, 2026-08-06 12:03:08, e703fcc2-e165-11f0-a9fb-0255ac121097, , , , , , , CMI, , , , , No, No, No, , 
 25426cff-f362-11f0-8722-0255ac1208c5, , , , , , f343d1fb-e165-11f0-90da-0255ac121938, , , , f0a18f4d-6bd2-11f1-8cac-0255ac120ff9, , , , , 51cdb63a-f34e-11f0-8246-0255ac120944, CMI_JOGOMERTO, , eea6dfb1-74a7-11f1-9425-0255ac12100a, 35NJK_0015, ,	 112.02644, , , BOYOLALI SRAGEN, , , , No, , , -7.60302, , , , , , , , , , , -7.60302, ce1d6700-f34d-11f0-80d8-0255ac12193b, , , , , , ,	 112.02644, , , , , , 24, , , , , , , , 17e752af-16df-11f1-907a-0255ac1203f4, 35NJK_0015, , true,	 1786017788891, 2026-08-06 12:03:08, e703fcc2-e165-11f0-a9fb-0255ac121097, , , , , , , CMI, , , , , No, No, No, , 
 25426cff-f362-11f0-8722-0255ac1208c5, , , , , , f343d1fb-e165-11f0-90da-0255ac121938, , , , f0a18f4d-6bd2-11f1-8cac-0255ac120ff9, , , , , 258899e6-5b4b-11f1-8fdf-0255ac12109b, CMI_KALANGAN, , 835ac3d2-74a7-11f1-b24a-0255ac120ffd, 35TLG_0040, ,	 112.02763, , , 0, , , , No, , , -8.11368, , , , , , , , , , , -8.11368, ce1d6700-f34d-11f0-80d8-0255ac12193b, , , , , , ,	 112.02763, , , , , , 2, , , , , , , , 17e752b0-16df-11f1-907a-0255ac1203f4, 35TLG_0040, , true,	 1786017788911, 2026-08-06 12:03:08, b48c3ea5-fb2f-11f0-be90-0255ac120057, , , , , , , CMI, , , , , No, No, No, , 
 25426cff-f362-11f0-8722-0255ac1208c5, , , , , , f343d1fb-e165-11f0-90da-0255ac121938, , , , f0a18f4d-6bd2-11f1-8cac-0255ac120ff9, , , , , 344c00e0-f34e-11f0-b679-0255ac1211e3, CMI_NGAWI_REGENCY, , acf2ce12-1797-11f1-9066-0255ac121cb3, 35NGW_0004, ,	 111.40774, , , 0, , , , No, , , -7.48388, , , , , , , , , , , -7.48388, ce1d6700-f34d-11f0-80d8-0255ac12193b, , , , , , ,	 111.40774, , , , , , 3, , , , , , , , 17e81611-16df-11f1-907a-0255ac1203f4, 35NGW_0004, , true,	 1786017788929, 2026-08-06 12:03:08, e703fcc2-e165-11f0-a9fb-0255ac121097, , , , , , , CMI, , , , , No, No, No, , 
 25426cff-f362-11f0-8722-0255ac1208c5, , , , , , f343d1fb-e165-11f0-90da-0255ac121938, , , , f0a18f4d-6bd2-11f1-8cac-0255ac120ff9, , , , , 254a57fc-5b4b-11f1-8fdf-0255ac12109b, CMI_ERAMBANG, , eea6dfb1-74a7-11f1-9425-0255ac12100a, 35JBG_0026, ,	 112.14946, , , 0, , , , No, , , -7.57436, , , , , , , , , , , -7.57436, ce1d6700-f34d-11f0-80d8-0255ac12193b, , , , , , ,	 112.14946, , , , , , 13, , , , , , , , 17e8d978-16df-11f1-907a-0255ac1203f4, 35JBG_0026, , true,	 1786017788974, 2026-08-06 12:03:08, e703fcc2-e165-11f0-a9fb-0255ac121097, , , , , , , CMI, , , , , No, No, No, , 
 25426cff-f362-11f0-8722-0255ac1208c5, , , , , , f343d1fb-e165-11f0-90da-0255ac121938, , , , f0a18f4d-6bd2-11f1-8cac-0255ac120ff9, , , , , 3ac87689-f34e-11f0-8722-0255ac1208c5, CMI_SUMBERARJO, , 835ac3d2-74a7-11f1-b24a-0255ac120ffd, 35MLG_0021, ,	 112.60825, , , 0, , , , No, , , -8.07613, , , , , , , , , , , -8.07613, ce1d6700-f34d-11f0-80d8-0255ac12193b, , , , , , ,	 112.60825, , , , , ,	 236, , , , , , , , 17eafcab-16df-11f1-907a-0255ac1203f4, 35MLG_0021, , true,	 1786017789000, 2026-08-06 12:03:08, e703fcc2-e165-11f0-a9fb-0255ac121097, , , , , , , CMI, , , , , No, No, No, , 
 25426cff-f362-11f0-8722-0255ac1208c5, , , , , , f343d1fb-e165-11f0-90da-0255ac121938, , , , f0a18f4d-6bd2-11f1-8cac-0255ac120ff9, , , , , 46fb2d0a-f34e-11f0-b679-0255ac1211e3, CMI_SUMBER_WADUNG, , 479e1f50-4eb8-11f1-a63d-0255ac1203fc, 35BYW_0001, ,	 114.10478, , , 0, , , , No, , , -8.29867, , , , , , , , , , , -8.29867, ce1d6700-f34d-11f0-80d8-0255ac12193b, , , , , , ,	 114.10478, , , , , , 10, , , , , , , , 17ebe721-16df-11f1-907a-0255ac1203f4, 35BYW_0001, , true,	 1786017788988, 2026-08-06 12:03:08, e703fcc2-e165-11f0-a9fb-0255ac121097, , , , , , , CMI, , , , , No, No, No, , 
 25426cff-f362-11f0-8722-0255ac1208c5, , , , , , f343d1fb-e165-11f0-90da-0255ac121938, , , , f0a18f4d-6bd2-11f1-8cac-0255ac120ff9, , , , , 51cdb63a-f34e-11f0-8246-0255ac120944, CMI_RSUD_KERTOSONO, , eea6dfb1-74a7-11f1-9425-0255ac12100a, 35NJK_0006, ,	 112.11063, , , 0, , , , No, , , -7.58966, , , , , , , , , , , -7.58966, ce1d6700-f34d-11f0-80d8-0255ac12193b, , , , , , ,	 112.11063, , , , , , , , , , , , , , 17ec5c59-16df-11f1-907a-0255ac1203f4, 35NJK_0006, , true,	 1786017788998, 2026-08-06 12:03:08, e703fcc2-e165-11f0-a9fb-0255ac121097, , , , , , , CMI, , , , , No, No, No, , 
 25426cff-f362-11f0-8722-0255ac1208c5, , , , , , f343d1fb-e165-11f0-90da-0255ac121938, , , , f0a18f4d-6bd2-11f1-8cac-0255ac120ff9, , , , , 51cdb63a-f34e-11f0-8246-0255ac120944, CMI_STASIUN_NGANJUK, , eea6dfb1-74a7-11f1-9425-0255ac12100a, 35NJK_0017, ,	 111.90656, , , 0, , , , No, , , -7.60104, , , , , , , , , , , -7.60104, ce1d6700-f34d-11f0-80d8-0255ac12193b, , , , , , ,	 111.90656, , , , , , 41, , , , , , , , 17ed1fba-16df-11f1-907a-0255ac1203f4, 35NJK_0017, , true,	 1786017789007, 2026-08-06 12:03:08, e703fcc2-e165-11f0-a9fb-0255ac121097, , , , , , , CMI, , , , , No, No, No, , 
 25426cff-f362-11f0-8722-0255ac1208c5, , , , , , f343d1fb-e165-11f0-90da-0255ac121938, , , , f0a18f4d-6bd2-11f1-8cac-0255ac120ff9, , , , , 51cdb63a-f34e-11f0-8246-0255ac120944, CMI_GARU_BARON, , eea6dfb1-74a7-11f1-9425-0255ac12100a, 35NJK_0012, ,	 112.06871, , , 0, , , , No, , , -7.56894, , , , , , , , , , , -7.56894, ce1d6700-f34d-11f0-80d8-0255ac12193b, , , , , , ,	 112.06871, , , , , , 40, , , , , , , , 17eef3af-16df-11f1-907a-0255ac1203f4, 35NJK_0012, , true,	 1786017788980, 2026-08-06 12:03:08, e703fcc2-e165-11f0-a9fb-0255ac121097, , , , , , , CMI, , , , , No, No, No, , 
 25426cff-f362-11f0-8722-0255ac1208c5, , , , , , f343d1fb-e165-11f0-90da-0255ac121938, , , , f0a18f4d-6bd2-11f1-8cac-0255ac120ff9, , , , , 0980097b-f34e-11f0-80d8-0255ac12193b, CMI_CANDI, , 9784a8b3-1797-11f1-8e49-0255ac121206, 35SDA_0121, ,	 112.71352, , , 0, , , , No, , , -7.47875, , , , , , , , , , , -7.47875, ce1d6700-f34d-11f0-80d8-0255ac12193b, , , , , , ,	 112.71352, , , , , , 12, , , , , , , , 17eef3b1-16df-11f1-907a-0255ac1203f4, 35SDA_0121, , true,	 1786017789018, 2026-08-06 12:03:08, e703fcc2-e165-11f0-a9fb-0255ac121097, , , , , , , CMI, , , , , No, No, No, , 
 25426cff-f362-11f0-8722-0255ac1208c5, , , , , , f343d1fb-e165-11f0-90da-0255ac121938, , , , f0a18f4d-6bd2-11f1-8cac-0255ac120ff9, , , , , 344c00e0-f34e-11f0-b679-0255ac1211e3, CMI_PARON_NGAWI, , acf2ce12-1797-11f1-9066-0255ac121cb3, 35NGW_0005, ,	 111.38795, , , 0, , , , No, , , -7.43986, , , , , , , , , , , -7.43986, ce1d6700-f34d-11f0-80d8-0255ac12193b, , , , , , ,	 111.38795, , , , , , 22, , , , , , , , 17efde17-16df-11f1-907a-0255ac1203f4, 35NGW_0005, , true,	 1786017788991, 2026-08-06 12:03:08, e703fcc2-e165-11f0-a9fb-0255ac121097, , , , , , , CMI, , , , , No, No, No, , 
 25426cff-f362-11f0-8722-0255ac1208c5, , , , , , f343d1fb-e165-11f0-90da-0255ac121938, , , , f0a18f4d-6bd2-11f1-8cac-0255ac120ff9, , , , , 036a92c2-f34e-11f0-bb3c-0255ac12003a, CMI_BALENREJO_BOJONEGORO, , 58aaf430-2cb4-11f1-ab67-0255ac1208c4, 35BJN_0012, ,	 111.95988, , , 0, , , , No, , , -7.19236, , , , , , , , , , , -7.19236, ce1d6700-f34d-11f0-80d8-0255ac12193b, , , , , , ,	 111.95988, , , , , ,	 132, , , , , , , , 17f02c42-16df-11f1-907a-0255ac1203f4, 35BJN_0012, , true,	 1786017789021, 2026-08-06 12:03:09, e703fcc2-e165-11f0-a9fb-0255ac121097, , , , , , , CMI, , , , , No, No, No, , 
 25426cff-f362-11f0-8722-0255ac1208c5, , , , , , f343d1fb-e165-11f0-90da-0255ac121938, , , , f0a18f4d-6bd2-11f1-8cac-0255ac120ff9, , , , , 413b289d-f34e-11f0-9ab3-0255ac1205b4, CMI_SANAN_KULON_BLITAR, , 835ac3d2-74a7-11f1-b24a-0255ac120ffd, 35BLT_0026, ,	 112.12158, , , 0, , , , No, , , -8.08482, , , , , , , , , , , -8.08482, ce1d6700-f34d-11f0-80d8-0255ac12193b, , , , , , ,	 112.12158, , , , , ,	 230, , , , , , , , 17f42462-16df-11f1-907a-0255ac1203f4, 35BLT_0026, , true,	 1786017789077, 2026-08-06 12:03:09, e703fcc2-e165-11f0-a9fb-0255ac121097, , , , , , , CMI, , , , , No, No, No, , 
 25426cff-f362-11f0-8722-0255ac1208c5, , , , , , f343d1fb-e165-11f0-90da-0255ac121938, , , , f0a18f4d-6bd2-11f1-8cac-0255ac120ff9, , , , , 344c00e0-f34e-11f0-b679-0255ac1211e3, CMI_WALIKUKUN, , acf2ce12-1797-11f1-9066-0255ac121cb3, 35NGW_0006, ,	 111.22327, , , 0, , , , No, , , -7.4034, , , , , , , , , , , -7.4034, ce1d6700-f34d-11f0-80d8-0255ac12193b, , , , , , ,	 111.22327, , , , , , 8, , , , , , , , 17fb9e6f-16df-11f1-907a-0255ac1203f4, 35NGW_0006, , true,	 1786017789118, 2026-08-06 12:03:09, e703fcc2-e165-11f0-a9fb-0255ac121097, , , , , , , CMI, , , , , No, No, No, , 
 25426cff-f362-11f0-8722-0255ac1208c5, , , , , , f343d1fb-e165-11f0-90da-0255ac121938, , , , f0a18f4d-6bd2-11f1-8cac-0255ac120ff9, , , , , 255b6f44-5b4b-11f1-8fdf-0255ac12109b, CMI_WONOASRI, , acf2ce12-1797-11f1-9066-0255ac121cb3, 35MAD_0012, ,	 111.61999, , , 0, , , , No, , , -7.5785, , , , , , , , , , , -7.5785, ce1d6700-f34d-11f0-80d8-0255ac12193b, , , , , , ,	 111.61999, , , , , , 50, , , , , , , , 17fcfe29-16df-11f1-907a-0255ac1203f4, 35MAD_0012, , true,	 1786017789113, 2026-08-06 12:03:09, e703fcc2-e165-11f0-a9fb-0255ac121097, , , , , , , CMI, , , , , No, No, No, , 
 25426cff-f362-11f0-8722-0255ac1208c5, , , , , , f343d1fb-e165-11f0-90da-0255ac121938, , , , f0a18f4d-6bd2-11f1-8cac-0255ac120ff9, , , , , 259c7057-5b4b-11f1-8fdf-0255ac12109b, CMI_MADIUN_KARTOHARJO, , acf2ce12-1797-11f1-9066-0255ac121cb3, 35MAD_0002, ,	 111.5277, , , 0, , , , No, , , -7.63118, , , , , , , , , , , -7.63118, ce1d6700-f34d-11f0-80d8-0255ac12193b, , , , , , ,	 111.5277, , , , , , 15, , , , , , , , 17fd253a-16df-11f1-907a-0255ac1203f4, 35MAD_0002, , true,	 1786017789278, 2026-08-06 12:03:09, e703fcc2-e165-11f0-a9fb-0255ac121097, , , , , , , CMI, , , , , No, No, No, , 
 25426cff-f362-11f0-8722-0255ac1208c5, , , , , , f343d1fb-e165-11f0-90da-0255ac121938, , , , f0a18f4d-6bd2-11f1-8cac-0255ac120ff9, , , , , 255b6f44-5b4b-11f1-8fdf-0255ac12109b, CMI_SARADAN, , acf2ce12-1797-11f1-9066-0255ac121cb3, 35MAD_0013, ,	 111.77481, , , 0, , , , No, , , -7.55834, , , , , , , , , , , -7.55834, ce1d6700-f34d-11f0-80d8-0255ac12193b, , , , , , ,	 111.77481, , , , , , , , , , , , , , 17fd253d-16df-11f1-907a-0255ac1203f4, 35MAD_0013, , true,	 1786017789097, 2026-08-06 12:03:09, e703fcc2-e165-11f0-a9fb-0255ac121097, , , , , , , CMI, , , , , No, No, No, , 
 25426cff-f362-11f0-8722-0255ac1208c5, , , , , , f343d1fb-e165-11f0-90da-0255ac121938, , , , f0a18f4d-6bd2-11f1-8cac-0255ac120ff9, , , , , 258899e6-5b4b-11f1-8fdf-0255ac12109b, CMI_KEDUNGWARU, , 47a4af2f-4eb8-11f1-a63d-0255ac1203fc, 35TLG_0041, ,	 111.92005, , , 0, , , , No, , , -8.01735, , , , , , , , , , , -8.01735, ce1d6700-f34d-11f0-80d8-0255ac12193b, , , , , , ,	 111.92005, , , , , , 5, , , , , , , , 17fe83f9-16df-11f1-907a-0255ac1203f4, 35TLG_0041, , true,	 1786017789179, 2026-08-06 12:03:09, e703fcc2-e165-11f0-a9fb-0255ac121097, , , , , , , CMI, , , , , No, No, No, , 
 25426cff-f362-11f0-8722-0255ac1208c5, , , , , , f343d1fb-e165-11f0-90da-0255ac121938, , , , f0a18f4d-6bd2-11f1-8cac-0255ac120ff9, , , , , 51cdb63a-f34e-11f0-8246-0255ac120944, CMI_BAGOR, , eea6dfb1-74a7-11f1-9425-0255ac12100a, 35NJK_0018, ,	 111.84825, , , 0, , , , No, , , -7.56716, , , , , , , , , , , -7.56716, ce1d6700-f34d-11f0-80d8-0255ac12193b, , , , , , ,	 111.84825, , , , , , 12, , , , , , , , 17feab0d-16df-11f1-907a-0255ac1203f4, 35NJK_0018, , true,	 1786017789293, 2026-08-06 12:03:09, e703fcc2-e165-11f0-a9fb-0255ac121097, , , , , , , CMI, , , , , No, No, No, , 
 25426cff-f362-11f0-8722-0255ac1208c5, , , , , , f343d1fb-e165-11f0-90da-0255ac121938, , , , f0a18f4d-6bd2-11f1-8cac-0255ac120ff9, , , , , 036a92c2-f34e-11f0-bb3c-0255ac12003a, CMI_BALEN, , 58aaf430-2cb4-11f1-ab67-0255ac1208c4, 35BJN_0013, ,	 111.96774, , , 0, , , , No, , , -7.19146, , , , , , , , , , , -7.19146, ce1d6700-f34d-11f0-80d8-0255ac12193b, , , , , , ,	 111.96774, , , , , ,	 162, , , , , , , , 17ff9593-16df-11f1-907a-0255ac1203f4, 35BJN_0013, , true,	 1786017789280, 2026-08-06 12:03:09, e703fcc2-e165-11f0-a9fb-0255ac121097, , , , , , , CMI, , , , , No, No, No, , 
 25426cff-f362-11f0-8722-0255ac1208c5, , , , , , f343d1fb-e165-11f0-90da-0255ac121938, , , , f0a18f4d-6bd2-11f1-8cac-0255ac120ff9, , , , , 254a57fc-5b4b-11f1-8fdf-0255ac12109b, CMI_BANDAR_KEDUNG_MULYO, , eea6dfb1-74a7-11f1-9425-0255ac12100a, 35JBG_0027, ,	 112.13956, , , 0, , , , No, , , -7.58861, , , , , , , , , , , -7.58861, ce1d6700-f34d-11f0-80d8-0255ac12193b, , , , , , ,	 112.13956, , , , , , 10, , , , , , , , 18038db1-16df-11f1-907a-0255ac1203f4, 35JBG_0027, , true,	 1786017789797, 2026-08-06 12:03:09, e703fcc2-e165-11f0-a9fb-0255ac121097, , , , , , , CMI, , , , , No, No, No, , 
 25426cff-f362-11f0-8722-0255ac1208c5, , , , , , f343d1fb-e165-11f0-90da-0255ac121938, , , , f0a18f4d-6bd2-11f1-8cac-0255ac120ff9, , , , , 25510edf-5b4b-11f1-8fdf-0255ac12109b, CMI_PAPAR, , 47a4af2f-4eb8-11f1-a63d-0255ac1203fc, 35KDR_0003, ,	 112.07827, , , 0, , , , No, , , -7.698, , , , , , , , , , , -7.698, ce1d6700-f34d-11f0-80d8-0255ac12193b, , , , , , ,	 112.07827, , , , , , 4, , , , , , , , 1803b4c2-16df-11f1-907a-0255ac1203f4, 35KDR_0003, , true,	 1786017789799, 2026-08-06 12:03:09, e703fcc2-e165-11f0-a9fb-0255ac121097, , , , , , , CMI, , , , , No, No, No, , 
 25426cff-f362-11f0-8722-0255ac1208c5, , , , , , f343d1fb-e165-11f0-90da-0255ac121938, , , , f0a18f4d-6bd2-11f1-8cac-0255ac120ff9, , , , , 51cdb63a-f34e-11f0-8246-0255ac120944, CMI_KERTOSONO, , eea6dfb1-74a7-11f1-9425-0255ac12100a, 35NJK_0005, ,	 112.10731, , , 0, , , , No, , , -7.59853, , , , , , , , , , , -7.59853, ce1d6700-f34d-11f0-80d8-0255ac12193b, , , , , , ,	 112.10731, , , , , , , , , , , , , , 1803b4c3-16df-11f1-907a-0255ac1203f4, 35NJK_0005, , true,	 1786017789284, 2026-08-06 12:03:09, e703fcc2-e165-11f0-a9fb-0255ac121097, , , , , , , CMI, , , , , No, No, No, , 
 25426cff-f362-11f0-8722-0255ac1208c5, , , , , , f343d1fb-e165-11f0-90da-0255ac121938, , , , f0a18f4d-6bd2-11f1-8cac-0255ac120ff9, , , , , 254a57fc-5b4b-11f1-8fdf-0255ac12109b, CMI_PERAK_JB, , eea6dfb1-74a7-11f1-9425-0255ac12100a, 35JBG_0023, ,	 112.15678, , , 0, , , , No, , , -7.57976, , , , , , , , , , , -7.57976, ce1d6700-f34d-11f0-80d8-0255ac12193b, , , , , , ,	 112.15678, , , , , ,	 145, , , , , , , , 180589bd-16df-11f1-907a-0255ac1203f4, 35JBG_0023, , true,	 1786017789274, 2026-08-06 12:03:09, e703fcc2-e165-11f0-a9fb-0255ac121097, , , , , , , CMI, , , , , No, No, No, , 
 25426cff-f362-11f0-8722-0255ac1208c5, , , , , , f343d1fb-e165-11f0-90da-0255ac121938, , , , f0a18f4d-6bd2-11f1-8cac-0255ac120ff9, , , , , 413b289d-f34e-11f0-9ab3-0255ac1205b4, CMI_TALUN, , 835ac3d2-74a7-11f1-b24a-0255ac120ffd, 35BLT_0028, ,	 112.28618, , , 0, , , , No, , , -8.08917, , , , , , , , , , , -8.08917, ce1d6700-f34d-11f0-80d8-0255ac12193b, , , , , , ,	 112.28618, , , , , ,	 220, , , , , , , , 1805b0d0-16df-11f1-907a-0255ac1203f4, 35BLT_0028, , true,	 1786017789273, 2026-08-06 12:03:09, e703fcc2-e165-11f0-a9fb-0255ac121097, , , , , , , CMI, , , , , No, No, No, , 
 25426cff-f362-11f0-8722-0255ac1208c5, , , , , , f343d1fb-e165-11f0-90da-0255ac121938, , , , f0a18f4d-6bd2-11f1-8cac-0255ac120ff9, , , , , 413b289d-f34e-11f0-9ab3-0255ac1205b4, CMI_WLINGI, , 835ac3d2-74a7-11f1-b24a-0255ac120ffd, 35BLT_0029, ,	 112.32316, , , 0, , , , No, , , -8.08641, , , , , , , , , , , -8.08641, ce1d6700-f34d-11f0-80d8-0255ac12193b, , , , , , ,	 112.32316, , , , , ,	 251, , , , , , , , 18064c30-16df-11f1-907a-0255ac1203f4, 35BLT_0029, , true,	 1786017789288, 2026-08-06 12:03:09, e703fcc2-e165-11f0-a9fb-0255ac121097, , , , , , , CMI, , , , , No, No, No, , 
 25426cff-f362-11f0-8722-0255ac1208c5, , , , , , f343d1fb-e165-11f0-90da-0255ac121938, , , , f0a18f4d-6bd2-11f1-8cac-0255ac120ff9, , , , , 24f24da7-5b4b-11f1-8fdf-0255ac12109b, CMI_DUDUK_SAMPEAN, , 9784a8b3-1797-11f1-8e49-0255ac121206, 35GSK_0003, ,	 112.52076, , , 0, , , , No, , , -7.15202, , , , , , , , , , , -7.15202, ce1d6700-f34d-11f0-80d8-0255ac12193b, , , , , , ,	 112.52076, , , , , , 25, , , , , , , , 1807abd9-16df-11f1-907a-0255ac1203f4, 35GSK_0003, , true,	 1786017789290, 2026-08-06 12:03:09, e703fcc2-e165-11f0-a9fb-0255ac121097, , , , , , , CMI, , , , , No, No, No, , 
 25426cff-f362-11f0-8722-0255ac1208c5, , , , , , f343d1fb-e165-11f0-90da-0255ac121938, , , , f0a18f4d-6bd2-11f1-8cac-0255ac120ff9, , , , , 24f24da7-5b4b-11f1-8fdf-0255ac12109b, CMI_CERME, , 9784a8b3-1797-11f1-8e49-0255ac121206, 35GSK_0004, ,	 112.56829, , , 0, , , , No, , , -7.2292, , , , , , , , , , , -7.2292, ce1d6700-f34d-11f0-80d8-0255ac12193b, , , , , , ,	 112.56829, , , , , ,	 411, , , , , , , , 180932c4-16df-11f1-907a-0255ac1203f4, 35GSK_0004, , true,	 1786017789338, 2026-08-06 12:03:09, e703fcc2-e165-11f0-a9fb-0255ac121097, , , , , , , CMI, , , , , No, No, No, , 
 25426cff-f362-11f0-8722-0255ac1208c5, , , , , , f343d1fb-e165-11f0-90da-0255ac121938, , , , f0a18f4d-6bd2-11f1-8cac-0255ac120ff9, , , , , 0980097b-f34e-11f0-80d8-0255ac12193b, CMI_KRIAN, , 9784a8b3-1797-11f1-8e49-0255ac121206, 35SDA_0122, ,	 112.62007, , , 0, , , , No, , , -7.38067, , , , , , , , , , , -7.38067, ce1d6700-f34d-11f0-80d8-0255ac12193b, , , , , , ,	 112.62007, , , , , , 54, , , , , , , , 180a1d39-16df-11f1-907a-0255ac1203f4, 35SDA_0122, , true,	 1786017789490, 2026-08-06 12:03:09, e703fcc2-e165-11f0-a9fb-0255ac121097, , , , , , , CMI, , , , , No, No, No, , 
 25426cff-f362-11f0-8722-0255ac1208c5, , , , , , f343d1fb-e165-11f0-90da-0255ac121938, , , , f0a18f4d-6bd2-11f1-8cac-0255ac120ff9, , , , , 259df6fa-5b4b-11f1-8fdf-0255ac12109b, CMI_SAWOJAJAR, , 9d3fcabe-1797-11f1-8d29-0255ac1218e4, 35MLG_0053, ,	 112.64967, , , 0, , , , No, , , -7.9754, , , , , , , , , , , -7.9754, ce1d6700-f34d-11f0-80d8-0255ac12193b, , , , , , ,	 112.64967, , , , , ,	 330, , , , , , , , 180a444e-16df-11f1-907a-0255ac1203f4, 35MLG_0053, , true,	 1786017789487, 2026-08-06 12:03:09, e703fcc2-e165-11f0-a9fb-0255ac121097, , , , , , , CMI, , , , , No, No, No, , 
 25426cff-f362-11f0-8722-0255ac1208c5, , , , , , f343d1fb-e165-11f0-90da-0255ac121938, , , , f0a18f4d-6bd2-11f1-8cac-0255ac120ff9, , , , , 259df6fa-5b4b-11f1-8fdf-0255ac12109b, CMI_ARHAKIM, , 9d3fcabe-1797-11f1-8d29-0255ac1218e4, 35MLG_0013, ,	 112.63126, , , 0, , , , No, , , -7.9801, , , , , , , , , , , -7.9801, ce1d6700-f34d-11f0-80d8-0255ac12193b, , , , , , ,	 112.63126, , , , , , 59, , , , , , , , 180a6b5f-16df-11f1-907a-0255ac1203f4, 35MLG_0013, , true,	 1786017789582, 2026-08-06 12:03:09, e703fcc2-e165-11f0-a9fb-0255ac121097, , , , , , , CMI, , , , , No, No, No, , 
 25426cff-f362-11f0-8722-0255ac1208c5, , , , , , f343d1fb-e165-11f0-90da-0255ac121938, , , , f0a18f4d-6bd2-11f1-8cac-0255ac120ff9, , , , , 25a7ba22-5b4b-11f1-8fdf-0255ac12109b, CMI_DARMO_SATELIT, , 9784a8b3-1797-11f1-8e49-0255ac121206, 35SBY_0136, ,	 112.68562, , , 0, , , , No, , , -7.26651, , , , , , , , , , , -7.26651, ce1d6700-f34d-11f0-80d8-0255ac12193b, , , , , , ,	 112.68562, , , , , ,	 169, , , , , , , , 180c8e82-16df-11f1-907a-0255ac1203f4, 35SBY_0136, , true,	 1786017789516, 2026-08-06 12:03:09, e703fcc2-e165-11f0-a9fb-0255ac121097, , , , , , , CMI, , , , , No, No, No, , 
 25426cff-f362-11f0-8722-0255ac1208c5, , , , , , f343d1fb-e165-11f0-90da-0255ac121938, , , , f0a18f4d-6bd2-11f1-8cac-0255ac120ff9, , , , , 0980097b-f34e-11f0-80d8-0255ac12193b, CMI_ISPATINDO, , 9784a8b3-1797-11f1-8e49-0255ac121206, 35SDA_0094, ,	 112.70779, , , 0, , , , No, , , -7.35097, , , , , , , , , , , -7.35097, ce1d6700-f34d-11f0-80d8-0255ac12193b, , , , , , ,	 112.70779, , , , , , 34, , , , , , , , 180cdcbb-16df-11f1-907a-0255ac1203f4, 35SDA_0094, , true,	 1786017789536, 2026-08-06 12:03:09, e703fcc2-e165-11f0-a9fb-0255ac121097, , , , , , , CMI, , , , , No, No, No, , 
 25426cff-f362-11f0-8722-0255ac1208c5, , , , , , f343d1fb-e165-11f0-90da-0255ac121938, , , , f0a18f4d-6bd2-11f1-8cac-0255ac120ff9, , , , , 0980097b-f34e-11f0-80d8-0255ac12193b, CMI_PORONG, , 9784a8b3-1797-11f1-8e49-0255ac121206, 35SDA_0123, ,	 112.69939, , , 0, , , , No, , , -7.54459, , , , , , , , , , , -7.54459, ce1d6700-f34d-11f0-80d8-0255ac12193b, , , , , , ,	 112.69939, , , , , , 60, , , , , , , , 180da01c-16df-11f1-907a-0255ac1203f4, 35SDA_0123, , true,	 1786017789812, 2026-08-06 12:03:09, e703fcc2-e165-11f0-a9fb-0255ac121097, , , , , , , CMI, , , , , No, No, No, , 
 25426cff-f362-11f0-8722-0255ac1208c5, , , , , , f343d1fb-e165-11f0-90da-0255ac121938, , , , f0a18f4d-6bd2-11f1-8cac-0255ac120ff9, , , , , 0980097b-f34e-11f0-80d8-0255ac12193b, CMI_GEDANGAN_CITY, , 9784a8b3-1797-11f1-8e49-0255ac121206, 35SDA_0057, ,	 112.71177, , , 0, , , , No, , , -7.39547, , , , , , , , , , , -7.39547, ce1d6700-f34d-11f0-80d8-0255ac12193b, , , , , , ,	 112.71177, , , , , , 2, , , , , , , , 180e8994-16df-11f1-907a-0255ac1203f4, 35SDA_0057, , true,	 1786017789719, 2026-08-06 12:03:09, b493b903-fb2f-11f0-be90-0255ac120057, , , , , , , CMI, , , , , No, No, No, , 
 25426cff-f362-11f0-8722-0255ac1208c5, , , , , , f343d1fb-e165-11f0-90da-0255ac121938, , , , f0a18f4d-6bd2-11f1-8cac-0255ac120ff9, , , , , 0980097b-f34e-11f0-80d8-0255ac12193b, CMI_KEBONSARI, , 9784a8b3-1797-11f1-8e49-0255ac121206, 35SDA_0124, ,	 112.71761, , , 0, , , , No, , , -7.483, , , , , , , , , , , -7.483, ce1d6700-f34d-11f0-80d8-0255ac12193b, , , , , , ,	 112.71761, , , , , , 4, , , , , , , , 18105ea1-16df-11f1-907a-0255ac1203f4, 35SDA_0124, , true,	 1786017789692, 2026-08-06 12:03:09, e703fcc2-e165-11f0-a9fb-0255ac121097, , , , , , , CMI, , , , , No, No, No, , 
 25426cff-f362-11f0-8722-0255ac1208c5, , , , , , f343d1fb-e165-11f0-90da-0255ac121938, , , , f0a18f4d-6bd2-11f1-8cac-0255ac120ff9, , , , , 25a7ba22-5b4b-11f1-8fdf-0255ac12109b, CMI_PETRA, , 9784a8b3-1797-11f1-8e49-0255ac121206, 35SBY_0040, ,	 112.73573, , , 0, , , , No, , , -7.34003, , , , , , , , , , , -7.34003, ce1d6700-f34d-11f0-80d8-0255ac12193b, , , , , , ,	 112.73573, , , , , , 25, , , , , , , , 1811e565-16df-11f1-907a-0255ac1203f4, 35SBY_0040, , true,	 1786017789593, 2026-08-06 12:03:09, e703fcc2-e165-11f0-a9fb-0255ac121097, , , , , , , CMI, , , , , No, No, No, , 
 25426cff-f362-11f0-8722-0255ac1208c5, , , , , , f343d1fb-e165-11f0-90da-0255ac121938, , , , f0a18f4d-6bd2-11f1-8cac-0255ac120ff9, , , , , 25a7ba22-5b4b-11f1-8fdf-0255ac12109b, CMI_KEDUNGDORO, , 9784a8b3-1797-11f1-8e49-0255ac121206, 35SBY_0091, ,	 112.73142, , , 0, , , , No, , , -7.2623, , , , , , , , , , , -7.2623, ce1d6700-f34d-11f0-80d8-0255ac12193b, , , , , , ,	 112.73142, , , , , ,	 350, , , , , , , , 1811e566-16df-11f1-907a-0255ac1203f4, 35SBY_0091, , true,	 1786017789620, 2026-08-06 12:03:09, e703fcc2-e165-11f0-a9fb-0255ac121097, , , , , , , CMI, , , , , No, No, No, , 
 25426cff-f362-11f0-8722-0255ac1208c5, , , , , , f343d1fb-e165-11f0-90da-0255ac121938, , , , f0a18f4d-6bd2-11f1-8cac-0255ac120ff9, , , , , 581ba28d-f34e-11f0-a8cb-0255ac1211f7, CMI_BEJI, , 9d3fcabe-1797-11f1-8d29-0255ac1218e4, 35PSN_0047, ,	 112.74495, , , 0, , , , No, , , -7.58592, , , , , , , , , , , -7.58592, ce1d6700-f34d-11f0-80d8-0255ac12193b, , , , , , ,	 112.74495, , , , , , , , , , , , , , 18142f9e-16df-11f1-907a-0255ac1203f4, 35PSN_0047, , true,	 1786017789617, 2026-08-06 12:03:09, e703fcc2-e165-11f0-a9fb-0255ac121097, , , , , , , CMI, , , , , No, No, No, , 
 25426cff-f362-11f0-8722-0255ac1208c5, , , , , , f343d1fb-e165-11f0-90da-0255ac121938, , , , f0a18f4d-6bd2-11f1-8cac-0255ac120ff9, , , , , 25a7ba22-5b4b-11f1-8fdf-0255ac12109b, CMI_JL_KENJERAN, , 9784a8b3-1797-11f1-8e49-0255ac121206, 35SBY_0096, ,	 112.76311, , , 0, , , , No, , , -7.24426, , , , , , , , , , , -7.24426, ce1d6700-f34d-11f0-80d8-0255ac12193b, , , , , , ,	 112.76311, , , , , ,	 413, , , , , , , , 1816ee25-16df-11f1-907a-0255ac1203f4, 35SBY_0096, , true,	 1786017789799, 2026-08-06 12:03:09, e703fcc2-e165-11f0-a9fb-0255ac121097, , , , , , , CMI, , , , , No, No, No, , 
 25426cff-f362-11f0-8722-0255ac1208c5, , , , , , f343d1fb-e165-11f0-90da-0255ac121938, , , , f0a18f4d-6bd2-11f1-8cac-0255ac120ff9, , , , , 581ba28d-f34e-11f0-a8cb-0255ac1211f7, CMI_GRATI, , a73bf14a-1797-11f1-a4c0-0255ac12094c, 35PSN_0048, ,	 112.99367, , , 0, , , , No, , , -7.70568, , , , , , , , , , , -7.70568, ce1d6700-f34d-11f0-80d8-0255ac12193b, , , , , , ,	 112.99367, , , , , , 51, , , , , , , , 181874f7-16df-11f1-907a-0255ac1203f4, 35PSN_0048, , true,	 1786017789733, 2026-08-06 12:03:09, e703fcc2-e165-11f0-a9fb-0255ac121097, , , , , , , CMI, , , , , No, No, No, , 
 25426cff-f362-11f0-8722-0255ac1208c5, , , , , , f343d1fb-e165-11f0-90da-0255ac121938, , , , f0a18f4d-6bd2-11f1-8cac-0255ac120ff9, , , , , 25592548-5b4b-11f1-8fdf-0255ac12109b, CMI_RANDUAGUNG, , a73bf14a-1797-11f1-a4c0-0255ac12094c, 35LMJ_0001, ,	 113.30598, , , 0, , , , No, , , -8.07054, , , , , , , , , , , -8.07054, ce1d6700-f34d-11f0-80d8-0255ac12193b, , , , , , ,	 113.30598, , , , , , 71, , , , , , , , 1819867e-16df-11f1-907a-0255ac1203f4, 35LMJ_0001, , true,	 1786017789721, 2026-08-06 12:03:09, e703fcc2-e165-11f0-a9fb-0255ac121097, , , , , , , CMI, , , , , No, No, No, , 
 25426cff-f362-11f0-8722-0255ac1208c5, , , , , , f343d1fb-e165-11f0-90da-0255ac121938, , , , f0a18f4d-6bd2-11f1-8cac-0255ac120ff9, , , , , 0f09bb51-f34e-11f0-b617-0255ac1205c2, CMI_KREYONGAN, , a73bf14a-1797-11f1-a4c0-0255ac12094c, 35JMR_0047, ,	 113.70104, , , 0, , , , No, , , -8.15645, , , , , , , , , , , -8.15645, ce1d6700-f34d-11f0-80d8-0255ac12193b, , , , , , ,	 113.70104, , , , , ,	 242, , , , , , , , 181b346c-16df-11f1-907a-0255ac1203f4, 35JMR_0047, , true,	 1786017789782, 2026-08-06 12:03:09, e703fcc2-e165-11f0-a9fb-0255ac121097, , , , , , , CMI, , , , , No, No, No, , 
 25426cff-f362-11f0-8722-0255ac1208c5, , , , , , f343d1fb-e165-11f0-90da-0255ac121938, , , , f0a18f4d-6bd2-11f1-8cac-0255ac120ff9, , , , , 0f09bb51-f34e-11f0-b617-0255ac1205c2, CMI_KALIWATES, , a73bf14a-1797-11f1-a4c0-0255ac12094c, 35JMR_0015, ,	 113.66233, , , 0, , , , No, , , -8.18533, , , , , , , , , , , -8.18533, ce1d6700-f34d-11f0-80d8-0255ac12193b, , , , , , ,	 113.66233, , , , , ,	 130, , , , , , , , 181ba9a8-16df-11f1-907a-0255ac1203f4, 35JMR_0015, , true,	 1786017789781, 2026-08-06 12:03:09, e703fcc2-e165-11f0-a9fb-0255ac121097, , , , , , , CMI, , , , , No, No, No, , 
 25426cff-f362-11f0-8722-0255ac1208c5, , , , , , f343d1fb-e165-11f0-90da-0255ac121938, , , , f0a18f4d-6bd2-11f1-8cac-0255ac120ff9, , , , , 46fb2d0a-f34e-11f0-b679-0255ac1211e3, CMI_ROGOJAMPI, , 479e1f50-4eb8-11f1-a63d-0255ac1203fc, 35BYW_0002, ,	 114.29576, , , 0, , , , No, , , -8.31275, , , , , , , , , , , -8.31275, ce1d6700-f34d-11f0-80d8-0255ac12193b, , , , , , ,	 114.29576, , , , , ,	 163, , , , , , , , 181c9418-16df-11f1-907a-0255ac1203f4, 35BYW_0002, , true,	 1786017789698, 2026-08-06 12:03:09, e703fcc2-e165-11f0-a9fb-0255ac121097, , , , , , , CMI, , , , , No, No, No, , 
 25426cff-f362-11f0-8722-0255ac1208c5, , , , , , f343d1fb-e165-11f0-90da-0255ac121938, , , , f0a18f4d-6bd2-11f1-8cac-0255ac120ff9, , , , , 0980097b-f34e-11f0-80d8-0255ac12193b, CMI_BALONGBENDO_WATESARI, , 9784a8b3-1797-11f1-8e49-0255ac121206, 35SDA_0116, ,	 112.55194, , , 0, , , , No, , , -7.42556, , , , , , , , , , , -7.42556, ce1d6700-f34d-11f0-80d8-0255ac12193b, , , , , , ,	 112.55194, , , , , , 64, , , , , , , , 182015f2-16df-11f1-907a-0255ac1203f4, 35SDA_0116, , true,	 1786017789716, 2026-08-06 12:03:09, e703fcc2-e165-11f0-a9fb-0255ac121097, , , , , , , CMI, , , , , No, No, No, , 
 25426cff-f362-11f0-8722-0255ac1208c5, , , , , , f343d1fb-e165-11f0-90da-0255ac121938, , , , f0a18f4d-6bd2-11f1-8cac-0255ac120ff9, , , , , 25a7ba22-5b4b-11f1-8fdf-0255ac12109b, CMI_NGAGEL, , 9784a8b3-1797-11f1-8e49-0255ac121206, 35SBY_0023, ,	 112.74948, , , 0, , , , No, , , -7.29782, , , , , , , , , , , -7.29782, ce1d6700-f34d-11f0-80d8-0255ac12193b, , , , , , ,	 112.74948, , , , , ,	 578, , , , , , , , 1827b6ef-16df-11f1-907a-0255ac1203f4, 35SBY_0023, , true,	 1786017789776, 2026-08-06 12:03:09, e703fcc2-e165-11f0-a9fb-0255ac121097, , , , , , , CMI, , , , , No, No, No, , 
 25426cff-f362-11f0-8722-0255ac1208c5, , , , , , f343d1fb-e165-11f0-90da-0255ac121938, , , , f0a18f4d-6bd2-11f1-8cac-0255ac120ff9, , , , , 0980097b-f34e-11f0-80d8-0255ac12193b, CMI_WEDORO_WARU, , 9784a8b3-1797-11f1-8e49-0255ac121206, 35SDA_0040, ,	 112.75059, , , 0, , , , No, , , -7.35291, , , , , , , , , , , -7.35291, ce1d6700-f34d-11f0-80d8-0255ac12193b, , , , , , ,	 112.75059, , , , , , 43, , , , , , , , 18285341-16df-11f1-907a-0255ac1203f4, 35SDA_0040, , true,	 1786017789783, 2026-08-06 12:03:09, e703fcc2-e165-11f0-a9fb-0255ac121097, , , , , , , CMI, , , , , No, No, No, , 
 25426cff-f362-11f0-8722-0255ac1208c5, , , , , , f343d1fb-e165-11f0-90da-0255ac121938, , , , f0a18f4d-6bd2-11f1-8cac-0255ac120ff9, , , , , 258899e6-5b4b-11f1-8fdf-0255ac12109b, CMI_NGUNUT_JLN_PRIBADI, , 835ac3d2-74a7-11f1-b24a-0255ac120ffd, 35TLG_0027, ,	 112.01021, , , 0, , , , No, , , -8.10129, , , , , , , , , , , -8.10129, ce1d6700-f34d-11f0-80d8-0255ac12193b, , , , , , ,	 112.01021, , , , , , 2, , , , , , , , 18285343-16df-11f1-907a-0255ac1203f4, 35TLG_0027, , true,	 1786017789786, 2026-08-06 12:03:09, e703fcc2-e165-11f0-a9fb-0255ac121097, , , , , , , CMI, , , , , No, No, No, , 
 25426cff-f362-11f0-8722-0255ac1208c5, , , , , , f343d1fb-e165-11f0-90da-0255ac121938, , , , f0a18f4d-6bd2-11f1-8cac-0255ac120ff9, , , , , 0980097b-f34e-11f0-80d8-0255ac12193b, CMI_KATERUNGAN, , 9784a8b3-1797-11f1-8e49-0255ac121206, 35SDA_0028, ,	 112.58205, , , 0, , , , No, , , -7.42135, , , , , , , , , , , -7.42135, ce1d6700-f34d-11f0-80d8-0255ac12193b, , , , , , ,	 112.58205, , , , , , 18, , , , , , , , 1829169c-16df-11f1-907a-0255ac1203f4, 35SDA_0028, , true,	 1786017789827, 2026-08-06 12:03:09, e703fcc2-e165-11f0-a9fb-0255ac121097, , , , , , , CMI, , , , , No, No, No, , 
 25426cff-f362-11f0-8722-0255ac1208c5, , , , , , f343d1fb-e165-11f0-90da-0255ac121938, , , , f0a18f4d-6bd2-11f1-8cac-0255ac120ff9, , , , , 258899e6-5b4b-11f1-8fdf-0255ac12109b, CMI_REJOTANGAN, , 835ac3d2-74a7-11f1-b24a-0255ac120ffd, 35TLG_0043, ,	 112.0789, , , 0, , , , No, , , -8.12237, , , , , , , , , , , -8.12237, ce1d6700-f34d-11f0-80d8-0255ac12193b, , , , , , ,	 112.0789, , , , , , 26, , , , , , , , 1829169d-16df-11f1-907a-0255ac1203f4, 35TLG_0043, , true,	 1786017789920, 2026-08-06 12:03:09, e703fcc2-e165-11f0-a9fb-0255ac121097, , , , , , , CMI, , , , , No, No, No, , 
 25426cff-f362-11f0-8722-0255ac1208c5, , , , , , f343d1fb-e165-11f0-90da-0255ac121938, , , , f0a18f4d-6bd2-11f1-8cac-0255ac120ff9, , , , , 258899e6-5b4b-11f1-8fdf-0255ac12109b, CMI_RAYA_NGUNUT, , 835ac3d2-74a7-11f1-b24a-0255ac120ffd, 35TLG_0026, ,	 112.00113, , , 0, , , , No, , , -8.09802, , , , , , , , , , , -8.09802, ce1d6700-f34d-11f0-80d8-0255ac12193b, , , , , , ,	 112.00113, , , , , , 1, , , , , , , , 182a2820-16df-11f1-907a-0255ac1203f4, 35TLG_0026, , true,	 1786017789901, 2026-08-06 12:03:09, e703fcc2-e165-11f0-a9fb-0255ac121097, , , , , , , CMI, , , , , No, No, No, , 
 25426cff-f362-11f0-8722-0255ac1208c5, , , , , , f343d1fb-e165-11f0-90da-0255ac121938, , , , f0a18f4d-6bd2-11f1-8cac-0255ac120ff9, , , , , 3ac87689-f34e-11f0-8722-0255ac1208c5, CMI_PANJIPANJEN, , 835ac3d2-74a7-11f1-b24a-0255ac120ffd, 35MLG_0101, ,	 112.56628, , , 0, , , , No, , , -8.14291, , , , , , , , , , , -8.14291, ce1d6700-f34d-11f0-80d8-0255ac12193b, , , , , , ,	 112.56628, , , , , ,	 634, , , , , , , , 182baf0d-16df-11f1-907a-0255ac1203f4, 35MLG_0101, , true,	 1786017789934, 2026-08-06 12:03:09, e703fcc2-e165-11f0-a9fb-0255ac121097, , , , , , , CMI, , , , , No, No, No, , 
 25426cff-f362-11f0-8722-0255ac1208c5, , , , , , f343d1fb-e165-11f0-90da-0255ac121938, , , , f0a18f4d-6bd2-11f1-8cac-0255ac120ff9, , , , , 259f7da0-5b4b-11f1-8fdf-0255ac12109b, CMI_PASURUAN, , a73bf14a-1797-11f1-a4c0-0255ac12094c, 35PSN_0009, ,	 112.90656, , , 0, , , , No, , , -7.64312, , , , , , , , , , , -7.64312, ce1d6700-f34d-11f0-80d8-0255ac12193b, , , , , , ,	 112.90656, , , , , ,	 298, , , , , , , , 183042e6-16df-11f1-907a-0255ac1203f4, 35PSN_0009, , true,	 1786017789978, 2026-08-06 12:03:09, e703fcc2-e165-11f0-a9fb-0255ac121097, , , , , , , CMI, , , , , No, No, No, , 
 1ac88c88-0300-11f1-bdcd-0255ac121084, , , , , , f343d1fb-e165-11f0-90da-0255ac121938, , , , f0a18f4d-6bd2-11f1-8cac-0255ac120ff9, , , , , 25a45fb8-5b4b-11f1-8fdf-0255ac12109b, CMI_STEKOM_SILIWANGI, , 9120c34a-1797-11f1-be90-0255ac120057, 33SMG_0001, ,	 110.368, , , 0, , , , No, , , -6.98726, , , , , , , , , , , -6.98726, ce1d6700-f34d-11f0-80d8-0255ac12193b, , , , , , ,	 110.368, , , , , , 16, , , , , , , , 1830df4e-16df-11f1-907a-0255ac1203f4, 33SMG_0001, , true,	 1786017789919, 2026-08-06 12:03:09, e70a8cd9-e165-11f0-a9fb-0255ac121097, , , , , , , CMI, , , , , No, No, No, , 
 1ac88c88-0300-11f1-bdcd-0255ac121084, , , , , , f343d1fb-e165-11f0-90da-0255ac121938, , , , f0a18f4d-6bd2-11f1-8cac-0255ac120ff9, , , , , 24e4dfff-5b4b-11f1-8fdf-0255ac12109b, PTI_SONGGOM, , ce2b4a23-74a7-11f1-9cdd-0255ac1211fc, 33BBS_0014, ,	 108.99339, , , 0, , , , No, , , -7.03309, , , , , , , , , , , -7.03309, ce1d6700-f34d-11f0-80d8-0255ac12193b, , , , , , ,	 108.99339, , , , , ,	 185, , , , , , , , 1833779b-16df-11f1-907a-0255ac1203f4, 33BBS_0014, , true,	 1786017789891, 2026-08-06 12:03:09, e70a8cd9-e165-11f0-a9fb-0255ac121097, , , , , , , PTI, , , , , No, No, No, , 
 1ac88c88-0300-11f1-bdcd-0255ac121084, , , , , , f343d1fb-e165-11f0-90da-0255ac121938, , , , f0a18f4d-6bd2-11f1-8cac-0255ac120ff9, , , , , 24e4dfff-5b4b-11f1-8fdf-0255ac12109b, PTI_CIMOHONG, , ce2b4a23-74a7-11f1-9cdd-0255ac1211fc, 33BBS_0015, ,	 108.89709, , , 0, , , , No, , , -6.87013, , , , , , , , , , , -6.87013, ce1d6700-f34d-11f0-80d8-0255ac12193b, , , , , , ,	 108.89709, , , , , , 27, , , , , , , , 1837e409-16df-11f1-907a-0255ac1203f4, 33BBS_0015, , true,	 1786017789905, 2026-08-06 12:03:09, e70a8cd9-e165-11f0-a9fb-0255ac121097, , , , , , , PTI, , , , , No, No, No, , 
 1ac88c88-0300-11f1-bdcd-0255ac121084, , , , , , f343d1fb-e165-11f0-90da-0255ac121938, , , , f0a18f4d-6bd2-11f1-8cac-0255ac120ff9, , , , , 24e4dfff-5b4b-11f1-8fdf-0255ac12109b, PTI_PESANTUNAN_I, , ce2b4a23-74a7-11f1-9cdd-0255ac1211fc, 33BBS_0017, ,	 109.03339, , , 0, , , , No, , , -6.86581, , , , , , , , , , , -6.86581, ce1d6700-f34d-11f0-80d8-0255ac12193b, , , , , , ,	 109.03339, , , , , ,	 851, , , , , , , , 18385943-16df-11f1-907a-0255ac1203f4, 33BBS_0017, , true,	 1786017789934, 2026-08-06 12:03:09, e70a8cd9-e165-11f0-a9fb-0255ac121097, , , , , , , PTI, , , , , No, No, No, , 
 1ac88c88-0300-11f1-bdcd-0255ac121084, , , , , , f343d1fb-e165-11f0-90da-0255ac121938, , , , f0a18f4d-6bd2-11f1-8cac-0255ac120ff9, , , , , 24e4dfff-5b4b-11f1-8fdf-0255ac12109b, PTI_KARANG_SAWAH, , 590d86e8-2cb4-11f1-ab67-0255ac1208c4, 33BBS_0016, ,	 108.99704, , , 0, , , , No, , , -7.16293, , , , , , , , , , , -7.16293, ce1d6700-f34d-11f0-80d8-0255ac12193b, , , , , , ,	 108.99704, , , , , ,	 553, , , , , , , , 1838f589-16df-11f1-907a-0255ac1203f4, 33BBS_0016, , true,	 1786017789986, 2026-08-06 12:03:09, e70a8cd9-e165-11f0-a9fb-0255ac121097, , , , , , , PTI, , , , , No, No, No, , 
 1ac88c88-0300-11f1-bdcd-0255ac121084, , , , , , f343d1fb-e165-11f0-90da-0255ac121938, , , , f0a18f4d-6bd2-11f1-8cac-0255ac120ff9, , , , , 24e4dfff-5b4b-11f1-8fdf-0255ac12109b, PTI_LOSARI, , ce2b4a23-74a7-11f1-9cdd-0255ac1211fc, 33BBS_0018, ,	 108.81351, , , 0, , , , No, , , -6.85293, , , , , , , , , , , -6.85293, ce1d6700-f34d-11f0-80d8-0255ac12193b, , , , , , ,	 108.81351, , , , , ,	 287, , , , , , , , 1838f58c-16df-11f1-907a-0255ac1203f4, 33BBS_0018, , true,	 1786017789917, 2026-08-06 12:03:09, b48c3ea5-fb2f-11f0-be90-0255ac120057, , , , , , , PTI, , , , , No, No, No, , 
 1ac88c88-0300-11f1-bdcd-0255ac121084, , , , , , f343d1fb-e165-11f0-90da-0255ac121938, , , , f0a18f4d-6bd2-11f1-8cac-0255ac120ff9, , , , , 24e4dfff-5b4b-11f1-8fdf-0255ac12109b, PTI_LUWUNG_GEDE_BREBES, , ce2b4a23-74a7-11f1-9cdd-0255ac1211fc, 33BBS_0019, ,	 108.82745, , , 0, , , , No, , , -6.92008, , , , , , , , , , , -6.92008, ce1d6700-f34d-11f0-80d8-0255ac12193b, , , , , , ,	 108.82745, , , , , ,	 257, , , , , , , , 183991e2-16df-11f1-907a-0255ac1203f4, 33BBS_0019, , true,	 1786017789915, 2026-08-06 12:03:09, e70a8cd9-e165-11f0-a9fb-0255ac121097, , , , , , , PTI, , , , , No, No, No, , 
 1ac88c88-0300-11f1-bdcd-0255ac121084, , , , , , f343d1fb-e165-11f0-90da-0255ac121938, , , , f0a18f4d-6bd2-11f1-8cac-0255ac120ff9, , , , , 24e4dfff-5b4b-11f1-8fdf-0255ac12109b, PTI_PULOSARI_KOTA_BREBES, , ce2b4a23-74a7-11f1-9cdd-0255ac1211fc, 33BBS_0020, ,	 109.03233, , , 0, , , , No, , , -6.877, , , , , , , , , , , -6.877, ce1d6700-f34d-11f0-80d8-0255ac12193b, , , , , , ,	 109.03233, , , , , ,	 117, , , , , , , , 183b8dfa-16df-11f1-907a-0255ac1203f4, 33BBS_0020, , true,	 1786017790126, 2026-08-06 12:03:10, e70a8cd9-e165-11f0-a9fb-0255ac121097, , , , , , , PTI, , , , , No, No, No, , 
 2df57184-f362-11f0-82f8-0255ac12021f, , , , , , f343d1fb-e165-11f0-90da-0255ac121938, , , , f0a18f4d-6bd2-11f1-8cac-0255ac120ff9, , , , , 2592ac2f-5b4b-11f1-8fdf-0255ac12109b, PTI_KERTAMAYA_BOGOR, , 47b59f59-4eb8-11f1-a63d-0255ac1203fc, 32BGR_0087, ,	 106.81197, , , 0, , , , No, , , -6.64889, , , , , , , , , , , -6.64889, ce1d6700-f34d-11f0-80d8-0255ac12193b, , , , , , ,	 106.81197, , , , , ,	 752, , , , , , , , 183ec189-16df-11f1-907a-0255ac1203f4, 32BGR_0087, , true,	 1786017789941, 2026-08-06 12:03:09, e703fcc2-e165-11f0-a9fb-0255ac121097, , , , , , , PTI, , , , , No, No, No, , 
 1ac88c88-0300-11f1-bdcd-0255ac121084, , , , , , f343d1fb-e165-11f0-90da-0255ac121938, , , , f0a18f4d-6bd2-11f1-8cac-0255ac120ff9, , , , , 24e4dfff-5b4b-11f1-8fdf-0255ac12109b, PTI_TANJUNGBARAT, , ce2b4a23-74a7-11f1-9cdd-0255ac1211fc, 33BBS_0021, ,	 108.85341, , , 0, , , , No, , , -6.87981, , , , , , , , , , , -6.87981, ce1d6700-f34d-11f0-80d8-0255ac12193b, , , , , , ,	 108.85341, , , , , ,	 198, , , , , , , , 18404867-16df-11f1-907a-0255ac1203f4, 33BBS_0021, , true,	 1786017790007, 2026-08-06 12:03:09, e70a8cd9-e165-11f0-a9fb-0255ac121097, , , , , , , PTI, , , , , No, No, No, , 
 1ac88c88-0300-11f1-bdcd-0255ac121084, , , , , , f343d1fb-e165-11f0-90da-0255ac121938, , , , f0a18f4d-6bd2-11f1-8cac-0255ac120ff9, , , , , 2586ec26-5b4b-11f1-8fdf-0255ac12109b, PTI_LEBAK_GOAH_TEGAL, , 590d86e8-2cb4-11f1-ab67-0255ac1208c4, 33TGL_0034, ,	 109.1255, , , 0, , , , No, , , -7.02994, , , , , , , , , , , -7.02994, ce1d6700-f34d-11f0-80d8-0255ac12193b, , , , , , ,	 109.1255, , , , , , 58, , , , , , , , 18410bc9-16df-11f1-907a-0255ac1203f4, 33TGL_0034, , true,	 1786017789981, 2026-08-06 12:03:09, b48c3ea5-fb2f-11f0-be90-0255ac120057, , , , , , , PTI, , , , , No, No, No, , 
 1ac88c88-0300-11f1-bdcd-0255ac121084, , , , , , f343d1fb-e165-11f0-90da-0255ac121938, , , , f0a18f4d-6bd2-11f1-8cac-0255ac120ff9, , , , , 24f3d44b-5b4b-11f1-8fdf-0255ac12109b, PTI_PENAWANGAN_GROBOGAN, , 58d9a589-2cb4-11f1-ab67-0255ac1208c4, 33PWD_0008, ,	 110.82954, , , 0, , , , No, , , -7.13234, , , , , , , , , , , -7.13234, ce1d6700-f34d-11f0-80d8-0255ac12193b, , , , , , ,	 110.82954, , , , , , 23, , , , , , , , 184159f4-16df-11f1-907a-0255ac1203f4, 33PWD_0008, , true,	 1786017790041, 2026-08-06 12:03:10, b48c3ea5-fb2f-11f0-be90-0255ac120057, , , , , , , PTI, , , , , No, No, No, , 
 1ac88c88-0300-11f1-bdcd-0255ac121084, , , , , , f343d1fb-e165-11f0-90da-0255ac121938, , , , f0a18f4d-6bd2-11f1-8cac-0255ac120ff9, , , , , 24e0e84f-5b4b-11f1-8fdf-0255ac12109b, PTI_KARANGASEM_SELATAN, , afde0691-1797-11f1-b148-0255ac1210a3, 33BTG_0004, ,	 109.7411, , , 0, , , , No, , , -6.89954, , , , , , , , , , , -6.89954, ce1d6700-f34d-11f0-80d8-0255ac12193b, , , , , , ,	 109.7411, , , , , ,	 503, , , , , , , , 184355ff-16df-11f1-907a-0255ac1203f4, 33BTG_0004, , true,	 1786017789984, 2026-08-06 12:03:09, e70a8cd9-e165-11f0-a9fb-0255ac121097, , , , , , , PTI, , , , , No, No, No, , 
 1ac88c88-0300-11f1-bdcd-0255ac121084, , , , , , f343d1fb-e165-11f0-90da-0255ac121938, , , , f0a18f4d-6bd2-11f1-8cac-0255ac120ff9, , , , , 24e4dfff-5b4b-11f1-8fdf-0255ac12109b, PTI_TONJONG, , 590d86e8-2cb4-11f1-ab67-0255ac1208c4, 33BBS_0022, ,	 109.01141, , , 0, , , , No, , , -7.17992, , , , , , , , , , , -7.17992, ce1d6700-f34d-11f0-80d8-0255ac12193b, , , , , , ,	 109.01141, , , , , ,	 158, , , , , , , , 18444075-16df-11f1-907a-0255ac1203f4, 33BBS_0022, , true,	 1786017790011, 2026-08-06 12:03:10, e70a8cd9-e165-11f0-a9fb-0255ac121097, , , , , , , PTI, , , , , No, No, No, , 
 2df57184-f362-11f0-82f8-0255ac12021f, , , , , , f343d1fb-e165-11f0-90da-0255ac121938, , , , f0a18f4d-6bd2-11f1-8cac-0255ac120ff9, , , , , 24f58204-5b4b-11f1-8fdf-0255ac12109b, PTI_HAURGEULIS, , 81efa9e8-58b8-11f1-a63d-0255ac1203fc, 32IDM_0002, ,	 107.945, , , 0, , , , No, , , -6.45695, , , , , , , , , , , -6.45695, ce1d6700-f34d-11f0-80d8-0255ac12193b, , , , , , ,	 107.945, , , , , ,	 538, , , , , , , , 1846d7d2-16df-11f1-907a-0255ac1203f4, 32IDM_0002, , true,	 1786017790110, 2026-08-06 12:03:10, e703fcc2-e165-11f0-a9fb-0255ac121097, , , , , , , PTI, , , , , No, No, No, , 
 1ac88c88-0300-11f1-bdcd-0255ac121084, , , , , , f343d1fb-e165-11f0-90da-0255ac121938, , , , f0a18f4d-6bd2-11f1-8cac-0255ac120ff9, , , , , 24eb6fb8-5b4b-11f1-8fdf-0255ac12109b, PTI_KARANGJENGKOL, , 477bca99-4eb8-11f1-a63d-0255ac1203fc, 33CLP_0049, ,	 109.08678, , , 0, , , , No, , , -7.62268, , , , , , , , , , , -7.62268, ce1d6700-f34d-11f0-80d8-0255ac12193b, , , , , , ,	 109.08678, , , , , ,	 282, , , , , , , , 1847c244-16df-11f1-907a-0255ac1203f4, 33CLP_0049, , true,	 1786017790077, 2026-08-06 12:03:10, b48c3ea5-fb2f-11f0-be90-0255ac120057, , , , , , , PTI, , , , , No, No, No, , 
 1ac88c88-0300-11f1-bdcd-0255ac121084, , , , , , f343d1fb-e165-11f0-90da-0255ac121938, , , , f0a18f4d-6bd2-11f1-8cac-0255ac120ff9, , , , , 24eb6fb8-5b4b-11f1-8fdf-0255ac12109b, PTI_GRUJUGAN_CILACAP, , 4780acb3-4eb8-11f1-a63d-0255ac1203fc, 33CLP_0048, ,	 109.27499, , , 0, , , , No, , , -7.62812, , , , , , , , , , , -7.62812, ce1d6700-f34d-11f0-80d8-0255ac12193b, , , , , , ,	 109.27499, , , , , , 62, , , , , , , , 1847c245-16df-11f1-907a-0255ac1203f4, 33CLP_0048, , true,	 1786017790100, 2026-08-06 12:03:10, b48c3ea5-fb2f-11f0-be90-0255ac120057, , , , , , , PTI, , , , , No, No, No, , 
 1ac88c88-0300-11f1-bdcd-0255ac121084, , , , , , f343d1fb-e165-11f0-90da-0255ac121938, , , , f0a18f4d-6bd2-11f1-8cac-0255ac120ff9, , , , , 24eb6fb8-5b4b-11f1-8fdf-0255ac12109b, PTI_KARANGTENGAH_SAMPANG, , 93d8b78c-1797-11f1-be90-0255ac120057, 33CLP_0040, ,	 109.16174, , , 0, , , , No, , , -7.58048, , , , , , , , , , , -7.58048, ce1d6700-f34d-11f0-80d8-0255ac12193b, , , , , , ,	 109.16174, , , , , , 99, , , , , , , , 18483783-16df-11f1-907a-0255ac1203f4, 33CLP_0040, , true,	 1786017790138, 2026-08-06 12:03:10, b48c3ea5-fb2f-11f0-be90-0255ac120057, , , , , , , PTI, , , , , No, No, No, , 
 1ac88c88-0300-11f1-bdcd-0255ac121084, , , , , , f343d1fb-e165-11f0-90da-0255ac121938, , , , f0a18f4d-6bd2-11f1-8cac-0255ac120ff9, , , , , 2574eb46-5b4b-11f1-8fdf-0255ac12109b, PTI_PETARUKAN, , afde0691-1797-11f1-b148-0255ac1210a3, 33PML_0026, ,	 109.45785, , , 0, , , , No, , , -6.89399, , , , , , , , , , , -6.89399, ce1d6700-f34d-11f0-80d8-0255ac12193b, , , , , , ,	 109.45785, , , , , ,	 146, , , , , , , , 1848faee-16df-11f1-907a-0255ac1203f4, 33PML_0026, , true,	 1786017790108, 2026-08-06 12:03:10, e70a8cd9-e165-11f0-a9fb-0255ac121097, , , , , , , PTI, , , , , No, No, No, , 
 25426cff-f362-11f0-8722-0255ac1208c5, , , , , , f343d1fb-e165-11f0-90da-0255ac121938, , , , f0a18f4d-6bd2-11f1-8cac-0255ac120ff9, , , , , 0f09bb51-f34e-11f0-b617-0255ac1205c2, PTI_TANGGUL, , a73bf14a-1797-11f1-a4c0-0255ac12094c, 35JMR_0051, ,	 113.4538, , , 0, , , , No, , , -8.1626, , , , , , , , , , , -8.1626, ce1d6700-f34d-11f0-80d8-0255ac12193b, , , , , , ,	 113.4538, , , , , , 42, , , , , , , , 184d6741-16df-11f1-907a-0255ac1203f4, 35JMR_0051, , true,	 1786017790079, 2026-08-06 12:03:10, e703fcc2-e165-11f0-a9fb-0255ac121097, , , , , , , PTI, , , , , No, No, No, , 
 2df57184-f362-11f0-82f8-0255ac12021f, , , , , , f343d1fb-e165-11f0-90da-0255ac121938, , , , f0a18f4d-6bd2-11f1-8cac-0255ac120ff9, , , , , 24f09ff3-5b4b-11f1-8fdf-0255ac12109b, PTI_KOLOT, , 9a1a95b2-1797-11f1-b470-0255ac120236, 32GRT_0023, ,	 107.95915, , , 0, , , , No, , , -7.19453, , , , , , , , , , , -7.19453, ce1d6700-f34d-11f0-80d8-0255ac12193b, , , , , , ,	 107.95915, , , , , ,	 424, , , , , , , , 184db56b-16df-11f1-907a-0255ac1203f4, 32GRT_0023, , true,	 1786017790124, 2026-08-06 12:03:10, e703fcc2-e165-11f0-a9fb-0255ac121097, , , , , , , PTI, , , , , No, No, No, , 
 1ac88c88-0300-11f1-bdcd-0255ac121084, , , , , , f343d1fb-e165-11f0-90da-0255ac121938, , , , f0a18f4d-6bd2-11f1-8cac-0255ac120ff9, , , , , 254f3a14-5b4b-11f1-8fdf-0255ac12109b, PTI_KALITENGAH, , 4780acb3-4eb8-11f1-a63d-0255ac1203fc, 33KBM_0003, ,	 109.50986, , , 0, , , , No, , , -7.61694, , , , , , , , , , , -7.61694, ce1d6700-f34d-11f0-80d8-0255ac12193b, , , , , , ,	 109.50986, , , , , ,	 312, , , , , , , , 184e2aa6-16df-11f1-907a-0255ac1203f4, 33KBM_0003, , true,	 1786017790090, 2026-08-06 12:03:10, b48c3ea5-fb2f-11f0-be90-0255ac120057, , , , , , , PTI, , , , , No, No, No, , 
 1ac88c88-0300-11f1-bdcd-0255ac121084, , , , , , f343d1fb-e165-11f0-90da-0255ac121938, , , , f0a18f4d-6bd2-11f1-8cac-0255ac120ff9, , , , , 254bdea6-5b4b-11f1-8fdf-0255ac12109b, PTI_SELOKATON_KRA, , b3f5645d-1797-11f1-b289-0255ac12100b, 33KRG_0010, ,	 110.814, , , 0, , , , No, , , -7.50835, , , , , , , , , , , -7.50835, ce1d6700-f34d-11f0-80d8-0255ac12193b, , , , , , ,	 110.814, , , , , , 7, , , , , , , , 184e78d9-16df-11f1-907a-0255ac1203f4, 33KRG_0010, , true,	 1786017790115, 2026-08-06 12:03:10, b48c3ea5-fb2f-11f0-be90-0255ac120057, , , , , , , PTI, , , , , No, No, No, , 
 1ac88c88-0300-11f1-bdcd-0255ac121084, , , , , , f343d1fb-e165-11f0-90da-0255ac121938, , , , f0a18f4d-6bd2-11f1-8cac-0255ac120ff9, , , , , 254bdea6-5b4b-11f1-8fdf-0255ac12109b, PTI_SELOKATON_III, , b3f5645d-1797-11f1-b289-0255ac12100b, 33KRG_0011, ,	 110.81278, , , 0, , , , No, , , -7.5, , , , , , , , , , , -7.5, ce1d6700-f34d-11f0-80d8-0255ac12193b, , , , , , ,	 110.81278, , , , , , 1, , , , , , , , 184f6355-16df-11f1-907a-0255ac1203f4, 33KRG_0011, , true,	 1786017790184, 2026-08-06 12:03:10, b48c3ea5-fb2f-11f0-be90-0255ac120057, , , , , , , PTI, , , , , No, No, No, , 
 1ac88c88-0300-11f1-bdcd-0255ac121084, , , , , , f343d1fb-e165-11f0-90da-0255ac121938, , , , f0a18f4d-6bd2-11f1-8cac-0255ac120ff9, , , , , 24eb6fb8-5b4b-11f1-8fdf-0255ac12109b, PTI_KALI_SABUK_I, , 477bca99-4eb8-11f1-a63d-0255ac1203fc, 33CLP_0027, ,	 109.10133, , , 0, , , , No, , , -7.65291, , , , , , , , , , , -7.65291, ce1d6700-f34d-11f0-80d8-0255ac12193b, , , , , , ,	 109.10133, , , , , , 52, , , , , , , , 185026b9-16df-11f1-907a-0255ac1203f4, 33CLP_0027, , true,	 1786017790089, 2026-08-06 12:03:10, b48c3ea5-fb2f-11f0-be90-0255ac120057, , , , , , , PTI, , , , , No, No, No, , 
 1ac88c88-0300-11f1-bdcd-0255ac121084, , , , , , f343d1fb-e165-11f0-90da-0255ac121938, , , , f0a18f4d-6bd2-11f1-8cac-0255ac120ff9, , , , , 2586ec26-5b4b-11f1-8fdf-0255ac12109b, PTI_MUNJUAGUNG, , 590d86e8-2cb4-11f1-ab67-0255ac1208c4, 33TGL_0035, ,	 109.18842, , , 0, , , , No, , , -6.8664, , , , , , , , , , , -6.8664, ce1d6700-f34d-11f0-80d8-0255ac12193b, , , , , , ,	 109.18842, , , , , ,	 686, , , , , , , , 18504dce-16df-11f1-907a-0255ac1203f4, 33TGL_0035, , true,	 1786017790189, 2026-08-06 12:03:10, e70a8cd9-e165-11f0-a9fb-0255ac121097, , , , , , , PTI, , , , , No, No, No, , 
 25426cff-f362-11f0-8722-0255ac1208c5, , , , , , f343d1fb-e165-11f0-90da-0255ac121938, , , , f0a18f4d-6bd2-11f1-8cac-0255ac120ff9, , , , , 51cdb63a-f34e-11f0-8246-0255ac120944, PTI_CENGKOK_NGRONGGOT, , 47a4af2f-4eb8-11f1-a63d-0255ac1203fc, 35NJK_0013, ,	 112.04622, , , 0, , , , No, , , -7.69183, , , , , , , , , , , -7.69183, ce1d6700-f34d-11f0-80d8-0255ac12193b, , , , , , ,	 112.04622, , , , , ,	 142, , , , , , , , 1855a51a-16df-11f1-907a-0255ac1203f4, 35NJK_0013, , true,	 1786017790174, 2026-08-06 12:03:10, e703fcc2-e165-11f0-a9fb-0255ac121097, , , , , , , PTI, , , , , No, No, No, , 
 1ac88c88-0300-11f1-bdcd-0255ac121084, , , , , , f343d1fb-e165-11f0-90da-0255ac121938, , , , f0a18f4d-6bd2-11f1-8cac-0255ac120ff9, , , , , 2573649e-5b4b-11f1-8fdf-0255ac12109b, PTI_TIRTO_I, , afde0691-1797-11f1-b148-0255ac1210a3, 33PKL_0005, ,	 109.64168, , , 0, , , , No, , , -6.88649, , , , , , , , , , , -6.88649, ce1d6700-f34d-11f0-80d8-0255ac12193b, , , , , , ,	 109.64168, , , , , ,	 107, , , , , , , , 1856b69c-16df-11f1-907a-0255ac1203f4, 33PKL_0005, , true,	 1786017790186, 2026-08-06 12:03:10, b48c3ea5-fb2f-11f0-be90-0255ac120057, , , , , , , PTI, , , , , No, No, No, , 
 1ac88c88-0300-11f1-bdcd-0255ac121084, , , , , , f343d1fb-e165-11f0-90da-0255ac121938, , , , f0a18f4d-6bd2-11f1-8cac-0255ac120ff9, , , , , 24eb6fb8-5b4b-11f1-8fdf-0255ac12109b, PTI_MENGANTI_KESUGIHAN, , 477bca99-4eb8-11f1-a63d-0255ac1203fc, 33CLP_0050, ,	 109.09756, , , 0, , , , No, , , -7.62756, , , , , , , , , , , -7.62756, ce1d6700-f34d-11f0-80d8-0255ac12193b, , , , , , ,	 109.09756, , , , , , 92, , , , , , , , 185704cf-16df-11f1-907a-0255ac1203f4, 33CLP_0050, , true,	 1786017790231, 2026-08-06 12:03:10, b48c3ea5-fb2f-11f0-be90-0255ac120057, , , , , , , PTI, , , , , No, No, No, , 
 28c4b082-0303-11f1-b97b-0255ac120084, , , , , , f343d1fb-e165-11f0-90da-0255ac121938, , , , f0a18f4d-6bd2-11f1-8cac-0255ac120ff9, , , , , 25a5e65d-5b4b-11f1-8fdf-0255ac12109b, PTI_BANTEN_LAMA, , 47c35b4e-4eb8-11f1-a63d-0255ac1203fc, 36SRG_0064, ,	 106.16183, , , 0, , , , No, , , -6.03818, , , , , , , , , , , -6.03818, ce1d6700-f34d-11f0-80d8-0255ac12193b, , , , , , ,	 106.16183, , , , , , 81, , , , , , , , 1857ef53-16df-11f1-907a-0255ac1203f4, 36SRG_0064, , true,	 1786017790209, 2026-08-06 12:03:10, b489f5a1-fb2f-11f0-be90-0255ac120057, , , , , , , PTI, , , , , No, No, No, , 
 1ac88c88-0300-11f1-bdcd-0255ac121084, , , , , , f343d1fb-e165-11f0-90da-0255ac121938, , , , f0a18f4d-6bd2-11f1-8cac-0255ac120ff9, , , , , 24f3d44b-5b4b-11f1-8fdf-0255ac12109b, PTI_KANDANGAN_BOLOH, , 58d9a589-2cb4-11f1-ab67-0255ac1208c4, 33PWD_0009, ,	 110.94636, , , 0, , , , No, , , -7.14773, , , , , , , , , , , -7.14773, ce1d6700-f34d-11f0-80d8-0255ac12193b, , , , , , ,	 110.94636, , , , , , 13, , , , , , , , 185b4a1d-16df-11f1-907a-0255ac1203f4, 33PWD_0009, , true,	 1786017790282, 2026-08-06 12:03:10, e70a8cd9-e165-11f0-a9fb-0255ac121097, , , , , , , PTI, , , , , No, No, No, , 
 1ac88c88-0300-11f1-bdcd-0255ac121084, , , , , , f343d1fb-e165-11f0-90da-0255ac121938, , , , f0a18f4d-6bd2-11f1-8cac-0255ac120ff9, , , , , 24eb6fb8-5b4b-11f1-8fdf-0255ac12109b, PTI_KARANGKANDRI_KULON, , 4780acb3-4eb8-11f1-a63d-0255ac1203fc, 33CLP_0052, ,	 109.08369, , , 0, , , , No, , , -7.66118, , , , , , , , , , , -7.66118, ce1d6700-f34d-11f0-80d8-0255ac12193b, , , , , , ,	 109.08369, , , , , ,	 277, , , , , , , , 185b9842-16df-11f1-907a-0255ac1203f4, 33CLP_0052, , true,	 1786017790215, 2026-08-06 12:03:10, b48c3ea5-fb2f-11f0-be90-0255ac120057, , , , , , , PTI, , , , , No, No, No, , 
 2df57184-f362-11f0-82f8-0255ac12021f, , , , , , f343d1fb-e165-11f0-90da-0255ac121938, , , , f0a18f4d-6bd2-11f1-8cac-0255ac120ff9, , , , , 24f58204-5b4b-11f1-8fdf-0255ac12109b, PTI_HAURGEULIS_1, , 81efa9e8-58b8-11f1-a63d-0255ac1203fc, 32IDM_0001, ,	 107.94856, , , 0, , , , No, , , -6.46582, , , , , , , , , , , -6.46582, ce1d6700-f34d-11f0-80d8-0255ac12193b, , , , , , ,	 107.94856, , , , , , 69, , , , , , , , 185c82b8-16df-11f1-907a-0255ac1203f4, 32IDM_0001, , true,	 1786017790214, 2026-08-06 12:03:10, e703fcc2-e165-11f0-a9fb-0255ac121097, , , , , , , PTI, , , , , No, No, No, , 
 1ac88c88-0300-11f1-bdcd-0255ac121084, , , , , , f343d1fb-e165-11f0-90da-0255ac121938, , , , f0a18f4d-6bd2-11f1-8cac-0255ac120ff9, , , , , 254f3a14-5b4b-11f1-8fdf-0255ac12109b, PTI_KEDAWUNG_PEJAGOAN_SB, , 58e31b1a-2cb4-11f1-ab67-0255ac1208c4, 33KBM_0013, ,	 109.65041, , , 0, , , , No, , , -7.67845, , , , , , , , , , , -7.67845, ce1d6700-f34d-11f0-80d8-0255ac12193b, , , , , , ,	 109.65041, , , , , ,	 409, , , , , , , , 185d9445-16df-11f1-907a-0255ac1203f4, 33KBM_0013, , true,	 1786017790281, 2026-08-06 12:03:10, b48c3ea5-fb2f-11f0-be90-0255ac120057, , , , , , , PTI, , , , , No, No, No, , 
 1ac88c88-0300-11f1-bdcd-0255ac121084, , , , , , f343d1fb-e165-11f0-90da-0255ac121938, , , , f0a18f4d-6bd2-11f1-8cac-0255ac120ff9, , , , , 257cd9dc-5b4b-11f1-8fdf-0255ac12109b, PTI_SUMBERLAWANG_PENDEM, , 06887636-74a8-11f1-abfb-0255ac121dc0, 33SGN_0023, ,	 110.84703, , , 0, , , , No, , , -7.33508, , , , , , , , , , , -7.33508, ce1d6700-f34d-11f0-80d8-0255ac12193b, , , , , , ,	 110.84703, , , , , , 61, , , , , , , , 185ea5df-16df-11f1-907a-0255ac1203f4, 33SGN_0023, , true,	 1786017790227, 2026-08-06 12:03:10, b48c3ea5-fb2f-11f0-be90-0255ac120057, , , , , , , PTI, , , , , No, No, No, , 
 2df57184-f362-11f0-82f8-0255ac12021f, , , , , , f343d1fb-e165-11f0-90da-0255ac121938, , , , f0a18f4d-6bd2-11f1-8cac-0255ac120ff9, , , , , 258dca15-5b4b-11f1-8fdf-0255ac12109b, PTI_BOJONGKANTONG, , 9a1a95b2-1797-11f1-b470-0255ac120236, 32BJR_0006, ,	 108.60608, , , 0, , , , No, , , -7.38173, , , , , , , , , , , -7.38173, ce1d6700-f34d-11f0-80d8-0255ac12193b, , , , , , ,	 108.60608, , , , , , 75, , , , , , , , 185f1b26-16df-11f1-907a-0255ac1203f4, 32BJR_0006, , true,	 1786017790222, 2026-08-06 12:03:10, e703fcc2-e165-11f0-a9fb-0255ac121097, , , , , , , PTI, , , , , No, No, No, , 
 25426cff-f362-11f0-8722-0255ac1208c5, , , , , , f343d1fb-e165-11f0-90da-0255ac121938, , , , f0a18f4d-6bd2-11f1-8cac-0255ac120ff9, , , , , 3ac87689-f34e-11f0-8722-0255ac1208c5, PTI_SAMBIGEDE_MALANG, , 9d3fcabe-1797-11f1-8d29-0255ac1218e4, 35MLG_0102, ,	 112.49814, , , 0, , , , No, , , -8.15842, , , , , , , , , , , -8.15842, ce1d6700-f34d-11f0-80d8-0255ac12193b, , , , , , ,	 112.49814, , , , , , 41, , , , , , , , 186275fa-16df-11f1-907a-0255ac1203f4, 35MLG_0102, , true,	 1786017790307, 2026-08-06 12:03:10, e703fcc2-e165-11f0-a9fb-0255ac121097, , , , , , , PTI, , , , , No, No, No, , 
 2df57184-f362-11f0-82f8-0255ac12021f, , , , , , f343d1fb-e165-11f0-90da-0255ac121938, , , , f0a18f4d-6bd2-11f1-8cac-0255ac120ff9, , , , , 24f09ff3-5b4b-11f1-8fdf-0255ac12109b, PTI_WANARAJA, , 9a1a95b2-1797-11f1-b470-0255ac120236, 32GRT_0024, ,	 107.97884, , , 0, , , , No, , , -7.17893, , , , , , , , , , , -7.17893, ce1d6700-f34d-11f0-80d8-0255ac12193b, , , , , , ,	 107.97884, , , , , , 71, , , , , , , , 18650e4f-16df-11f1-907a-0255ac1203f4, 32GRT_0024, , true,	 1786017790291, 2026-08-06 12:03:10, e703fcc2-e165-11f0-a9fb-0255ac121097, , , , , , , PTI, , , , , No, No, No, , 
 1ac88c88-0300-11f1-bdcd-0255ac121084, , , , , , f343d1fb-e165-11f0-90da-0255ac121938, , , , f0a18f4d-6bd2-11f1-8cac-0255ac120ff9, , , , , 25820a13-5b4b-11f1-8fdf-0255ac12109b, PTI_GADINGAN_MOJOLABAN, , b3f5645d-1797-11f1-b289-0255ac12100b, 33SKH_0014, ,	 110.84365, , , 0, , , , No, , , -7.58184, , , , , , , , , , , -7.58184, ce1d6700-f34d-11f0-80d8-0255ac12193b, , , , , , ,	 110.84365, , , , , ,	 171, , , , , , , , 1866bc3b-16df-11f1-907a-0255ac1203f4, 33SKH_0014, , true,	 1786017791406, 2026-08-06 12:03:11, b48c3ea5-fb2f-11f0-be90-0255ac120057, , , , , , , PTI, , , , , No, No, No, , 
 1ac88c88-0300-11f1-bdcd-0255ac121084, , , , , , f343d1fb-e165-11f0-90da-0255ac121938, , , , f0a18f4d-6bd2-11f1-8cac-0255ac120ff9, , , , , 24eb6fb8-5b4b-11f1-8fdf-0255ac12109b, PTI_ADIPALA_CILACAP, , 4780acb3-4eb8-11f1-a63d-0255ac1203fc, 33CLP_0034, ,	 109.15194, , , 0, , , , No, , , -7.65997, , , , , , , , , , , -7.65997, ce1d6700-f34d-11f0-80d8-0255ac12193b, , , , , , ,	 109.15194, , , , , ,	 134, , , , , , , , 186d249f-16df-11f1-907a-0255ac1203f4, 33CLP_0034, , true,	 1786017790313, 2026-08-06 12:03:10, b48c3ea5-fb2f-11f0-be90-0255ac120057, , , , , , , PTI, , , , , No, No, No, , 
 25426cff-f362-11f0-8722-0255ac1208c5, , , , , , f343d1fb-e165-11f0-90da-0255ac121938, , , , f0a18f4d-6bd2-11f1-8cac-0255ac120ff9, , , , , 581ba28d-f34e-11f0-a8cb-0255ac1211f7, PTI_SENGON, , 9d3fcabe-1797-11f1-8d29-0255ac1218e4, 35PSN_0011, ,	 112.73301, , , 0, , , , No, , , -7.75735, , , , , , , , , , , -7.75735, ce1d6700-f34d-11f0-80d8-0255ac12193b, , , , , , ,	 112.73301, , , , , , , , , , , , , , 18711cd5-16df-11f1-907a-0255ac1203f4, 35PSN_0011, , true,	 1786017790330, 2026-08-06 12:03:10, e70a8cd9-e165-11f0-a9fb-0255ac121097, , , , , , , PTI, , , , , No, No, No, , 
 25426cff-f362-11f0-8722-0255ac1208c5, , , , , , f343d1fb-e165-11f0-90da-0255ac121938, , , , f0a18f4d-6bd2-11f1-8cac-0255ac120ff9, , , , , 258899e6-5b4b-11f1-8fdf-0255ac12109b, PTI_SERUT_KEDUNGWARU, , 47a4af2f-4eb8-11f1-a63d-0255ac1203fc, 35TLG_0008, ,	 111.92275, , , 0, , , , No, , , -8.02512, , , , , , , , , , , -8.02512, ce1d6700-f34d-11f0-80d8-0255ac12193b, , , , , , ,	 111.92275, , , , , ,	 268, , , , , , , , 187143e6-16df-11f1-907a-0255ac1203f4, 35TLG_0008, , true,	 1786017790328, 2026-08-06 12:03:10, e703fcc2-e165-11f0-a9fb-0255ac121097, , , , , , , PTI, , , , , No, No, No, , 
 1ac88c88-0300-11f1-bdcd-0255ac121084, , , , , , f343d1fb-e165-11f0-90da-0255ac121938, , , , f0a18f4d-6bd2-11f1-8cac-0255ac120ff9, , , , , 2552bc93-5b4b-11f1-8fdf-0255ac12109b, PTI_SIWALAN_KND, , afde0691-1797-11f1-b148-0255ac1210a3, 33KDL_0006, ,	 110.21136, , , 0, , , , No, , , -6.96109, , , , , , , , , , , -6.96109, ce1d6700-f34d-11f0-80d8-0255ac12193b, , , , , , ,	 110.21136, , , , , , 22, , , , , , , , 1871b91e-16df-11f1-907a-0255ac1203f4, 33KDL_0006, , true,	 1786017790326, 2026-08-06 12:03:10, b48c3ea5-fb2f-11f0-be90-0255ac120057, , , , , , , PTI, , , , , No, No, No, , 
 1ac88c88-0300-11f1-bdcd-0255ac121084, , , , , , f343d1fb-e165-11f0-90da-0255ac121938, , , , f0a18f4d-6bd2-11f1-8cac-0255ac120ff9, , , , , 24e4dfff-5b4b-11f1-8fdf-0255ac12109b, PTI_GANDASULI, , ce2b4a23-74a7-11f1-9cdd-0255ac1211fc, 33BBS_0002, ,	 109.052, , , 0, , , , No, , , -6.8811, , , , , , , , , , , -6.8811, ce1d6700-f34d-11f0-80d8-0255ac12193b, , , , , , ,	 109.052, , , , , ,	 507, , , , , , , , 1874ecd0-16df-11f1-907a-0255ac1203f4, 33BBS_0002, , true,	 1786017791378, 2026-08-06 12:03:11, e70a8cd9-e165-11f0-a9fb-0255ac121097, , , , , , , PTI, , , , , No, No, No, , 
 25426cff-f362-11f0-8722-0255ac1208c5, , , , , , f343d1fb-e165-11f0-90da-0255ac121938, , , , f0a18f4d-6bd2-11f1-8cac-0255ac120ff9, , , , , 0f09bb51-f34e-11f0-b617-0255ac1205c2, PTI_KEBON_AGUNG_JEMBER, , a73bf14a-1797-11f1-a4c0-0255ac12094c, 35JMR_0008, ,	 113.69376, , , 0, , , , No, , , -8.16158, , , , , , , , , , , -8.16158, ce1d6700-f34d-11f0-80d8-0255ac12193b, , , , , , ,	 113.69376, , , , , ,	 250, , , , , , , , 187896d0-16df-11f1-907a-0255ac1203f4, 35JMR_0008, , true,	 1786017790331, 2026-08-06 12:03:10, e703fcc2-e165-11f0-a9fb-0255ac121097, , , , , , , PTI, , , , , No, No, No, , 
 25426cff-f362-11f0-8722-0255ac1208c5, , , , , , f343d1fb-e165-11f0-90da-0255ac121938, , , , f0a18f4d-6bd2-11f1-8cac-0255ac120ff9, , , , , 25510edf-5b4b-11f1-8fdf-0255ac12109b, PTI_GAMPENG, , 47a4af2f-4eb8-11f1-a63d-0255ac1203fc, 35KDR_0004, ,	 112.02912, , , 0, , , , No, , , -7.7594, , , , , , , , , , , -7.7594, ce1d6700-f34d-11f0-80d8-0255ac12193b, , , , , , ,	 112.02912, , , , , ,	 729, , , , , , , , 187d7853-16df-11f1-907a-0255ac1203f4, 35KDR_0004, , true,	 1786017790419, 2026-08-06 12:03:10, e703fcc2-e165-11f0-a9fb-0255ac121097, , , , , , , PTI, , , , , No, No, No, , 
 1ac88c88-0300-11f1-bdcd-0255ac121084, , , , , , f343d1fb-e165-11f0-90da-0255ac121938, , , , f0a18f4d-6bd2-11f1-8cac-0255ac120ff9, , , , , 24e2bd14-5b4b-11f1-8fdf-0255ac12109b, PTI_RANDUBLATUNG, , 58d9a589-2cb4-11f1-ab67-0255ac1208c4, 33BLA_0002, ,	 111.39178, , , 0, , , , No, , , -7.18814, , , , , , , , , , , -7.18814, ce1d6700-f34d-11f0-80d8-0255ac12193b, , , , , , ,	 111.39178, , , , , , 21, , , , , , , , 188937c5-16df-11f1-907a-0255ac1203f4, 33BLA_0002, , true,	 1786017790381, 2026-08-06 12:03:10, b48c3ea5-fb2f-11f0-be90-0255ac120057, , , , , , , PTI, , , , , No, No, No, , 
 1ac88c88-0300-11f1-bdcd-0255ac121084, , , , , , f343d1fb-e165-11f0-90da-0255ac121938, , , , f0a18f4d-6bd2-11f1-8cac-0255ac120ff9, , , , , 25820a13-5b4b-11f1-8fdf-0255ac12109b, PTI_GATAK, , b3f5645d-1797-11f1-b289-0255ac12100b, 33SKH_0015, ,	 110.74857, , , 0, , , , No, , , -7.59126, , , , , , , , , , , -7.59126, ce1d6700-f34d-11f0-80d8-0255ac12193b, , , , , , ,	 110.74857, , , , , , 81, , , , , , , , 188ba8ed-16df-11f1-907a-0255ac1203f4, 33SKH_0015, , true,	 1786017790396, 2026-08-06 12:03:10, b48c3ea5-fb2f-11f0-be90-0255ac120057, , , , , , , PTI, , , , , No, No, No, , 
 1ac88c88-0300-11f1-bdcd-0255ac121084, , , , , , f343d1fb-e165-11f0-90da-0255ac121938, , , , f0a18f4d-6bd2-11f1-8cac-0255ac120ff9, , , , , 2554433a-5b4b-11f1-8fdf-0255ac12109b, PTI_GONDANG_SELATAN, , 8dbc3c11-1797-11f1-8caf-0255ac1211f5, 33KLN_0010, ,	 110.55434, , , 0, , , , No, , , -7.742, , , , , , , , , , , -7.742, ce1d6700-f34d-11f0-80d8-0255ac12193b, , , , , , ,	 110.55434, , , , , , 69, , , , , , , , 188c6c4c-16df-11f1-907a-0255ac1203f4, 33KLN_0010, , true,	 1786017790402, 2026-08-06 12:03:10, b48c3ea5-fb2f-11f0-be90-0255ac120057, , , , , , , PTI, , , , , No, No, No, , 
 25426cff-f362-11f0-8722-0255ac1208c5, , , , , , f343d1fb-e165-11f0-90da-0255ac121938, , , , f0a18f4d-6bd2-11f1-8cac-0255ac120ff9, , , , , 413b289d-f34e-11f0-9ab3-0255ac1205b4, PTI_MANUKAN_GARUM, , 835ac3d2-74a7-11f1-b24a-0255ac120ffd, 35BLT_0018, ,	 112.20854, , , 0, , , , No, , , -8.07404, , , , , , , , , , , -8.07404, ce1d6700-f34d-11f0-80d8-0255ac12193b, , , , , , ,	 112.20854, , , , , ,	 199, , , , , , , , 188f79fe-16df-11f1-907a-0255ac1203f4, 35BLT_0018, , true,	 1786017790385, 2026-08-06 12:03:10, e703fcc2-e165-11f0-a9fb-0255ac121097, , , , , , , PTI, , , , , No, No, No, , 
 25426cff-f362-11f0-8722-0255ac1208c5, , , , , , f343d1fb-e165-11f0-90da-0255ac121938, , , , f0a18f4d-6bd2-11f1-8cac-0255ac120ff9, , , , , 036a92c2-f34e-11f0-bb3c-0255ac12003a, PTI_KALITIDU, , 58aaf430-2cb4-11f1-ab67-0255ac1208c4, 35BJN_0017, ,	 111.76363, , , 0, , , , No, , , -7.13, , , , , , , , , , , -7.13, ce1d6700-f34d-11f0-80d8-0255ac12193b, , , , , , ,	 111.76363, , , , , , 63, , , , , , , , 18908b85-16df-11f1-907a-0255ac1203f4, 35BJN_0017, , true,	 1786017790433, 2026-08-06 12:03:10, e703fcc2-e165-11f0-a9fb-0255ac121097, , , , , , , PTI, , , , , No, No, No, , 
 25426cff-f362-11f0-8722-0255ac1208c5, , , , , , f343d1fb-e165-11f0-90da-0255ac121938, , , , f0a18f4d-6bd2-11f1-8cac-0255ac120ff9, , , , , 581ba28d-f34e-11f0-a8cb-0255ac1211f7, PTI_BEJI_TBG, , 9d3fcabe-1797-11f1-8d29-0255ac1218e4, 35PSN_0053, ,	 112.72433, , , 0, , , , No, , , -7.58529, , , , , , , , , , , -7.58529, ce1d6700-f34d-11f0-80d8-0255ac12193b, , , , , , ,	 112.72433, , , , , ,	 241, , , , , , , , 18919d1a-16df-11f1-907a-0255ac1203f4, 35PSN_0053, , true,	 1786017790414, 2026-08-06 12:03:10, e703fcc2-e165-11f0-a9fb-0255ac121097, , , , , , , PTI, , , , , No, No, No, , 
 25426cff-f362-11f0-8722-0255ac1208c5, , , , , , f343d1fb-e165-11f0-90da-0255ac121938, , , , f0a18f4d-6bd2-11f1-8cac-0255ac120ff9, , , , , 0980097b-f34e-11f0-80d8-0255ac12193b, PTI_JEDONGCANGKRING_RELOC, , 9784a8b3-1797-11f1-8e49-0255ac121206, 35SDA_0129, ,	 112.60606, , , 0, , , , No, , , -7.45618, , , , , , , , , , , -7.45618, ce1d6700-f34d-11f0-80d8-0255ac12193b, , , , , , ,	 112.60606, , , , , ,	 134, , , , , , , , 189322ef-16df-11f1-907a-0255ac1203f4, 35SDA_0129, , true,	 1786017790508, 2026-08-06 12:03:10, e703fcc2-e165-11f0-a9fb-0255ac121097, , , , , , , PTI, , , , , No, No, No, , 
 25426cff-f362-11f0-8722-0255ac1208c5, , , , , , f343d1fb-e165-11f0-90da-0255ac121938, , , , f0a18f4d-6bd2-11f1-8cac-0255ac120ff9, , , , , 2590fe7a-5b4b-11f1-8fdf-0255ac12109b, PTI_KANIGORO_BLITAR, , 835ac3d2-74a7-11f1-b24a-0255ac120ffd, 35BLT_0025, ,	 112.21996, , , 0, , , , No, , , -8.12654, , , , , , , , , , , -8.12654, ce1d6700-f34d-11f0-80d8-0255ac12193b, , , , , , ,	 112.21996, , , , , , 7, , , , , , , , 18934a04-16df-11f1-907a-0255ac1203f4, 35BLT_0025, , true,	 1786017790415, 2026-08-06 12:03:10, e703fcc2-e165-11f0-a9fb-0255ac121097, , , , , , , PTI, , , , , No, No, No, , 
 1ac88c88-0300-11f1-bdcd-0255ac121084, , , , , , f343d1fb-e165-11f0-90da-0255ac121938, , , , f0a18f4d-6bd2-11f1-8cac-0255ac120ff9, , , , , 24e0e84f-5b4b-11f1-8fdf-0255ac12109b, PTI_PROYONANGGAN_UTARA, , afde0691-1797-11f1-b148-0255ac1210a3, 33BTG_0006, ,	 109.7348, , , 0, , , , No, , , -6.90322, , , , , , , , , , , -6.90322, ce1d6700-f34d-11f0-80d8-0255ac12193b, , , , , , ,	 109.7348, , , , , ,	 591, , , , , , , , 18971b02-16df-11f1-907a-0255ac1203f4, 33BTG_0006, , true,	 1786017790433, 2026-08-06 12:03:10, e70a8cd9-e165-11f0-a9fb-0255ac121097, , , , , , , PTI, , , , , No, No, No, , 
 1ac88c88-0300-11f1-bdcd-0255ac121084, , , , , , f343d1fb-e165-11f0-90da-0255ac121938, , , , f0a18f4d-6bd2-11f1-8cac-0255ac120ff9, , , , , 257cd9dc-5b4b-11f1-8fdf-0255ac12109b, PTI_GEMOLONG, , 06887636-74a8-11f1-abfb-0255ac121dc0, 33SGN_0024, ,	 110.82709, , , 0, , , , No, , , -7.39865, , , , , , , , , , , -7.39865, ce1d6700-f34d-11f0-80d8-0255ac12193b, , , , , , ,	 110.82709, , , , , ,	 175, , , , , , , , 189d831b-16df-11f1-907a-0255ac1203f4, 33SGN_0024, , true,	 1786017790430, 2026-08-06 12:03:10, b48c3ea5-fb2f-11f0-be90-0255ac120057, , , , , , , PTI, , , , , No, No, No, , 
 1ac88c88-0300-11f1-bdcd-0255ac121084, , , , , , f343d1fb-e165-11f0-90da-0255ac121938, , , , f0a18f4d-6bd2-11f1-8cac-0255ac120ff9, , , , , 24eb6fb8-5b4b-11f1-8fdf-0255ac12109b, PTI_SAMPANG_CILACAP, , 93d8b78c-1797-11f1-be90-0255ac120057, 33CLP_0043, ,	 109.20278, , , 0, , , , No, , , -7.56148, , , , , , , , , , , -7.56148, ce1d6700-f34d-11f0-80d8-0255ac12193b, , , , , , ,	 109.20278, , , , , , 25, , , , , , , , 189f7f2f-16df-11f1-907a-0255ac1203f4, 33CLP_0043, , true,	 1786017790521, 2026-08-06 12:03:10, b48c3ea5-fb2f-11f0-be90-0255ac120057, , , , , , , PTI, , , , , No, No, No, , 
 1ac88c88-0300-11f1-bdcd-0255ac121084, , , , , , f343d1fb-e165-11f0-90da-0255ac121938, , , , f0a18f4d-6bd2-11f1-8cac-0255ac120ff9, , , , , 24df61ac-5b4b-11f1-8fdf-0255ac12109b, PTI_PASIR_MUNCANG_II_GF, , 93d8b78c-1797-11f1-be90-0255ac120057, 33PWT_0008, ,	 109.21295, , , 0, , , , No, , , -7.43299, , , , , , , , , , , -7.43299, ce1d6700-f34d-11f0-80d8-0255ac12193b, , , , , , ,	 109.21295, , , , , ,	 187, , , , , , , , 189fcd59-16df-11f1-907a-0255ac1203f4, 33PWT_0008, , true,	 1786017790533, 2026-08-06 12:03:10, b48c3ea5-fb2f-11f0-be90-0255ac120057, , , , , , , PTI, , , , , No, No, No, , 
 2df57184-f362-11f0-82f8-0255ac12021f, , , , , , f343d1fb-e165-11f0-90da-0255ac121938, , , , f0a18f4d-6bd2-11f1-8cac-0255ac120ff9, , , , , 25800e37-5b4b-11f1-8fdf-0255ac12109b, PTI_MEKARSARI_CICURUG, , aa157741-1797-11f1-bdcd-0255ac121084, 32SKB_0022, ,	 106.76108, , , 0, , , , No, , , -6.79977, , , , , , , , , , , -6.79977, ce1d6700-f34d-11f0-80d8-0255ac12193b, , , , , , ,	 106.76108, , , , , ,	 184, , , , , , , , 189fcd5f-16df-11f1-907a-0255ac1203f4, 32SKB_0022, , true,	 1786017790582, 2026-08-06 12:03:10, e703fcc2-e165-11f0-a9fb-0255ac121097, , , , , , , PTI, , , , , No, No, No, , 
 2df57184-f362-11f0-82f8-0255ac12021f, , , , , , f343d1fb-e165-11f0-90da-0255ac121938, , , , f0a18f4d-6bd2-11f1-8cac-0255ac120ff9, , , , , 7baa6b5b-f34e-11f0-a8cb-0255ac1211f7, PTI_RENGASBENDUNG, , 47b0e452-4eb8-11f1-a63d-0255ac1203fc, 32BKS_0167, ,	 107.22125, , , 0, , , , No, , , -6.26578, , , , , , , , , , , -6.26578, ce1d6700-f34d-11f0-80d8-0255ac12193b, , , , , , ,	 107.22125, , , , , ,	 717, , , , , , , , 18a12d0e-16df-11f1-907a-0255ac1203f4, 32BKS_0167, , true,	 1786017790593, 2026-08-06 12:03:10, e703fcc2-e165-11f0-a9fb-0255ac121097, , , , , , , PTI, , , , , No, No, No, , 
 25426cff-f362-11f0-8722-0255ac1208c5, , , , , , f343d1fb-e165-11f0-90da-0255ac121938, , , , f0a18f4d-6bd2-11f1-8cac-0255ac120ff9, , , , , 036a92c2-f34e-11f0-bb3c-0255ac12003a, PTI_JETAK_BOJONEGORO, , 58aaf430-2cb4-11f1-ab67-0255ac1208c4, 35BJN_0019, ,	 111.86784, , , 0, , , , No, , , -7.16695, , , , , , , , , , , -7.16695, ce1d6700-f34d-11f0-80d8-0255ac12193b, , , , , , ,	 111.86784, , , , , , 9, , , , , , , , 18a2db07-16df-11f1-907a-0255ac1203f4, 35BJN_0019, , true,	 1786017790586, 2026-08-06 12:03:10, e70a8cd9-e165-11f0-a9fb-0255ac121097, , , , , , , PTI, , , , , No, No, No, , 
 25426cff-f362-11f0-8722-0255ac1208c5, , , , , , f343d1fb-e165-11f0-90da-0255ac121938, , , , f0a18f4d-6bd2-11f1-8cac-0255ac120ff9, , , , , 25510edf-5b4b-11f1-8fdf-0255ac12109b, PTI_SUSUAN_GAMPANGREJO, , 47a4af2f-4eb8-11f1-a63d-0255ac1203fc, 35KDR_0005, ,	 112.02493, , , 0, , , , No, , , -7.77327, , , , , , , , , , , -7.77327, ce1d6700-f34d-11f0-80d8-0255ac12193b, , , , , , ,	 112.02493, , , , , ,	 681, , , , , , , , 18a4aff7-16df-11f1-907a-0255ac1203f4, 35KDR_0005, , true,	 1786017790584, 2026-08-06 12:03:10, e703fcc2-e165-11f0-a9fb-0255ac121097, , , , , , , PTI, , , , , No, No, No, , 
 25426cff-f362-11f0-8722-0255ac1208c5, , , , , , f343d1fb-e165-11f0-90da-0255ac121938, , , , f0a18f4d-6bd2-11f1-8cac-0255ac120ff9, , , , , 0980097b-f34e-11f0-80d8-0255ac12193b, PTI_TENGGULUNAN_CANDI_SIDOARJO, , 9784a8b3-1797-11f1-8e49-0255ac121206, 35SDA_0130, ,	 112.70639, , , 0, , , , No, , , -7.47131, , , , , , , , , , , -7.47131, ce1d6700-f34d-11f0-80d8-0255ac12193b, , , , , , ,	 112.70639, , , , , , 9, , , , , , , , 18ab3f1a-16df-11f1-907a-0255ac1203f4, 35SDA_0130, , true,	 1786017790588, 2026-08-06 12:03:10, e703fcc2-e165-11f0-a9fb-0255ac121097, , , , , , , PTI, , , , , No, No, No, , 
 1ac88c88-0300-11f1-bdcd-0255ac121084, , , , , , f343d1fb-e165-11f0-90da-0255ac121938, , , , f0a18f4d-6bd2-11f1-8cac-0255ac120ff9, , , , , 25976737-5b4b-11f1-8fdf-0255ac12109b, PTI_PALUR_SROYO, , 47b59f59-4eb8-11f1-a63d-0255ac1203fc, 33KRG_0015, ,	 110.8905, , , 0, , , , No, , , -7.54659, , , , , , , , , , , -7.54659, ce1d6700-f34d-11f0-80d8-0255ac12193b, , , , , , ,	 110.8905, , , , , , , , , , , , , , 18ab8d40-16df-11f1-907a-0255ac1203f4, 33KRG_0015, , true,	 1786017790636, 2026-08-06 12:03:10, b48c3ea5-fb2f-11f0-be90-0255ac120057, , , , , , , PTI, , , , , No, No, No, , 
 1ac88c88-0300-11f1-bdcd-0255ac121084, , , , , , f343d1fb-e165-11f0-90da-0255ac121938, , , , f0a18f4d-6bd2-11f1-8cac-0255ac120ff9, , , , , 24eb6fb8-5b4b-11f1-8fdf-0255ac12109b, PTI_BOGASARI, , 477bca99-4eb8-11f1-a63d-0255ac1203fc, 33CLP_0015, ,	 109.00064, , , 0, , , , No, , , -7.73354, , , , , , , , , , , -7.73354, ce1d6700-f34d-11f0-80d8-0255ac12193b, , , , , , ,	 109.00064, , , , , ,	 632, , , , , , , , 18add77c-16df-11f1-907a-0255ac1203f4, 33CLP_0015, , true,	 1786017790636, 2026-08-06 12:03:10, b48c3ea5-fb2f-11f0-be90-0255ac120057, , , , , , , PTI, , , , , No, No, No, , 
 1ac88c88-0300-11f1-bdcd-0255ac121084, , , , , , f343d1fb-e165-11f0-90da-0255ac121938, , , , f0a18f4d-6bd2-11f1-8cac-0255ac120ff9, , , , , 254bdea6-5b4b-11f1-8fdf-0255ac12109b, PTI_REJOSARI, , b3f5645d-1797-11f1-b289-0255ac12100b, 33KRG_0012, ,	 110.81407, , , 0, , , , No, , , -7.48331, , , , , , , , , , , -7.48331, ce1d6700-f34d-11f0-80d8-0255ac12193b, , , , , , ,	 110.81407, , , , , , 27, , , , , , , , 18ae9af3-16df-11f1-907a-0255ac1203f4, 33KRG_0012, , true,	 1786017791597, 2026-08-06 12:03:11, b48c3ea5-fb2f-11f0-be90-0255ac120057, , , , , , , PTI, , , , , No, No, No, , 
 2df57184-f362-11f0-82f8-0255ac12021f, , , , , , f343d1fb-e165-11f0-90da-0255ac121938, , , , f0a18f4d-6bd2-11f1-8cac-0255ac120ff9, , , , , 24da5886-5b4b-11f1-8fdf-0255ac12109b, PTI_TENJOLAYA, , 9ffbdd8f-1797-11f1-b3b6-0255ac120212, 32BDG_0052, ,	 107.834, , , 0, , , , No, , , -6.98031, , , , , , , , , , , -6.98031, ce1d6700-f34d-11f0-80d8-0255ac12193b, , , , , , ,	 107.834, , , , , ,	 744, , , , , , , , 18af103a-16df-11f1-907a-0255ac1203f4, 32BDG_0052, , true,	 1786017790834, 2026-08-06 12:03:10, e703fcc2-e165-11f0-a9fb-0255ac121097, , , , , , , PTI, , , , , No, No, No, , 
 2df57184-f362-11f0-82f8-0255ac12021f, , , , , , f343d1fb-e165-11f0-90da-0255ac121938, , , , f0a18f4d-6bd2-11f1-8cac-0255ac120ff9, , , , , 7685bc47-f34e-11f0-8acc-0255ac121003, PTI_PERUM_PARUNG_PANJANG, , b74886dc-1797-11f1-8f47-0255ac121dc0, 32BGR_0019, ,	 106.564, , , 0, , , , No, , , -6.34777, , , , , , , , , , , -6.34777, ce1d6700-f34d-11f0-80d8-0255ac12193b, , , , , , ,	 106.564, , , , , ,	 632, , , , , , , , 18af856f-16df-11f1-907a-0255ac1203f4, 32BGR_0019, , true,	 1786017790632, 2026-08-06 12:03:10, e703fcc2-e165-11f0-a9fb-0255ac121097, , , , , , , PTI, , , , , No, No, No, , 
 1ac88c88-0300-11f1-bdcd-0255ac121084, , , , , , f343d1fb-e165-11f0-90da-0255ac121938, , , , f0a18f4d-6bd2-11f1-8cac-0255ac120ff9, , , , , 25a940c5-5b4b-11f1-8fdf-0255ac12109b, PTI_PUCANGSAWIT, , b3f5645d-1797-11f1-b289-0255ac12100b, 33SKT_0054, ,	 110.85432, , , 0, , , , No, , , -7.56457, , , , , , , , , , , -7.56457, ce1d6700-f34d-11f0-80d8-0255ac12193b, , , , , , ,	 110.85432, , , , , , 93, , , , , , , , 18afab89-16df-11f1-907a-0255ac1203f4, 33SKT_0054, , true,	 1786017790638, 2026-08-06 12:03:10, b48c3ea5-fb2f-11f0-be90-0255ac120057, , , , , , , PTI, , , , , No, No, No, , 
 2df57184-f362-11f0-82f8-0255ac12021f, , , , , , f343d1fb-e165-11f0-90da-0255ac121938, , , , f0a18f4d-6bd2-11f1-8cac-0255ac120ff9, , , , , 25800e37-5b4b-11f1-8fdf-0255ac12109b, PTI_CISAAT, , aa157741-1797-11f1-bdcd-0255ac121084, 32SKB_0023, ,	 106.87332, , , 0, , , , No, , , -6.91531, , , , , , , , , , , -6.91531, ce1d6700-f34d-11f0-80d8-0255ac12193b, , , , , , ,	 106.87332, , , , , , 30, , , , , , , , 18b020c8-16df-11f1-907a-0255ac1203f4, 32SKB_0023, , true,	 1786017790854, 2026-08-06 12:03:10, e703fcc2-e165-11f0-a9fb-0255ac121097, , , , , , , PTI, , , , , No, No, No, , 
 2df57184-f362-11f0-82f8-0255ac12021f, , , , , , f343d1fb-e165-11f0-90da-0255ac121938, , , , f0a18f4d-6bd2-11f1-8cac-0255ac120ff9, , , , , 2576c00a-5b4b-11f1-8fdf-0255ac12109b, PTI_CIGANEA_BUNDER, , 58bfb47e-2cb4-11f1-ab67-0255ac1208c4, 32PWK_0021, ,	 107.43138, , , 0, , , , No, , , -6.56942, , , , , , , , , , , -6.56942, ce1d6700-f34d-11f0-80d8-0255ac12193b, , , , , , ,	 107.43138, , , , , ,	 383, , , , , , , , 18b2b943-16df-11f1-907a-0255ac1203f4, 32PWK_0021, , true,	 1786017790698, 2026-08-06 12:03:10, e703fcc2-e165-11f0-a9fb-0255ac121097, , , , , , , PTI, , , , , No, No, No, , 
 2df57184-f362-11f0-82f8-0255ac12021f, , , , , , f343d1fb-e165-11f0-90da-0255ac121938, , , , f0a18f4d-6bd2-11f1-8cac-0255ac120ff9, , , , , 25853e71-5b4b-11f1-8fdf-0255ac12109b, PTI_LELES_KIDUL_CIAWI, , 9a1a95b2-1797-11f1-b470-0255ac120236, 32TSM_0008, ,	 108.13686, , , 0, , , , No, , , -7.15856, , , , , , , , , , , -7.15856, ce1d6700-f34d-11f0-80d8-0255ac12193b, , , , , , ,	 108.13686, , , , , ,	 156, , , , , , , , 18b32e79-16df-11f1-907a-0255ac1203f4, 32TSM_0008, , true,	 1786017790702, 2026-08-06 12:03:10, e703fcc2-e165-11f0-a9fb-0255ac121097, , , , , , , PTI, , , , , No, No, No, , 
 1ac88c88-0300-11f1-bdcd-0255ac121084, , , , , , f343d1fb-e165-11f0-90da-0255ac121938, , , , f0a18f4d-6bd2-11f1-8cac-0255ac120ff9, , , , , 254f3a14-5b4b-11f1-8fdf-0255ac12109b, PTI_KUTOWINANGUN, , 58e31b1a-2cb4-11f1-ab67-0255ac1208c4, 33KBM_0014, ,	 109.73711, , , 0, , , , No, , , -7.71732, , , , , , , , , , , -7.71732, ce1d6700-f34d-11f0-80d8-0255ac12193b, , , , , , ,	 109.73711, , , , , ,	 118, , , , , , , , 18b3f1e0-16df-11f1-907a-0255ac1203f4, 33KBM_0014, , true,	 1786017790707, 2026-08-06 12:03:10, b48c3ea5-fb2f-11f0-be90-0255ac120057, , , , , , , PTI, , , , , No, No, No, , 
 1ac88c88-0300-11f1-bdcd-0255ac121084, , , , , , f343d1fb-e165-11f0-90da-0255ac121938, , , , f0a18f4d-6bd2-11f1-8cac-0255ac120ff9, , , , , 2554433a-5b4b-11f1-8fdf-0255ac12109b, PTI_SENGON_KLT, , 8dbc3c11-1797-11f1-8caf-0255ac1211f5, 33KLN_0012, ,	 110.53133, , , 0, , , , No, , , -7.76086, , , , , , , , , , , -7.76086, ce1d6700-f34d-11f0-80d8-0255ac12193b, , , , , , ,	 110.53133, , , , , , 51, , , , , , , , 18b418f2-16df-11f1-907a-0255ac1203f4, 33KLN_0012, , true,	 1786017790835, 2026-08-06 12:03:10, b48c3ea5-fb2f-11f0-be90-0255ac120057, , , , , , , PTI, , , , , No, No, No, , 
 25426cff-f362-11f0-8722-0255ac1208c5, , , , , , f343d1fb-e165-11f0-90da-0255ac121938, , , , f0a18f4d-6bd2-11f1-8cac-0255ac120ff9, , , , , 3ac87689-f34e-11f0-8722-0255ac1208c5, PTI_DENGKOL, , 9d3fcabe-1797-11f1-8d29-0255ac1218e4, 35MLG_0023, ,	 112.67377, , , 0, , , , No, , , -7.89759, , , , , , , , , , , -7.89759, ce1d6700-f34d-11f0-80d8-0255ac12193b, , , , , , ,	 112.67377, , , , , , 63, , , , , , , , 18b52a84-16df-11f1-907a-0255ac1203f4, 35MLG_0023, , true,	 1786017790840, 2026-08-06 12:03:10, e703fcc2-e165-11f0-a9fb-0255ac121097, , , , , , , PTI, , , , , No, No, No, , 
 1ac88c88-0300-11f1-bdcd-0255ac121084, , , , , , f343d1fb-e165-11f0-90da-0255ac121938, , , , f0a18f4d-6bd2-11f1-8cac-0255ac120ff9, , , , , 2554433a-5b4b-11f1-8fdf-0255ac12109b, PTI_KETANDAN, , 8dbc3c11-1797-11f1-8caf-0255ac1211f5, 33KLN_0013, ,	 110.62849, , , 0, , , , No, , , -7.69141, , , , , , , , , , , -7.69141, ce1d6700-f34d-11f0-80d8-0255ac12193b, , , , , , ,	 110.62849, , , , , ,	 101, , , , , , , , 18bc560c-16df-11f1-907a-0255ac1203f4, 33KLN_0013, , true,	 1786017790852, 2026-08-06 12:03:10, b48c3ea5-fb2f-11f0-be90-0255ac120057, , , , , , , PTI, , , , , No, No, No, , 
 1ac88c88-0300-11f1-bdcd-0255ac121084, , , , , , f343d1fb-e165-11f0-90da-0255ac121938, , , , f0a18f4d-6bd2-11f1-8cac-0255ac120ff9, , , , , 254f3a14-5b4b-11f1-8fdf-0255ac12109b, PTI_PANJER_KEBUMEN, , 58e31b1a-2cb4-11f1-ab67-0255ac1208c4, 33KBM_0016, ,	 109.67115, , , 0, , , , No, , , -7.68085, , , , , , , , , , , -7.68085, ce1d6700-f34d-11f0-80d8-0255ac12193b, , , , , , ,	 109.67115, , , , , , 79, , , , , , , , 18bf63b1-16df-11f1-907a-0255ac1203f4, 33KBM_0016, , true,	 1786017790919, 2026-08-06 12:03:10, b48c3ea5-fb2f-11f0-be90-0255ac120057, , , , , , , PTI, , , , , No, No, No, , 
 1ac88c88-0300-11f1-bdcd-0255ac121084, , , , , , f343d1fb-e165-11f0-90da-0255ac121938, , , , f0a18f4d-6bd2-11f1-8cac-0255ac120ff9, , , , , 24eb6fb8-5b4b-11f1-8fdf-0255ac12109b, PTI_PUCUNG_KIDUL_GF, , 4780acb3-4eb8-11f1-a63d-0255ac1203fc, 33CLP_0054, ,	 109.24915, , , 0, , , , No, , , -7.63549, , , , , , , , , , , -7.63549, ce1d6700-f34d-11f0-80d8-0255ac12193b, , , , , , ,	 109.24915, , , , , , 13, , , , , , , , 18bfb1e0-16df-11f1-907a-0255ac1203f4, 33CLP_0054, , true,	 1786017790917, 2026-08-06 12:03:10, b48c3ea5-fb2f-11f0-be90-0255ac120057, , , , , , , PTI, , , , , No, No, No, , 
 1ac88c88-0300-11f1-bdcd-0255ac121084, , , , , , f343d1fb-e165-11f0-90da-0255ac121938, , , , f0a18f4d-6bd2-11f1-8cac-0255ac120ff9, , , , , 254f3a14-5b4b-11f1-8fdf-0255ac12109b, PTI_PANJER, , 58e31b1a-2cb4-11f1-ab67-0255ac1208c4, 33KBM_0015, ,	 109.66119, , , 0, , , , No, , , -7.67917, , , , , , , , , , , -7.67917, ce1d6700-f34d-11f0-80d8-0255ac12193b, , , , , , ,	 109.66119, , , , , ,	 521, , , , , , , , 18bfb1e4-16df-11f1-907a-0255ac1203f4, 33KBM_0015, , true,	 1786017790995, 2026-08-06 12:03:10, b48c3ea5-fb2f-11f0-be90-0255ac120057, , , , , , , PTI, , , , , No, No, No, , 
 25426cff-f362-11f0-8722-0255ac1208c5, , , , , , f343d1fb-e165-11f0-90da-0255ac121938, , , , f0a18f4d-6bd2-11f1-8cac-0255ac120ff9, , , , , 255b6f44-5b4b-11f1-8fdf-0255ac12109b, PTI_KRAJAN, , acf2ce12-1797-11f1-9066-0255ac121cb3, 35MAD_0005, ,	 111.66069, , , 0, , , , No, , , -7.54718, , , , , , , , , , , -7.54718, ce1d6700-f34d-11f0-80d8-0255ac12193b, , , , , , ,	 111.66069, , , , , , 74, , , , , , , , 18c07543-16df-11f1-907a-0255ac1203f4, 35MAD_0005, , true,	 1786017791032, 2026-08-06 12:03:10, e703fcc2-e165-11f0-a9fb-0255ac121097, , , , , , , PTI, , , , , No, No, No, , 
 25426cff-f362-11f0-8722-0255ac1208c5, , , , , , f343d1fb-e165-11f0-90da-0255ac121938, , , , f0a18f4d-6bd2-11f1-8cac-0255ac120ff9, , , , , 0f09bb51-f34e-11f0-b617-0255ac1205c2, PTI_SLAWU, , a73bf14a-1797-11f1-a4c0-0255ac12094c, 35JMR_0005, ,	 113.7057, , , 0, , , , No, , , -8.15635, , , , , , , , , , , -8.15635, ce1d6700-f34d-11f0-80d8-0255ac12193b, , , , , , ,	 113.7057, , , , , ,	 227, , , , , , , , 18c35ae4-16df-11f1-907a-0255ac1203f4, 35JMR_0005, , true,	 1786017791000, 2026-08-06 12:03:10, e703fcc2-e165-11f0-a9fb-0255ac121097, , , , , , , PTI, , , , , No, No, No, , 
 1ac88c88-0300-11f1-bdcd-0255ac121084, , , , , , f343d1fb-e165-11f0-90da-0255ac121938, , , , f0a18f4d-6bd2-11f1-8cac-0255ac120ff9, , , , , 254bdea6-5b4b-11f1-8fdf-0255ac12109b, PTI_GONDANGREJO, , b3f5645d-1797-11f1-b289-0255ac12100b, 33KRG_0013, ,	 110.80861, , , 0, , , , No, , , -7.47452, , , , , , , , , , , -7.47452, ce1d6700-f34d-11f0-80d8-0255ac12193b, , , , , , ,	 110.80861, , , , , , 3, , , , , , , , 18c88b57-16df-11f1-907a-0255ac1203f4, 33KRG_0013, , true,	 1786017791030, 2026-08-06 12:03:11, b48c3ea5-fb2f-11f0-be90-0255ac120057, , , , , , , PTI, , , , , No, No, No, , 
 2df57184-f362-11f0-82f8-0255ac12021f, , , , , , f343d1fb-e165-11f0-90da-0255ac121938, , , , f0a18f4d-6bd2-11f1-8cac-0255ac120ff9, , , , , 5da072b9-f34e-11f0-8fd3-0255ac121dca, PTI_MRANCASAGATAN, , 9ffbdd8f-1797-11f1-b3b6-0255ac120212, 32BDG_0070, ,	 107.706, , , 0, , , , No, , , -6.95163, , , , , , , , , , , -6.95163, ce1d6700-f34d-11f0-80d8-0255ac12193b, , , , , , ,	 107.706, , , , , ,	 386, , , , , , , , 18c975df-16df-11f1-907a-0255ac1203f4, 32BDG_0070, , true,	 1786017791088, 2026-08-06 12:03:11, e703fcc2-e165-11f0-a9fb-0255ac121097, , , , , , , PTI, , , , , No, No, No, , 
 2d1992c8-0300-11f1-8f47-0255ac121dc0, , , , , , f343d1fb-e165-11f0-90da-0255ac121938, , , , f0a18f4d-6bd2-11f1-8cac-0255ac120ff9, , , , , 257a68bf-5b4b-11f1-8fdf-0255ac12109b, PTI_KALASAN, , 8dbc3c11-1797-11f1-8caf-0255ac1211f5, 34SMN_0043, ,	 110.46654, , , 0, , , , No, , , -7.77359, , , , , , , , , , , -7.77359, ce1d6700-f34d-11f0-80d8-0255ac12193b, , , , , , ,	 110.46654, , , , , , 10, , , , , , , , 18cb9807-16df-11f1-907a-0255ac1203f4, 34SMN_0043, , true,	 1786017791098, 2026-08-06 12:03:11, b493b903-fb2f-11f0-be90-0255ac120057, , , , , , , PTI, , , , , No, No, No, , 
 1ac88c88-0300-11f1-bdcd-0255ac121084, , , , , , f343d1fb-e165-11f0-90da-0255ac121938, , , , f0a18f4d-6bd2-11f1-8cac-0255ac120ff9, , , , , 25820a13-5b4b-11f1-8fdf-0255ac12109b, PTI_JATEN_KARANGANYAR, , b3f5645d-1797-11f1-b289-0255ac12100b, 33SKH_0003, ,	 110.90324, , , 0, , , , No, , , -7.58164, , , , , , , , , , , -7.58164, ce1d6700-f34d-11f0-80d8-0255ac12193b, , , , , , ,	 110.90324, , , , , , 35, , , , , , , , 18d053ac-16df-11f1-907a-0255ac1203f4, 33SKH_0003, , true,	 1786017791076, 2026-08-06 12:03:11, b48c3ea5-fb2f-11f0-be90-0255ac120057, , , , , , , PTI, , , , , No, No, No, , 
 1ac88c88-0300-11f1-bdcd-0255ac121084, , , , , , f343d1fb-e165-11f0-90da-0255ac121938, , , , f0a18f4d-6bd2-11f1-8cac-0255ac120ff9, , , , , 25a45fb8-5b4b-11f1-8fdf-0255ac12109b, PTI_TLOGO_MULYO1, , 9120c34a-1797-11f1-be90-0255ac120057, 33SMG_0009, ,	 110.474, , , 0, , , , No, , , -6.98975, , , , , , , , , , , -6.98975, ce1d6700-f34d-11f0-80d8-0255ac12193b, , , , , , ,	 110.474, , , , , ,	 770, , , , , , , , 18d13e37-16df-11f1-907a-0255ac1203f4, 33SMG_0009, , true,	 1786017791117, 2026-08-06 12:03:11, e70a8cd9-e165-11f0-a9fb-0255ac121097, , , , , , , PTI, , , , , No, No, No, , 
 1ac88c88-0300-11f1-bdcd-0255ac121084, , , , , , f343d1fb-e165-11f0-90da-0255ac121938, , , , f0a18f4d-6bd2-11f1-8cac-0255ac120ff9, , , , , 25a940c5-5b4b-11f1-8fdf-0255ac12109b, PTI_PASAR_KLIWON, , b3f5645d-1797-11f1-b289-0255ac12100b, 33SKT_0057, ,	 110.8313, , , 0, , , , No, , , -7.57971, , , , , , , , , , , -7.57971, ce1d6700-f34d-11f0-80d8-0255ac12193b, , , , , , ,	 110.8313, , , , , ,	 176, , , , , , , , 18d2eb1e-16df-11f1-907a-0255ac1203f4, 33SKT_0057, , true,	 1786017791088, 2026-08-06 12:03:11, b48c3ea5-fb2f-11f0-be90-0255ac120057, , , , , , , PTI, , , , , No, No, No, , 
 25426cff-f362-11f0-8722-0255ac1208c5, , , , , , f343d1fb-e165-11f0-90da-0255ac121938, , , , f0a18f4d-6bd2-11f1-8cac-0255ac120ff9, , , , , 259df6fa-5b4b-11f1-8fdf-0255ac12109b, PTI_LA.SUCIPTO_BLIMBING, , 9d3fcabe-1797-11f1-8d29-0255ac1218e4, 35MLG_0018, ,	 112.654, , , 0, , , , No, , , -7.9455, , , , , , , , , , , -7.9455, ce1d6700-f34d-11f0-80d8-0255ac12193b, , , , , , ,	 112.654, , , , , ,	 195, , , , , , , , 18db4f70-16df-11f1-907a-0255ac1203f4, 35MLG_0018, , true,	 1786017791115, 2026-08-06 12:03:11, e703fcc2-e165-11f0-a9fb-0255ac121097, , , , , , , PTI, , , , , No, No, No, , 
 2df57184-f362-11f0-82f8-0255ac12021f, , , , , , f343d1fb-e165-11f0-90da-0255ac121938, , , , f0a18f4d-6bd2-11f1-8cac-0255ac120ff9, , , , , 7baa6b5b-f34e-11f0-a8cb-0255ac1211f7, PTI_KARANGASIH, , 47b0e452-4eb8-11f1-a63d-0255ac1203fc, 32BKS_0026, ,	 107.148, , , 0, , , , No, , , -6.25007, , , , , , , , , , , -6.25007, ce1d6700-f34d-11f0-80d8-0255ac12193b, , , , , , ,	 107.148, , , , , ,	 806, , , , , , , , 18dcfd4a-16df-11f1-907a-0255ac1203f4, 32BKS_0026, , true,	 1786017791130, 2026-08-06 12:03:11, e703fcc2-e165-11f0-a9fb-0255ac121097, , , , , , , PTI, , , , , No, No, No, , 
 1ac88c88-0300-11f1-bdcd-0255ac121084, , , , , , f343d1fb-e165-11f0-90da-0255ac121938, , , , f0a18f4d-6bd2-11f1-8cac-0255ac120ff9, , , , , 2554433a-5b4b-11f1-8fdf-0255ac12109b, PTI_DANGURAN, , 8dbc3c11-1797-11f1-8caf-0255ac1211f5, 33KLN_0015, ,	 110.59416, , , 0, , , , No, , , -7.72636, , , , , , , , , , , -7.72636, ce1d6700-f34d-11f0-80d8-0255ac12193b, , , , , , ,	 110.59416, , , , , ,	 190, , , , , , , , 18e27b63-16df-11f1-907a-0255ac1203f4, 33KLN_0015, , true,	 1786017791188, 2026-08-06 12:03:11, b48c3ea5-fb2f-11f0-be90-0255ac120057, , , , , , , PTI, , , , , No, No, No, , 
 25426cff-f362-11f0-8722-0255ac1208c5, , , , , , f343d1fb-e165-11f0-90da-0255ac121938, , , , f0a18f4d-6bd2-11f1-8cac-0255ac120ff9, , , , , 25a7ba22-5b4b-11f1-8fdf-0255ac12109b, PTI_SIMOREJO_TIMUR, , 9784a8b3-1797-11f1-8e49-0255ac121206, 35SBY_0143, ,	 112.713, , , 0, , , , No, , , -7.25778, , , , , , , , , , , -7.25778, ce1d6700-f34d-11f0-80d8-0255ac12193b, , , , , , ,	 112.713, , , , , ,	 559, , , , , , , , 18e33ec9-16df-11f1-907a-0255ac1203f4, 35SBY_0143, , true,	 1786017791144, 2026-08-06 12:03:11, e703fcc2-e165-11f0-a9fb-0255ac121097, , , , , , , PTI, , , , , No, No, No, , 
 2df57184-f362-11f0-82f8-0255ac12021f, , , , , , f343d1fb-e165-11f0-90da-0255ac121938, , , , f0a18f4d-6bd2-11f1-8cac-0255ac120ff9, , , , , 24e68db1-5b4b-11f1-8fdf-0255ac12109b, PTI_CIJEUNJING, , 9a1a95b2-1797-11f1-b470-0255ac120236, 32CMS_0005, ,	 108.38074, , , 0, , , , No, , , -7.32832, , , , , , , , , , , -7.32832, ce1d6700-f34d-11f0-80d8-0255ac12193b, , , , , , ,	 108.38074, , , , , , 42, , , , , , , , 18e3b406-16df-11f1-907a-0255ac1203f4, 32CMS_0005, , true,	 1786017791199, 2026-08-06 12:03:11, e703fcc2-e165-11f0-a9fb-0255ac121097, , , , , , , PTI, , , , , No, No, No, , 
 25426cff-f362-11f0-8722-0255ac1208c5, , , , , , f343d1fb-e165-11f0-90da-0255ac121938, , , , f0a18f4d-6bd2-11f1-8cac-0255ac120ff9, , , , , 25a7ba22-5b4b-11f1-8fdf-0255ac12109b, PTI_KANDANGAN, , 9784a8b3-1797-11f1-8e49-0255ac121206, 35SBY_0144, ,	 112.65456, , , 0, , , , No, , , -7.25862, , , , , , , , , , , -7.25862, ce1d6700-f34d-11f0-80d8-0255ac12193b, , , , , , ,	 112.65456, , , , , ,	 369, , , , , , , , 18e70f81-16df-11f1-907a-0255ac1203f4, 35SBY_0144, , true,	 1786017791194, 2026-08-06 12:03:11, e703fcc2-e165-11f0-a9fb-0255ac121097, , , , , , , PTI, , , , , No, No, No, , 
 25426cff-f362-11f0-8722-0255ac1208c5, , , , , , f343d1fb-e165-11f0-90da-0255ac121938, , , , f0a18f4d-6bd2-11f1-8cac-0255ac120ff9, , , , , 0980097b-f34e-11f0-80d8-0255ac12193b, PTI_JALAN_TAMAN, , 9784a8b3-1797-11f1-8e49-0255ac121206, 35SDA_0085, ,	 112.69521, , , 0, , , , No, , , -7.35244, , , , , , , , , , , -7.35244, ce1d6700-f34d-11f0-80d8-0255ac12193b, , , , , , ,	 112.69521, , , , , , 5, , , , , , , , 18ea927a-16df-11f1-907a-0255ac1203f4, 35SDA_0085, , true,	 1786017791196, 2026-08-06 12:03:11, e703fcc2-e165-11f0-a9fb-0255ac121097, , , , , , , PTI, , , , , No, No, No, , 
 1ac88c88-0300-11f1-bdcd-0255ac121084, , , , , , f343d1fb-e165-11f0-90da-0255ac121938, , , , f0a18f4d-6bd2-11f1-8cac-0255ac120ff9, , , , , 25a940c5-5b4b-11f1-8fdf-0255ac12109b, PTI_KLEBET_SKA, , b3f5645d-1797-11f1-b289-0255ac12100b, 33SKT_0044, ,	 110.8541, , , 0, , , , No, , , -7.54642, , , , , , , , , , , -7.54642, ce1d6700-f34d-11f0-80d8-0255ac12193b, , , , , , ,	 110.8541, , , , , , 19, , , , , , , , 18eab98d-16df-11f1-907a-0255ac1203f4, 33SKT_0044, , true,	 1786017791227, 2026-08-06 12:03:11, b48c3ea5-fb2f-11f0-be90-0255ac120057, , , , , , , PTI, , , , , No, No, No, , 
 2df57184-f362-11f0-82f8-0255ac12021f, , , , , , f343d1fb-e165-11f0-90da-0255ac121938, , , , f0a18f4d-6bd2-11f1-8cac-0255ac120ff9, , , , , 24dc2d51-5b4b-11f1-8fdf-0255ac12109b, PTI_GADOBANGKONG, , 58bfb47e-2cb4-11f1-ab67-0255ac1208c4, 32BDG_0204, ,	 107.51344, , , 0, , , , No, , , -6.86529, , , , , , , , , , , -6.86529, ce1d6700-f34d-11f0-80d8-0255ac12193b, , , , , , ,	 107.51344, , , , , ,	 591, , , , , , , , 18ecdbac-16df-11f1-907a-0255ac1203f4, 32BDG_0204, , true,	 1786017791205, 2026-08-06 12:03:11, e703fcc2-e165-11f0-a9fb-0255ac121097, , , , , , , PTI, , , , , No, No, No, , 
 1ac88c88-0300-11f1-bdcd-0255ac121084, , , , , , f343d1fb-e165-11f0-90da-0255ac121938, , , , f0a18f4d-6bd2-11f1-8cac-0255ac120ff9, , , , , 254bdea6-5b4b-11f1-8fdf-0255ac12109b, PTI_TASIKMADU, , b3f5645d-1797-11f1-b289-0255ac12100b, 33KRG_0019, ,	 110.92689, , , 0, , , , No, , , -7.59328, , , , , , , , , , , -7.59328, ce1d6700-f34d-11f0-80d8-0255ac12193b, , , , , , ,	 110.92689, , , , , , 13, , , , , , , , 18f78a3d-16df-11f1-907a-0255ac1203f4, 33KRG_0019, , true,	 1786017791274, 2026-08-06 12:03:11, b48c3ea5-fb2f-11f0-be90-0255ac120057, , , , , , , PTI, , , , , No, No, No, , 
 25426cff-f362-11f0-8722-0255ac1208c5, , , , , , f343d1fb-e165-11f0-90da-0255ac121938, , , , f0a18f4d-6bd2-11f1-8cac-0255ac120ff9, , , , , 259df6fa-5b4b-11f1-8fdf-0255ac12109b, PTI_BLIMBING, , 9d3fcabe-1797-11f1-8d29-0255ac1218e4, 35MLG_0017, ,	 112.64895, , , 0, , , , No, , , -7.94137, , , , , , , , , , , -7.94137, ce1d6700-f34d-11f0-80d8-0255ac12193b, , , , , , ,	 112.64895, , , , , ,	 171, , , , , , , , 18f7ff7f-16df-11f1-907a-0255ac1203f4, 35MLG_0017, , true,	 1786017791274, 2026-08-06 12:03:11, e703fcc2-e165-11f0-a9fb-0255ac121097, , , , , , , PTI, , , , , No, No, No, , 
 1ac88c88-0300-11f1-bdcd-0255ac121084, , , , , , f343d1fb-e165-11f0-90da-0255ac121938, , , , f0a18f4d-6bd2-11f1-8cac-0255ac120ff9, , , , , 24e0e84f-5b4b-11f1-8fdf-0255ac12109b, PTI_KAUMAN_SINGOSARI, , afde0691-1797-11f1-b148-0255ac1210a3, 33BTG_0007, ,	 109.72696, , , 0, , , , No, , , -6.91323, , , , , , , , , , , -6.91323, ce1d6700-f34d-11f0-80d8-0255ac12193b, , , , , , ,	 109.72696, , , , , ,	 372, , , , , , , , 18f82694-16df-11f1-907a-0255ac1203f4, 33BTG_0007, , true,	 1786017791233, 2026-08-06 12:03:11, e70a8cd9-e165-11f0-a9fb-0255ac121097, , , , , , , PTI, , , , , No, No, No, , 
 1ac88c88-0300-11f1-bdcd-0255ac121084, , , , , , f343d1fb-e165-11f0-90da-0255ac121938, , , , f0a18f4d-6bd2-11f1-8cac-0255ac120ff9, , , , , 257cd9dc-5b4b-11f1-8fdf-0255ac12109b, PTI_PALEM_GADUNG, , 06887636-74a8-11f1-abfb-0255ac121dc0, 33SGN_0015, ,	 111.03499, , , 0, , , , No, , , -7.43315, , , , , , , , , , , -7.43315, ce1d6700-f34d-11f0-80d8-0255ac12193b, , , , , , ,	 111.03499, , , , , ,	 217, , , , , , , , 18f84da7-16df-11f1-907a-0255ac1203f4, 33SGN_0015, , true,	 1786017791234, 2026-08-06 12:03:11, b48c3ea5-fb2f-11f0-be90-0255ac120057, , , , , , , PTI, , , , , No, No, No, , 
 25426cff-f362-11f0-8722-0255ac1208c5, , , , , , f343d1fb-e165-11f0-90da-0255ac121938, , , , f0a18f4d-6bd2-11f1-8cac-0255ac120ff9, , , , , 0980097b-f34e-11f0-80d8-0255ac12193b, PTI_NGAMPEL_SARI, , 9784a8b3-1797-11f1-8e49-0255ac121206, 35SDA_0137, ,	 112.71545, , , 0, , , , No, , , -7.49435, , , , , , , , , , , -7.49435, ce1d6700-f34d-11f0-80d8-0255ac12193b, , , , , , ,	 112.71545, , , , , ,	 545, , , , , , , , 18fedd46-16df-11f1-907a-0255ac1203f4, 35SDA_0137, , true,	 1786017791229, 2026-08-06 12:03:11, e703fcc2-e165-11f0-a9fb-0255ac121097, , , , , , , PTI, , , , , No, No, No, , 
 1ac88c88-0300-11f1-bdcd-0255ac121084, , , , , , f343d1fb-e165-11f0-90da-0255ac121938, , , , f0a18f4d-6bd2-11f1-8cac-0255ac120ff9, , , , , 25820a13-5b4b-11f1-8fdf-0255ac12109b, PTI_MAKAM_HAJI, , b3f5645d-1797-11f1-b289-0255ac12100b, 33SKH_0017, ,	 110.77153, , , 0, , , , No, , , -7.57209, , , , , , , , , , , -7.57209, ce1d6700-f34d-11f0-80d8-0255ac12193b, , , , , , ,	 110.77153, , , , , ,	 396, , , , , , , , 19021205-16df-11f1-907a-0255ac1203f4, 33SKH_0017, , true,	 1786017792321, 2026-08-06 12:03:12, b48c3ea5-fb2f-11f0-be90-0255ac120057, , , , , , , PTI, , , , , No, No, No, , 
 2df57184-f362-11f0-82f8-0255ac12021f, , , , , , f343d1fb-e165-11f0-90da-0255ac121938, , , , f0a18f4d-6bd2-11f1-8cac-0255ac120ff9, , , , , 24e68db1-5b4b-11f1-8fdf-0255ac12109b, PTI_BOLENGLANG_KERTASARI_CIAMIS, , 9a1a95b2-1797-11f1-b470-0255ac120236, 32CMS_0006, ,	 108.36645, , , 0, , , , No, , , -7.3272, , , , , , , , , , , -7.3272, ce1d6700-f34d-11f0-80d8-0255ac12193b, , , , , , ,	 108.36645, , , , , ,	 184, , , , , , , , 190e1f5b-16df-11f1-907a-0255ac1203f4, 32CMS_0006, , true,	 1786017791328, 2026-08-06 12:03:11, e703fcc2-e165-11f0-a9fb-0255ac121097, , , , , , , PTI, , , , , No, No, No, , 
 1ac88c88-0300-11f1-bdcd-0255ac121084, , , , , , f343d1fb-e165-11f0-90da-0255ac121938, , , , f0a18f4d-6bd2-11f1-8cac-0255ac120ff9, , , , , 25a940c5-5b4b-11f1-8fdf-0255ac12109b, PTI_HOTEL_GRAND_SETIA_KAWAN_SOLO, , b3f5645d-1797-11f1-b289-0255ac12100b, 33SKT_0061, ,	 110.81533, , , 0, , , , No, , , -7.54988, , , , , , , , , , , -7.54988, ce1d6700-f34d-11f0-80d8-0255ac12193b, , , , , , ,	 110.81533, , , , , , 16, , , , , , , , 19a7c775-16df-11f1-8335-0255ac121094, 33SKT_0061, , true,	 1786017791408, 2026-08-06 12:03:11, b48c3ea5-fb2f-11f0-be90-0255ac120057, , , , , , , PTI, , , , , No, No, No, , 
 25426cff-f362-11f0-8722-0255ac1208c5, , , , , , f343d1fb-e165-11f0-90da-0255ac121938, , , , f0a18f4d-6bd2-11f1-8cac-0255ac120ff9, , , , , 036a92c2-f34e-11f0-bb3c-0255ac12003a, PTI_SAMBIREJO, , 58aaf430-2cb4-11f1-ab67-0255ac1208c4, 35BJN_0003, ,	 111.87932, , , 0, , , , No, , , -7.16544, , , , , , , , , , , -7.16544, ce1d6700-f34d-11f0-80d8-0255ac12193b, , , , , , ,	 111.87932, , , , , ,	 472, , , , , , , , 19a7c776-16df-11f1-8335-0255ac121094, 35BJN_0003, , true,	 1786017791410, 2026-08-06 12:03:11, e703fcc2-e165-11f0-a9fb-0255ac121097, , , , , , , PTI, , , , , No, No, No, , 
 1ac88c88-0300-11f1-bdcd-0255ac121084, , , , , , f343d1fb-e165-11f0-90da-0255ac121938, , , , f0a18f4d-6bd2-11f1-8cac-0255ac120ff9, , , , , 2554433a-5b4b-11f1-8fdf-0255ac12109b, PTI_KLATEN, , 8dbc3c11-1797-11f1-8caf-0255ac1211f5, 33KLN_0016, ,	 110.61187, , , 0, , , , No, , , -7.69944, , , , , , , , , , , -7.69944, ce1d6700-f34d-11f0-80d8-0255ac12193b, , , , , , ,	 110.61187, , , , , ,	 106, , , , , , , , 19a7c779-16df-11f1-8335-0255ac121094, 33KLN_0016, , true,	 1786017791403, 2026-08-06 12:03:11, b48c3ea5-fb2f-11f0-be90-0255ac120057, , , , , , , PTI, , , , , No, No, No, , 
 1ac88c88-0300-11f1-bdcd-0255ac121084, , , , , , f343d1fb-e165-11f0-90da-0255ac121938, , , , f0a18f4d-6bd2-11f1-8cac-0255ac120ff9, , , , , 258a6eab-5b4b-11f1-8fdf-0255ac12109b, PTI_WONOGIRI, , b3f5645d-1797-11f1-b289-0255ac12100b, 33WNG_0003, ,	 110.92631, , , 0, , , , No, , , -7.8159, , , , , , , , , , , -7.8159, ce1d6700-f34d-11f0-80d8-0255ac12193b, , , , , , ,	 110.92631, , , , , ,	 260, , , , , , , , 19a7c77a-16df-11f1-8335-0255ac121094, 33WNG_0003, , true,	 1786017791513, 2026-08-06 12:03:11, b48c3ea5-fb2f-11f0-be90-0255ac120057, , , , , , , PTI, , , , , No, No, No, , 
 1ac88c88-0300-11f1-bdcd-0255ac121084, , , , , , f343d1fb-e165-11f0-90da-0255ac121938, , , , f0a18f4d-6bd2-11f1-8cac-0255ac120ff9, , , , , 254bdea6-5b4b-11f1-8fdf-0255ac12109b, PTI_SURUHKALANG_JATEN_2, , b3f5645d-1797-11f1-b289-0255ac12100b, 33KRG_0017, ,	 110.89489, , , 0, , , , No, , , -7.57292, , , , , , , , , , , -7.57292, ce1d6700-f34d-11f0-80d8-0255ac12193b, , , , , , ,	 110.89489, , , , , , 10, , , , , , , , 19b81b28-16df-11f1-8335-0255ac121094, 33KRG_0017, , true,	 1786017791409, 2026-08-06 12:03:11, b48c3ea5-fb2f-11f0-be90-0255ac120057, , , , , , , PTI, , , , , No, No, No, , 
 2df57184-f362-11f0-82f8-0255ac12021f, , , , , , f343d1fb-e165-11f0-90da-0255ac121938, , , , f0a18f4d-6bd2-11f1-8cac-0255ac120ff9, , , , , 25976737-5b4b-11f1-8fdf-0255ac12109b, PTI_DEPOK, , 47b59f59-4eb8-11f1-a63d-0255ac1203fc, 32DPK_0013, ,	 106.819, , , 0, , , , No, , , -6.38799, , , , , , , , , , , -6.38799, ce1d6700-f34d-11f0-80d8-0255ac12193b, , , , , , ,	 106.819, , , , , ,	 388, , , , , , , , 19b8423f-16df-11f1-8335-0255ac121094, 32DPK_0013, , true,	 1786017792384, 2026-08-06 12:03:12, e703fcc2-e165-11f0-a9fb-0255ac121097, , , , , , , PTI, , , , , No, No, No, , 
 25426cff-f362-11f0-8722-0255ac1208c5, , , , , , f343d1fb-e165-11f0-90da-0255ac121938, , , , f0a18f4d-6bd2-11f1-8cac-0255ac120ff9, , , , , 25a7ba22-5b4b-11f1-8fdf-0255ac12109b, PTI_MARGOREJO, , 9784a8b3-1797-11f1-8e49-0255ac121206, 35SBY_0145, ,	 112.73882, , , 0, , , , No, , , -7.31808, , , , , , , , , , , -7.31808, ce1d6700-f34d-11f0-80d8-0255ac12193b, , , , , , ,	 112.73882, , , , , ,	 916, , , , , , , , 19b9059a-16df-11f1-8335-0255ac121094, 35SBY_0145, , true,	 1786017792326, 2026-08-06 12:03:12, e703fcc2-e165-11f0-a9fb-0255ac121097, , , , , , , PTI, , , , , No, No, No, , 
 25426cff-f362-11f0-8722-0255ac1208c5, , , , , , f343d1fb-e165-11f0-90da-0255ac121938, , , , f0a18f4d-6bd2-11f1-8cac-0255ac120ff9, , , , , 25a7ba22-5b4b-11f1-8fdf-0255ac12109b, PTI_BUNG_TOMO_GUBENG, , 9784a8b3-1797-11f1-8e49-0255ac121206, 35SBY_0146, ,	 112.74856, , , 0, , , , No, , , -7.29078, , , , , , , , , , , -7.29078, ce1d6700-f34d-11f0-80d8-0255ac12193b, , , , , , ,	 112.74856, , , , , ,	 631, , , , , , , , 19bed1c6-16df-11f1-8335-0255ac121094, 35SBY_0146, , true,	 1786017792322, 2026-08-06 12:03:12, e703fcc2-e165-11f0-a9fb-0255ac121097, , , , , , , PTI, , , , , No, No, No, , 
 2df57184-f362-11f0-82f8-0255ac12021f, , , , , , f343d1fb-e165-11f0-90da-0255ac121938, , , , f0a18f4d-6bd2-11f1-8cac-0255ac120ff9, , , , , 2576c00a-5b4b-11f1-8fdf-0255ac12109b, PTI_SADANG_CIWANGI, , 58bfb47e-2cb4-11f1-ab67-0255ac1208c4, 32PWK_0024, ,	 107.46273, , , 0, , , , No, , , -6.50729, , , , , , , , , , , -6.50729, ce1d6700-f34d-11f0-80d8-0255ac12193b, , , , , , ,	 107.46273, , , , , ,	 169, , , , , , , , 19c5d682-16df-11f1-8335-0255ac121094, 32PWK_0024, , true,	 1786017791418, 2026-08-06 12:03:11, e703fcc2-e165-11f0-a9fb-0255ac121097, , , , , , , PTI, , , , , No, No, No, , 
 1ac88c88-0300-11f1-bdcd-0255ac121084, , , , , , f343d1fb-e165-11f0-90da-0255ac121938, , , , f0a18f4d-6bd2-11f1-8cac-0255ac120ff9, , , , , 2574eb46-5b4b-11f1-8fdf-0255ac12109b, PTI_COMAL, , afde0691-1797-11f1-b148-0255ac1210a3, 33PML_0027, ,	 109.55971, , , 0, , , , No, , , -6.92416, , , , , , , , , , , -6.92416, ce1d6700-f34d-11f0-80d8-0255ac12193b, , , , , , ,	 109.55971, , , , , ,	 266, , , , , , , , 19cd0276-16df-11f1-8335-0255ac121094, 33PML_0027, , true,	 1786017791483, 2026-08-06 12:03:11, e70a8cd9-e165-11f0-a9fb-0255ac121097, , , , , , , PTI, , , , , No, No, No, , 
 1ac88c88-0300-11f1-bdcd-0255ac121084, , , , , , f343d1fb-e165-11f0-90da-0255ac121938, , , , f0a18f4d-6bd2-11f1-8cac-0255ac120ff9, , , , , 2552bc93-5b4b-11f1-8fdf-0255ac12109b, PTI_GEMUH_I, , afde0691-1797-11f1-b148-0255ac1210a3, 33KDL_0008, ,	 110.138642, , , 0, , , , No, , , -6.973, , , , , , , , , , , -6.973, ce1d6700-f34d-11f0-80d8-0255ac12193b, , , , , , ,	 110.138642, , , , , ,	 241, , , , , , , , 19cf9aa9-16df-11f1-8335-0255ac121094, 33KDL_0008, , true,	 1786017791508, 2026-08-06 12:03:11, e70a8cd9-e165-11f0-a9fb-0255ac121097, , , , , , , PTI, , , , , No, No, No, , 
 25426cff-f362-11f0-8722-0255ac1208c5, , , , , , f343d1fb-e165-11f0-90da-0255ac121938, , , , f0a18f4d-6bd2-11f1-8cac-0255ac120ff9, , , , , 46fb2d0a-f34e-11f0-b679-0255ac1211e3, PTI_KEDAYUNAN_KABAT, , 479e1f50-4eb8-11f1-a63d-0255ac1203fc, 35BYW_0005, ,	 114.32258, , , 0, , , , No, , , -8.26908, , , , , , , , , , , -8.26908, ce1d6700-f34d-11f0-80d8-0255ac12193b, , , , , , ,	 114.32258, , , , , ,	 141, , , , , , , , 19d0ac3f-16df-11f1-8335-0255ac121094, 35BYW_0005, , true,	 1786017791880, 2026-08-06 12:03:11, e703fcc2-e165-11f0-a9fb-0255ac121097, , , , , , , PTI, , , , , No, No, No, , 
 1ac88c88-0300-11f1-bdcd-0255ac121084, , , , , , f343d1fb-e165-11f0-90da-0255ac121938, , , , f0a18f4d-6bd2-11f1-8cac-0255ac120ff9, , , , , 2552bc93-5b4b-11f1-8fdf-0255ac12109b, PTI_PONCOREJO_GEMUH, , afde0691-1797-11f1-b148-0255ac1210a3, 33KDL_0009, ,	 110.1149, , , 0, , , , No, , , -6.96554, , , , , , , , , , , -6.96554, ce1d6700-f34d-11f0-80d8-0255ac12193b, , , , , , ,	 110.1149, , , , , , 91, , , , , , , , 19d47d6f-16df-11f1-8335-0255ac121094, 33KDL_0009, , true,	 1786017791519, 2026-08-06 12:03:11, e70a8cd9-e165-11f0-a9fb-0255ac121097, , , , , , , PTI, , , , , No, No, No, , 
 25426cff-f362-11f0-8722-0255ac1208c5, , , , , , f343d1fb-e165-11f0-90da-0255ac121938, , , , f0a18f4d-6bd2-11f1-8cac-0255ac120ff9, , , , , 258899e6-5b4b-11f1-8fdf-0255ac12109b, PTI_ARYO_JEDING_REJO_TANGAN, , 835ac3d2-74a7-11f1-b24a-0255ac120ffd, 35TLG_0047, ,	 112.05868, , , 0, , , , No, , , -8.11661, , , , , , , , , , , -8.11661, ce1d6700-f34d-11f0-80d8-0255ac12193b, , , , , , ,	 112.05868, , , , , ,	 166, , , , , , , , 19d5dc26-16df-11f1-8335-0255ac121094, 35TLG_0047, , true,	 1786017791532, 2026-08-06 12:03:11, e703fcc2-e165-11f0-a9fb-0255ac121097, , , , , , , PTI, , , , , No, No, No, , 
 2df57184-f362-11f0-82f8-0255ac12021f, , , , , , f343d1fb-e165-11f0-90da-0255ac121938, , , , f0a18f4d-6bd2-11f1-8cac-0255ac120ff9, , , , , 24f58204-5b4b-11f1-8fdf-0255ac12109b, PTI_HAURGEULIS1, , 81efa9e8-58b8-11f1-a63d-0255ac1203fc, 32IDM_0004, ,	 107.94439, , , 0, , , , No, , , -6.46043, , , , , , , , , , , -6.46043, ce1d6700-f34d-11f0-80d8-0255ac12193b, , , , , , ,	 107.94439, , , , , ,	 463, , , , , , , , 19d5dc29-16df-11f1-8335-0255ac121094, 32IDM_0004, , true,	 1786017791594, 2026-08-06 12:03:11, e703fcc2-e165-11f0-a9fb-0255ac121097, , , , , , , PTI, , , , , No, No, No, , 
 1ac88c88-0300-11f1-bdcd-0255ac121084, , , , , , f343d1fb-e165-11f0-90da-0255ac121938, , , , f0a18f4d-6bd2-11f1-8cac-0255ac120ff9, , , , , 24eef23d-5b4b-11f1-8fdf-0255ac12109b, PTI_KARANGAWEN_DEMAK, , 9120c34a-1797-11f1-be90-0255ac120057, 33DMK_0014, ,	 110.57663, , , 0, , , , No, , , -7.04379, , , , , , , , , , , -7.04379, ce1d6700-f34d-11f0-80d8-0255ac12193b, , , , , , ,	 110.57663, , , , , ,	 313, , , , , , , , 19d6c6a4-16df-11f1-8335-0255ac121094, 33DMK_0014, , true,	 1786017791600, 2026-08-06 12:03:11, b48c3ea5-fb2f-11f0-be90-0255ac120057, , , , , , , PTI, , , , , No, No, No, , 
 1ac88c88-0300-11f1-bdcd-0255ac121084, , , , , , f343d1fb-e165-11f0-90da-0255ac121938, , , , f0a18f4d-6bd2-11f1-8cac-0255ac120ff9, , , , , 254f3a14-5b4b-11f1-8fdf-0255ac12109b, PTI_JABRES_SRUWENG, , 58e31b1a-2cb4-11f1-ab67-0255ac1208c4, 33KBM_0017, ,	 109.62195, , , 0, , , , No, , , -7.67079, , , , , , , , , , , -7.67079, ce1d6700-f34d-11f0-80d8-0255ac12193b, , , , , , ,	 109.62195, , , , , ,	 358, , , , , , , , 19d7d838-16df-11f1-8335-0255ac121094, 33KBM_0017, , true,	 1786017791602, 2026-08-06 12:03:11, b48c3ea5-fb2f-11f0-be90-0255ac120057, , , , , , , PTI, , , , , No, No, No, , 
 25426cff-f362-11f0-8722-0255ac1208c5, , , , , , f343d1fb-e165-11f0-90da-0255ac121938, , , , f0a18f4d-6bd2-11f1-8cac-0255ac120ff9, , , , , 25a7ba22-5b4b-11f1-8fdf-0255ac12109b, PTI_BANDAR_REJO, , 9784a8b3-1797-11f1-8e49-0255ac121206, 35SBY_0147, ,	 112.64177, , , 0, , , , No, , , -7.25337, , , , , , , , , , , -7.25337, ce1d6700-f34d-11f0-80d8-0255ac12193b, , , , , , ,	 112.64177, , , , , ,	 364, , , , , , , , 19dedcbc-16df-11f1-8335-0255ac121094, 35SBY_0147, , true,	 1786017791611, 2026-08-06 12:03:11, e703fcc2-e165-11f0-a9fb-0255ac121097, , , , , , , PTI, , , , , No, No, No, , 
 1ac88c88-0300-11f1-bdcd-0255ac121084, , , , , , f343d1fb-e165-11f0-90da-0255ac121938, , , , f0a18f4d-6bd2-11f1-8cac-0255ac120ff9, , , , , 2578baea-5b4b-11f1-8fdf-0255ac12109b, PTI_KUTOARJO_I, , 58e31b1a-2cb4-11f1-ab67-0255ac1208c4, 33PWR_0001, ,	 109.89923, , , 0, , , , No, , , -7.72453, , , , , , , , , , , -7.72453, ce1d6700-f34d-11f0-80d8-0255ac12193b, , , , , , ,	 109.89923, , , , , ,	 169, , , , , , , , 19df03d9-16df-11f1-8335-0255ac121094, 33PWR_0001, , true,	 1786017791629, 2026-08-06 12:03:11, b48c3ea5-fb2f-11f0-be90-0255ac120057, , , , , , , PTI, , , , , No, No, No, , 
 1ac88c88-0300-11f1-bdcd-0255ac121084, , , , , , f343d1fb-e165-11f0-90da-0255ac121938, , , , f0a18f4d-6bd2-11f1-8cac-0255ac120ff9, , , , , 25a45fb8-5b4b-11f1-8fdf-0255ac12109b, PTI_RANDU_GARUT_TUGU, , 9120c34a-1797-11f1-be90-0255ac120057, 33SMG_0086, ,	 110.33457, , , 0, , , , No, , , -6.97355, , , , , , , , , , , -6.97355, ce1d6700-f34d-11f0-80d8-0255ac12193b, , , , , , ,	 110.33457, , , , , ,	 426, , , , , , , , 19e08aa4-16df-11f1-8335-0255ac121094, 33SMG_0086, , true,	 1786017791686, 2026-08-06 12:03:11, b48c3ea5-fb2f-11f0-be90-0255ac120057, , , , , , , PTI, , , , , No, No, No, , 
 25426cff-f362-11f0-8722-0255ac1208c5, , , , , , f343d1fb-e165-11f0-90da-0255ac121938, , , , f0a18f4d-6bd2-11f1-8cac-0255ac120ff9, , , , , 255b6f44-5b4b-11f1-8fdf-0255ac12109b, PTI_SITE_CARUBAN, , acf2ce12-1797-11f1-9066-0255ac121cb3, 35MAD_0004, ,	 111.65294, , , 0, , , , No, , , -7.54719, , , , , , , , , , , -7.54719, ce1d6700-f34d-11f0-80d8-0255ac12193b, , , , , , ,	 111.65294, , , , , ,	 292, , , , , , , , 19e37147-16df-11f1-8335-0255ac121094, 35MAD_0004, , true,	 1786017791680, 2026-08-06 12:03:11, e703fcc2-e165-11f0-a9fb-0255ac121097, , , , , , , PTI, , , , , No, No, No, , 
 1ac88c88-0300-11f1-bdcd-0255ac121084, , , , , , f343d1fb-e165-11f0-90da-0255ac121938, , , , f0a18f4d-6bd2-11f1-8cac-0255ac120ff9, , , , , 24e2bd14-5b4b-11f1-8fdf-0255ac12109b, PTI_CEPU_LOKOMOTIF, , a7b36c07-74a7-11f1-a3a3-0255ac1211e2, 33BLA_0003, ,	 111.59275, , , 0, , , , No, , , -7.15341, , , , , , , , , , , -7.15341, ce1d6700-f34d-11f0-80d8-0255ac12193b, , , , , , ,	 111.59275, , , , , ,	 946, , , , , , , , 19e656e2-16df-11f1-8335-0255ac121094, 33BLA_0003, , true,	 1786017791690, 2026-08-06 12:03:11, e70a8cd9-e165-11f0-a9fb-0255ac121097, , , , , , , PTI, , , , , No, No, No, , 
 25426cff-f362-11f0-8722-0255ac1208c5, , , , , , f343d1fb-e165-11f0-90da-0255ac121938, , , , f0a18f4d-6bd2-11f1-8cac-0255ac120ff9, , , , , 258899e6-5b4b-11f1-8fdf-0255ac12109b, PTI_SULTAN_HASANUDIN_KEDUNGWARU, , 47a4af2f-4eb8-11f1-a63d-0255ac1203fc, 35TLG_0004, ,	 111.90664, , , 0, , , , No, , , -8.05491, , , , , , , , , , , -8.05491, ce1d6700-f34d-11f0-80d8-0255ac12193b, , , , , , ,	 111.90664, , , , , ,	 389, , , , , , , , 19e852ea-16df-11f1-8335-0255ac121094, 35TLG_0004, , true,	 1786017791831, 2026-08-06 12:03:11, e703fcc2-e165-11f0-a9fb-0255ac121097, , , , , , , PTI, , , , , No, No, No, , 
 1ac88c88-0300-11f1-bdcd-0255ac121084, , , , , , f343d1fb-e165-11f0-90da-0255ac121938, , , , f0a18f4d-6bd2-11f1-8cac-0255ac120ff9, , , , , 25a940c5-5b4b-11f1-8fdf-0255ac12109b, PTI_BSC_SOLO_ALSO_A_MW_REPEATER, , b3f5645d-1797-11f1-b289-0255ac12100b, 33SKT_0036, ,	 110.84808, , , 0, , , , No, , , -7.53927, , , , , , , , , , , -7.53927, ce1d6700-f34d-11f0-80d8-0255ac12193b, , , , , , ,	 110.84808, , , , , , 29, , , , , , , , 19e879fb-16df-11f1-8335-0255ac121094, 33SKT_0036, , true,	 1786017791704, 2026-08-06 12:03:11, b48c3ea5-fb2f-11f0-be90-0255ac120057, , , , , , , PTI, , , , , No, No, No, , 
 25426cff-f362-11f0-8722-0255ac1208c5, , , , , , f343d1fb-e165-11f0-90da-0255ac121938, , , , f0a18f4d-6bd2-11f1-8cac-0255ac120ff9, , , , , 25a7ba22-5b4b-11f1-8fdf-0255ac12109b, PTI_GADEL_BARU_TANDES, , 9784a8b3-1797-11f1-8e49-0255ac121206, 35SBY_0003, ,	 112.67914, , , 0, , , , No, , , -7.26508, , , , , , , , , , , -7.26508, ce1d6700-f34d-11f0-80d8-0255ac12193b, , , , , , ,	 112.67914, , , , , ,	 448, , , , , , , , 19e8a112-16df-11f1-8335-0255ac121094, 35SBY_0003, , true,	 1786017791688, 2026-08-06 12:03:11, e703fcc2-e165-11f0-a9fb-0255ac121097, , , , , , , PTI, , , , , No, No, No, , 
 25426cff-f362-11f0-8722-0255ac1208c5, , , , , , f343d1fb-e165-11f0-90da-0255ac121938, , , , f0a18f4d-6bd2-11f1-8cac-0255ac120ff9, , , , , 258899e6-5b4b-11f1-8fdf-0255ac12109b, PTI_NGURAH_RAI_TULUNGAGUNG, , 47a4af2f-4eb8-11f1-a63d-0255ac1203fc, 35TLG_0005, ,	 111.91102, , , 0, , , , No, , , -8.06617, , , , , , , , , , , -8.06617, ce1d6700-f34d-11f0-80d8-0255ac12193b, , , , , , ,	 111.91102, , , , , ,	 656, , , , , , , , 19e9b2a2-16df-11f1-8335-0255ac121094, 35TLG_0005, , true,	 1786017791712, 2026-08-06 12:03:11, e703fcc2-e165-11f0-a9fb-0255ac121097, , , , , , , PTI, , , , , No, No, No, , 
 1ac88c88-0300-11f1-bdcd-0255ac121084, , , , , , f343d1fb-e165-11f0-90da-0255ac121938, , , , f0a18f4d-6bd2-11f1-8cac-0255ac120ff9, , , , , 24eef23d-5b4b-11f1-8fdf-0255ac12109b, PTI_MRANGGEN_(SEMARANG), , 9120c34a-1797-11f1-be90-0255ac120057, 33DMK_0007, ,	 110.51008, , , 0, , , , No, , , -7.02667, , , , , , , , , , , -7.02667, ce1d6700-f34d-11f0-80d8-0255ac12193b, , , , , , ,	 110.51008, , , , , ,	 347, , , , , , , , 19eebb45-16df-11f1-8335-0255ac121094, 33DMK_0007, , true,	 1786017791712, 2026-08-06 12:03:11, e70a8cd9-e165-11f0-a9fb-0255ac121097, , , , , , , PTI, , , , , No, No, No, , 
 2df57184-f362-11f0-82f8-0255ac12021f, , , , , , f343d1fb-e165-11f0-90da-0255ac121938, , , , f0a18f4d-6bd2-11f1-8cac-0255ac120ff9, , , , , 24e68db1-5b4b-11f1-8fdf-0255ac12109b, PTI_PERMANEN_CMBRSUDCIAMIS, , 9a1a95b2-1797-11f1-b470-0255ac120236, 32CMS_0007, ,	 108.36089, , , 0, , , , No, , , -7.33596, , , , , , , , , , , -7.33596, ce1d6700-f34d-11f0-80d8-0255ac12193b, , , , , , ,	 108.36089, , , , , , 2, , , , , , , , 19f8cddd-16df-11f1-8335-0255ac121094, 32CMS_0007, , true,	 1786017791717, 2026-08-06 12:03:11, e703fcc2-e165-11f0-a9fb-0255ac121097, , , , , , , PTI, , , , , No, No, No, , 
 634ac5ad-e61d-11f0-89c1-0255ac120225, , , , , , f343d1fb-e165-11f0-90da-0255ac121938, , , , f0a18f4d-6bd2-11f1-8cac-0255ac120ff9, , , , , 5da072b9-f34e-11f0-8fd3-0255ac121dca, PTI_PUCUNG_BALEKAMBANG, , 9ffbdd8f-1797-11f1-b3b6-0255ac120212, 31JKT_0128, ,	 106.85226, , , 0, , , , No, , , -6.28096, , , , , , , , , , , -6.28096, ce1d6700-f34d-11f0-80d8-0255ac12193b, , , , , , ,	 106.85226, , , , , , 2, , , , , , , , 19f9b853-16df-11f1-8335-0255ac121094, 31JKT_0128, , true,	 1786017791708, 2026-08-06 12:03:11, b489f5a1-fb2f-11f0-be90-0255ac120057, , , , , , , PTI, , , , , No, No, No, , 
 1ac88c88-0300-11f1-bdcd-0255ac121084, , , , , , f343d1fb-e165-11f0-90da-0255ac121938, , , , f0a18f4d-6bd2-11f1-8cac-0255ac120ff9, , , , , 24e4dfff-5b4b-11f1-8fdf-0255ac12109b, PTI_SONGGOM_F, , ce2b4a23-74a7-11f1-9cdd-0255ac1211fc, 33BBS_0024, ,	 108.994991, , , 0, , , , No, , , -7.040296, , , , , , , , , , , -7.040296, ce1d6700-f34d-11f0-80d8-0255ac12193b, , , , , , ,	 108.994991, , , , , ,	 455, , , , , , , , 19fe99fb-16df-11f1-8335-0255ac121094, 33BBS_0024, , true,	 1786017791730, 2026-08-06 12:03:11, e70a8cd9-e165-11f0-a9fb-0255ac121097, , , , , , , PTI, , , , , No, No, No, , 
 1ac88c88-0300-11f1-bdcd-0255ac121084, , , , , , f343d1fb-e165-11f0-90da-0255ac121938, , , , f0a18f4d-6bd2-11f1-8cac-0255ac120ff9, , , , , 24eb6fb8-5b4b-11f1-8fdf-0255ac12109b, PTI_GANDRUNGMANIS_CILACAP, , 477bca99-4eb8-11f1-a63d-0255ac1203fc, 33CLP_0055, ,	 108.86264, , , 0, , , , No, , , -7.53279, , , , , , , , , , , -7.53279, ce1d6700-f34d-11f0-80d8-0255ac12193b, , , , , , ,	 108.86264, , , , , ,	 263, , , , , , , , 1a009611-16df-11f1-8335-0255ac121094, 33CLP_0055, , true,	 1786017791803, 2026-08-06 12:03:11, b48c3ea5-fb2f-11f0-be90-0255ac120057, , , , , , , PTI, , , , , No, No, No, , 
 2df57184-f362-11f0-82f8-0255ac12021f, , , , , , f343d1fb-e165-11f0-90da-0255ac121938, , , , f0a18f4d-6bd2-11f1-8cac-0255ac120ff9, , , , , 24f09ff3-5b4b-11f1-8fdf-0255ac12109b, PTI_CINAGARA_MALANGBONG, , 9a1a95b2-1797-11f1-b470-0255ac120236, 32GRT_0043, ,	 108.10061, , , 0, , , , No, , , -7.09759, , , , , , , , , , , -7.09759, ce1d6700-f34d-11f0-80d8-0255ac12193b, , , , , , ,	 108.10061, , , , , ,	 119, , , , , , , , 1a015972-16df-11f1-8335-0255ac121094, 32GRT_0043, , true,	 1786017792389, 2026-08-06 12:03:12, e703fcc2-e165-11f0-a9fb-0255ac121097, , , , , , , PTI, , , , , No, No, No, , 
 1ac88c88-0300-11f1-bdcd-0255ac121084, , , , , , f343d1fb-e165-11f0-90da-0255ac121938, , , , f0a18f4d-6bd2-11f1-8cac-0255ac120ff9, , , , , 24f3d44b-5b4b-11f1-8fdf-0255ac12109b, PTI_POJOK_PULOKULON, , 58d9a589-2cb4-11f1-ab67-0255ac1208c4, 33PWD_0011, ,	 111.02805, , , 0, , , , No, , , -7.14573, , , , , , , , , , , -7.14573, ce1d6700-f34d-11f0-80d8-0255ac12193b, , , , , , ,	 111.02805, , , , , ,	 144, , , , , , , , 1a018089-16df-11f1-8335-0255ac121094, 33PWD_0011, , true,	 1786017791981, 2026-08-06 12:03:11, e70a8cd9-e165-11f0-a9fb-0255ac121097, , , , , , , PTI, , , , , No, No, No, , 
 2df57184-f362-11f0-82f8-0255ac12021f, , , , , , f343d1fb-e165-11f0-90da-0255ac121938, , , , f0a18f4d-6bd2-11f1-8cac-0255ac120ff9, , , , , 7685bc47-f34e-11f0-8acc-0255ac121003, PTI_PALASARI_BOGOR, , 47b59f59-4eb8-11f1-a63d-0255ac1203fc, 32BGR_0092, ,	 106.80021, , , 0, , , , No, , , -6.65538, , , , , , , , , , , -6.65538, ce1d6700-f34d-11f0-80d8-0255ac12193b, , , , , , ,	 106.80021, , , , , ,	 309, , , , , , , , 1a021cdf-16df-11f1-8335-0255ac121094, 32BGR_0092, , true,	 1786017791837, 2026-08-06 12:03:11, e703fcc2-e165-11f0-a9fb-0255ac121097, , , , , , , PTI, , , , , No, No, No, , 
 25426cff-f362-11f0-8722-0255ac1208c5, , , , , , f343d1fb-e165-11f0-90da-0255ac121938, , , , f0a18f4d-6bd2-11f1-8cac-0255ac120ff9, , , , , 0f09bb51-f34e-11f0-b617-0255ac1205c2, PTI_SIAK_BANGSALSARI, , a73bf14a-1797-11f1-a4c0-0255ac12094c, 35JMR_0053, ,	 113.50361, , , 0, , , , No, , , -8.19694, , , , , , , , , , , -8.19694, ce1d6700-f34d-11f0-80d8-0255ac12193b, , , , , , ,	 113.50361, , , , , ,	 166, , , , , , , , 1a02b938-16df-11f1-8335-0255ac121094, 35JMR_0053, , true,	 1786017791803, 2026-08-06 12:03:11, e703fcc2-e165-11f0-a9fb-0255ac121097, , , , , , , PTI, , , , , No, No, No, , 
 1ac88c88-0300-11f1-bdcd-0255ac121084, , , , , , f343d1fb-e165-11f0-90da-0255ac121938, , , , f0a18f4d-6bd2-11f1-8cac-0255ac120ff9, , , , , 24e4dfff-5b4b-11f1-8fdf-0255ac12109b, PTI_DUKUHTURI_SATU, , ce2b4a23-74a7-11f1-9cdd-0255ac1211fc, 33BBS_0026, ,	 108.88655, , , 0, , , , No, , , -6.94324, , , , , , , , , , , -6.94324, ce1d6700-f34d-11f0-80d8-0255ac12193b, , , , , , ,	 108.88655, , , , , ,	 174, , , , , , , , 1a04b456-16df-11f1-8335-0255ac121094, 33BBS_0026, , true,	 1786017791831, 2026-08-06 12:03:11, b48c3ea5-fb2f-11f0-be90-0255ac120057, , , , , , , PTI, , , , , No, No, No, , 
 1ac88c88-0300-11f1-bdcd-0255ac121084, , , , , , f343d1fb-e165-11f0-90da-0255ac121938, , , , f0a18f4d-6bd2-11f1-8cac-0255ac120ff9, , , , , 24eb6fb8-5b4b-11f1-8fdf-0255ac12109b, PTI_GOMBOLHARJO, , 4780acb3-4eb8-11f1-a63d-0255ac1203fc, 33CLP_0025, ,	 109.11314, , , 0, , , , No, , , -7.66377, , , , , , , , , , , -7.66377, ce1d6700-f34d-11f0-80d8-0255ac12193b, , , , , , ,	 109.11314, , , , , ,	 154, , , , , , , , 1a04db71-16df-11f1-8335-0255ac121094, 33CLP_0025, , true,	 1786017791881, 2026-08-06 12:03:11, b48c3ea5-fb2f-11f0-be90-0255ac120057, , , , , , , PTI, , , , , No, No, No, , 
 1ac88c88-0300-11f1-bdcd-0255ac121084, , , , , , f343d1fb-e165-11f0-90da-0255ac121938, , , , f0a18f4d-6bd2-11f1-8cac-0255ac120ff9, , , , , 24f3d44b-5b4b-11f1-8fdf-0255ac12109b, PTI_TAHUNAN_VILLAGE, , a7b36c07-74a7-11f1-a3a3-0255ac1211e2, 33PWD_0012, ,	 111.22328, , , 0, , , , No, , , -7.16774, , , , , , , , , , , -7.16774, ce1d6700-f34d-11f0-80d8-0255ac12193b, , , , , , ,	 111.22328, , , , , , 11, , , , , , , , 1a061423-16df-11f1-8335-0255ac121094, 33PWD_0012, , true,	 1786017791837, 2026-08-06 12:03:11, e70a8cd9-e165-11f0-a9fb-0255ac121097, , , , , , , PTI, , , , , No, No, No, , 
 1ac88c88-0300-11f1-bdcd-0255ac121084, , , , , , f343d1fb-e165-11f0-90da-0255ac121938, , , , f0a18f4d-6bd2-11f1-8cac-0255ac120ff9, , , , , 2573649e-5b4b-11f1-8fdf-0255ac12109b, PTI_SILISEWEDI_KAJ, , afde0691-1797-11f1-b148-0255ac1210a3, 33PKL_0007, ,	 109.6188, , , 0, , , , No, , , -6.91069, , , , , , , , , , , -6.91069, ce1d6700-f34d-11f0-80d8-0255ac12193b, , , , , , ,	 109.6188, , , , , , 78, , , , , , , , 1a068965-16df-11f1-8335-0255ac121094, 33PKL_0007, , true,	 1786017791833, 2026-08-06 12:03:11, b48c3ea5-fb2f-11f0-be90-0255ac120057, , , , , , , PTI, , , , , No, No, No, , 
 2df57184-f362-11f0-82f8-0255ac12021f, , , , , , f343d1fb-e165-11f0-90da-0255ac121938, , , , f0a18f4d-6bd2-11f1-8cac-0255ac120ff9, , , , , 24f58204-5b4b-11f1-8fdf-0255ac12109b, PTI_TEMIYANG_KROYA, , 81efa9e8-58b8-11f1-a63d-0255ac1203fc, 32IDM_0007, ,	 108.01861, , , 0, , , , No, , , -6.49146, , , , , , , , , , , -6.49146, ce1d6700-f34d-11f0-80d8-0255ac12193b, , , , , , ,	 108.01861, , , , , ,	 385, , , , , , , , 1a07c217-16df-11f1-8335-0255ac121094, 32IDM_0007, , true,	 1786017792408, 2026-08-06 12:03:12, e703fcc2-e165-11f0-a9fb-0255ac121097, , , , , , , PTI, , , , , No, No, No, , 
 1ac88c88-0300-11f1-bdcd-0255ac121084, , , , , , f343d1fb-e165-11f0-90da-0255ac121938, , , , f0a18f4d-6bd2-11f1-8cac-0255ac120ff9, , , , , 24eb6fb8-5b4b-11f1-8fdf-0255ac12109b, PTI_SUMINGKIR_JERUK_LEGI, , 477bca99-4eb8-11f1-a63d-0255ac1203fc, 33CLP_0057, ,	 109.04595, , , 0, , , , No, , , -7.62681, , , , , , , , , , , -7.62681, ce1d6700-f34d-11f0-80d8-0255ac12193b, , , , , , ,	 109.04595, , , , , , 76, , , , , , , , 1a08858b-16df-11f1-8335-0255ac121094, 33CLP_0057, , true,	 1786017791913, 2026-08-06 12:03:11, b48c3ea5-fb2f-11f0-be90-0255ac120057, , , , , , , PTI, , , , , No, No, No, , 
 1ac88c88-0300-11f1-bdcd-0255ac121084, , , , , , f343d1fb-e165-11f0-90da-0255ac121938, , , , f0a18f4d-6bd2-11f1-8cac-0255ac120ff9, , , , , 24e2bd14-5b4b-11f1-8fdf-0255ac12109b, PTI_KEDIREN, , 58d9a589-2cb4-11f1-ab67-0255ac1208c4, 33BLA_0004, ,	 111.41026, , , 0, , , , No, , , -7.18794, , , , , , , , , , , -7.18794, ce1d6700-f34d-11f0-80d8-0255ac12193b, , , , , , ,	 111.41026, , , , , , 35, , , , , , , , 1a0921de-16df-11f1-8335-0255ac121094, 33BLA_0004, , true,	 1786017791909, 2026-08-06 12:03:11, e70a8cd9-e165-11f0-a9fb-0255ac121097, , , , , , , PTI, , , , , No, No, No, , 
 25426cff-f362-11f0-8722-0255ac1208c5, , , , , , f343d1fb-e165-11f0-90da-0255ac121938, , , , f0a18f4d-6bd2-11f1-8cac-0255ac120ff9, , , , , 46fb2d0a-f34e-11f0-b679-0255ac1211e3, PTI_GENDOH_SEMPU, , 479e1f50-4eb8-11f1-a63d-0255ac1203fc, 35BYW_0007, ,	 114.20131, , , 0, , , , No, , , -8.30897, , , , , , , , , , , -8.30897, ce1d6700-f34d-11f0-80d8-0255ac12193b, , , , , , ,	 114.20131, , , , , ,	 170, , , , , , , , 1a0d66ff-16df-11f1-8335-0255ac121094, 35BYW_0007, , true,	 1786017791919, 2026-08-06 12:03:11, e703fcc2-e165-11f0-a9fb-0255ac121097, , , , , , , PTI, , , , , No, No, No, , 
 25426cff-f362-11f0-8722-0255ac1208c5, , , , , , f343d1fb-e165-11f0-90da-0255ac121938, , , , f0a18f4d-6bd2-11f1-8cac-0255ac120ff9, , , , , 25592548-5b4b-11f1-8fdf-0255ac12109b, PTI_JATIROTO, , a73bf14a-1797-11f1-a4c0-0255ac12094c, 35LMJ_0004, ,	 113.3540633, , , 0, , , , No, , , -8.115950833, , , , , , , , , , , -8.115950833, ce1d6700-f34d-11f0-80d8-0255ac12193b, , , , , , ,	 113.3540633, , , , , ,	 275, , , , , , , , 1a0e2a72-16df-11f1-8335-0255ac121094, 35LMJ_0004, , true,	 1786017792290, 2026-08-06 12:03:12, e703fcc2-e165-11f0-a9fb-0255ac121097, , , , , , , PTI, , , , , No, No, No, , 
 25426cff-f362-11f0-8722-0255ac1208c5, , , , , , f343d1fb-e165-11f0-90da-0255ac121938, , , , f0a18f4d-6bd2-11f1-8cac-0255ac120ff9, , , , , 036a92c2-f34e-11f0-bb3c-0255ac12003a, PTI_PUNGPUNGAN, , 58aaf430-2cb4-11f1-ab67-0255ac1208c4, 35BJN_0023, ,	 111.80401, , , 0, , , , No, , , -7.13733, , , , , , , , , , , -7.13733, ce1d6700-f34d-11f0-80d8-0255ac12193b, , , , , , ,	 111.80401, , , , , ,	 545, , , , , , , , 1a0eedec-16df-11f1-8335-0255ac121094, 35BJN_0023, , true,	 1786017791984, 2026-08-06 12:03:11, e703fcc2-e165-11f0-a9fb-0255ac121097, , , , , , , PTI, , , , , No, No, No, , 
 25426cff-f362-11f0-8722-0255ac1208c5, , , , , , f343d1fb-e165-11f0-90da-0255ac121938, , , , f0a18f4d-6bd2-11f1-8cac-0255ac120ff9, , , , , 25510edf-5b4b-11f1-8fdf-0255ac12109b, PTI_RAYA_PURWODADI, , 47a4af2f-4eb8-11f1-a63d-0255ac1203fc, 35KDR_0048, ,	 112.10295, , , 0, , , , No, , , -7.62818, , , , , , , , , , , -7.62818, ce1d6700-f34d-11f0-80d8-0255ac12193b, , , , , , ,	 112.10295, , , , , ,	 561, , , , , , , , 1a0fd878-16df-11f1-8335-0255ac121094, 35KDR_0048, , true,	 1786017791996, 2026-08-06 12:03:11, e703fcc2-e165-11f0-a9fb-0255ac121097, , , , , , , PTI, , , , , No, No, No, , 
 25426cff-f362-11f0-8722-0255ac1208c5, , , , , , f343d1fb-e165-11f0-90da-0255ac121938, , , , f0a18f4d-6bd2-11f1-8cac-0255ac120ff9, , , , , 581ba28d-f34e-11f0-a8cb-0255ac1211f7, PTI_TEJOWANGI_PEGADAIAN, , 9d3fcabe-1797-11f1-8d29-0255ac1218e4, 35PSN_0018, ,	 112.72491, , , 0, , , , No, , , -7.77946, , , , , , , , , , , -7.77946, ce1d6700-f34d-11f0-80d8-0255ac12193b, , , , , , ,	 112.72491, , , , , , , , , , , , , , 1a113829-16df-11f1-8335-0255ac121094, 35PSN_0018, , true,	 1786017792475, 2026-08-06 12:03:11, e70a8cd9-e165-11f0-a9fb-0255ac121097, , , , , , , PTI, , , , , No, No, No, , 
 1ac88c88-0300-11f1-bdcd-0255ac121084, , , , , , f343d1fb-e165-11f0-90da-0255ac121938, , , , f0a18f4d-6bd2-11f1-8cac-0255ac120ff9, , , , , 24e0e84f-5b4b-11f1-8fdf-0255ac12109b, PTI_KRENGSENG_BATANG, , afde0691-1797-11f1-b148-0255ac1210a3, 33BTG_0008, ,	 110.0276, , , 0, , , , No, , , -6.94677, , , , , , , , , , , -6.94677, ce1d6700-f34d-11f0-80d8-0255ac12193b, , , , , , ,	 110.0276, , , , , ,	 152, , , , , , , , 1a11d484-16df-11f1-8335-0255ac121094, 33BTG_0008, , true,	 1786017791993, 2026-08-06 12:03:11, b48c3ea5-fb2f-11f0-be90-0255ac120057, , , , , , , PTI, , , , , No, No, No, , 
 25426cff-f362-11f0-8722-0255ac1208c5, , , , , , f343d1fb-e165-11f0-90da-0255ac121938, , , , f0a18f4d-6bd2-11f1-8cac-0255ac120ff9, , , , , 0f09bb51-f34e-11f0-b617-0255ac1205c2, PTI_RAMBIGUNDAM, , a73bf14a-1797-11f1-a4c0-0255ac12094c, 35JMR_0054, ,	 113.62063, , , 0, , , , No, , , -8.20059, , , , , , , , , , , -8.20059, ce1d6700-f34d-11f0-80d8-0255ac12193b, , , , , , ,	 113.62063, , , , , ,	 182, , , , , , , , 1a161a03-16df-11f1-8335-0255ac121094, 35JMR_0054, , true,	 1786017792482, 2026-08-06 12:03:11, e703fcc2-e165-11f0-a9fb-0255ac121097, , , , , , , PTI, , , , , No, No, No, , 
 2df57184-f362-11f0-82f8-0255ac12021f, , , , , , f343d1fb-e165-11f0-90da-0255ac121938, , , , f0a18f4d-6bd2-11f1-8cac-0255ac120ff9, , , , , 24ed6b96-5b4b-11f1-8fdf-0255ac12109b, PTI_PABEDILAN_KULON_CIREBON, , 58ca3c25-2cb4-11f1-ab67-0255ac1208c4, 32CBN_0049, ,	 108.75337, , , 0, , , , No, , , -6.84655, , , , , , , , , , , -6.84655, ce1d6700-f34d-11f0-80d8-0255ac12193b, , , , , , ,	 108.75337, , , , , ,	 127, , , , , , , , 1a16b657-16df-11f1-8335-0255ac121094, 32CBN_0049, , true,	 1786017792224, 2026-08-06 12:03:12, b48c3ea5-fb2f-11f0-be90-0255ac120057, , , , , , , PTI, , , , , No, No, No, , 
 2df57184-f362-11f0-82f8-0255ac12021f, , , , , , f343d1fb-e165-11f0-90da-0255ac121938, , , , f0a18f4d-6bd2-11f1-8cac-0255ac120ff9, , , , , 24da5886-5b4b-11f1-8fdf-0255ac12109b, PTI_NAGREG_CICALENGKA, , 9ffbdd8f-1797-11f1-b3b6-0255ac120212, 32BDG_0216, ,	 107.88589, , , 0, , , , No, , , -7.0162, , , , , , , , , , , -7.0162, ce1d6700-f34d-11f0-80d8-0255ac12193b, , , , , , ,	 107.88589, , , , , ,	 155, , , , , , , , 1a170486-16df-11f1-8335-0255ac121094, 32BDG_0216, , true,	 1786017792293, 2026-08-06 12:03:12, e703fcc2-e165-11f0-a9fb-0255ac121097, , , , , , , PTI, , , , , No, No, No, , 
 2df57184-f362-11f0-82f8-0255ac12021f, , , , , , f343d1fb-e165-11f0-90da-0255ac121938, , , , f0a18f4d-6bd2-11f1-8cac-0255ac120ff9, , , , , 24ed6b96-5b4b-11f1-8fdf-0255ac12109b, PTI_KADUKERAS_KIANSANTANG, , 58ca3c25-2cb4-11f1-ab67-0255ac1208c4, 32CBN_0050, ,	 108.72141, , , 0, , , , No, , , -6.89801, , , , , , , , , , , -6.89801, ce1d6700-f34d-11f0-80d8-0255ac12193b, , , , , , ,	 108.72141, , , , , ,	 523, , , , , , , , 1a17a0db-16df-11f1-8335-0255ac121094, 32CBN_0050, , true,	 1786017792316, 2026-08-06 12:03:12, e703fcc2-e165-11f0-a9fb-0255ac121097, , , , , , , PTI, , , , , No, No, No, , 
 25426cff-f362-11f0-8722-0255ac1208c5, , , , , , f343d1fb-e165-11f0-90da-0255ac121938, , , , f0a18f4d-6bd2-11f1-8cac-0255ac120ff9, , , , , 3ac87689-f34e-11f0-8722-0255ac1208c5, PTI_PASARLAWANGRELOC, , 9d3fcabe-1797-11f1-8d29-0255ac1218e4, 35MLG_0089, ,	 112.68735, , , 0, , , , No, , , -7.83325, , , , , , , , , , , -7.83325, ce1d6700-f34d-11f0-80d8-0255ac12193b, , , , , , ,	 112.68735, , , , , , , , , , , , , , 1a183d24-16df-11f1-8335-0255ac121094, 35MLG_0089, , true,	 1786017792218, 2026-08-06 12:03:12, e70a8cd9-e165-11f0-a9fb-0255ac121097, , , , , , , PTI, , , , , No, No, No, , 
 25426cff-f362-11f0-8722-0255ac1208c5, , , , , , f343d1fb-e165-11f0-90da-0255ac121938, , , , f0a18f4d-6bd2-11f1-8cac-0255ac120ff9, , , , , 036a92c2-f34e-11f0-bb3c-0255ac12003a, PTI_KYAI_HAJI_KH_ABDUL_HADI_PADANGAN, , 58aaf430-2cb4-11f1-ab67-0255ac1208c4, 35BJN_0024, ,	 111.6208, , , 0, , , , No, , , -7.15847, , , , , , , , , , , -7.15847, ce1d6700-f34d-11f0-80d8-0255ac12193b, , , , , , ,	 111.6208, , , , , ,	 306, , , , , , , , 1a188a5f-16df-11f1-8335-0255ac121094, 35BJN_0024, , true,	 1786017792205, 2026-08-06 12:03:12, e703fcc2-e165-11f0-a9fb-0255ac121097, , , , , , , PTI, , , , , No, No, No, , 
 25426cff-f362-11f0-8722-0255ac1208c5, , , , , , f343d1fb-e165-11f0-90da-0255ac121938, , , , f0a18f4d-6bd2-11f1-8cac-0255ac120ff9, , , , , 036a92c2-f34e-11f0-bb3c-0255ac12003a, PTI_BANJARJO_PADANGAN, , 58aaf430-2cb4-11f1-ab67-0255ac1208c4, 35BJN_0025, ,	 111.62924, , , 0, , , , No, , , -7.15938, , , , , , , , , , , -7.15938, ce1d6700-f34d-11f0-80d8-0255ac12193b, , , , , , ,	 111.62924, , , , , ,	 354, , , , , , , , 1a1c0cf9-16df-11f1-8335-0255ac121094, 35BJN_0025, , true,	 1786017792397, 2026-08-06 12:03:12, e703fcc2-e165-11f0-a9fb-0255ac121097, , , , , , , PTI, , , , , No, No, No, , 
 25426cff-f362-11f0-8722-0255ac1208c5, , , , , , f343d1fb-e165-11f0-90da-0255ac121938, , , , f0a18f4d-6bd2-11f1-8cac-0255ac120ff9, , , , , 0980097b-f34e-11f0-80d8-0255ac12193b, PTI_KEPUNTEN_TULANGAN, , 9784a8b3-1797-11f1-8e49-0255ac121206, 35SDA_0141, ,	 112.62295, , , 0, , , , No, , , -7.4586, , , , , , , , , , , -7.4586, ce1d6700-f34d-11f0-80d8-0255ac12193b, , , , , , ,	 112.62295, , , , , ,	 319, , , , , , , , 1a1e302f-16df-11f1-8335-0255ac121094, 35SDA_0141, , true,	 1786017792391, 2026-08-06 12:03:12, e703fcc2-e165-11f0-a9fb-0255ac121097, , , , , , , PTI, , , , , No, No, No, , 
 1ac88c88-0300-11f1-bdcd-0255ac121084, , , , , , f343d1fb-e165-11f0-90da-0255ac121938, , , , f0a18f4d-6bd2-11f1-8cac-0255ac120ff9, , , , , 24eb6fb8-5b4b-11f1-8fdf-0255ac12109b, PTI_WLAHAR_ADIPALA, , 4780acb3-4eb8-11f1-a63d-0255ac1203fc, 33CLP_0031, ,	 109.1423, , , 0, , , , No, , , -7.65965, , , , , , , , , , , -7.65965, ce1d6700-f34d-11f0-80d8-0255ac12193b, , , , , , ,	 109.1423, , , , , , 74, , , , , , , , 1a1f8ff2-16df-11f1-8335-0255ac121094, 33CLP_0031, , true,	 1786017792436, 2026-08-06 12:03:12, b48c3ea5-fb2f-11f0-be90-0255ac120057, , , , , , , PTI, , , , , No, No, No, , 
 2df57184-f362-11f0-82f8-0255ac12021f, , , , , , f343d1fb-e165-11f0-90da-0255ac121938, , , , f0a18f4d-6bd2-11f1-8cac-0255ac120ff9, , , , , 24f09ff3-5b4b-11f1-8fdf-0255ac12109b, PTI_CIAROG_KERSAMANAH, , 9a1a95b2-1797-11f1-b470-0255ac120236, 32GRT_0044, ,	 108.03448, , , 0, , , , No, , , -7.05474, , , , , , , , , , , -7.05474, ce1d6700-f34d-11f0-80d8-0255ac12193b, , , , , , ,	 108.03448, , , , , ,	 265, , , , , , , , 1a1fde18-16df-11f1-8335-0255ac121094, 32GRT_0044, , true,	 1786017792424, 2026-08-06 12:03:12, e703fcc2-e165-11f0-a9fb-0255ac121097, , , , , , , PTI, , , , , No, No, No, , 
 1ac88c88-0300-11f1-bdcd-0255ac121084, , , , , , f343d1fb-e165-11f0-90da-0255ac121938, , , , f0a18f4d-6bd2-11f1-8cac-0255ac120ff9, , , , , 24eef23d-5b4b-11f1-8fdf-0255ac12109b, PTI_BRUMBUNG_MRANG, , 9120c34a-1797-11f1-be90-0255ac120057, 33DMK_0001, ,	 110.52, , , 0, , , , No, , , -7.01628, , , , , , , , , , , -7.01628, ce1d6700-f34d-11f0-80d8-0255ac12193b, , , , , , ,	 110.52, , , , , ,	 160, , , , , , , , 1a20efb6-16df-11f1-8335-0255ac121094, 33DMK_0001, , true,	 1786017792417, 2026-08-06 12:03:12, e70a8cd9-e165-11f0-a9fb-0255ac121097, , , , , , , PTI, , , , , No, No, No, , 
 1ac88c88-0300-11f1-bdcd-0255ac121084, , , , , , f343d1fb-e165-11f0-90da-0255ac121938, , , , f0a18f4d-6bd2-11f1-8cac-0255ac120ff9, , , , , 257cd9dc-5b4b-11f1-8fdf-0255ac12109b, PTI_NGLORONG, , 06887636-74a8-11f1-abfb-0255ac121dc0, 33SGN_0006, ,	 111.03281, , , 0, , , , No, , , -7.39965, , , , , , , , , , , -7.39965, ce1d6700-f34d-11f0-80d8-0255ac12193b, , , , , , ,	 111.03281, , , , , , 11, , , , , , , , 1a2116ca-16df-11f1-8335-0255ac121094, 33SGN_0006, , true,	 1786017792427, 2026-08-06 12:03:12, b48c3ea5-fb2f-11f0-be90-0255ac120057, , , , , , , PTI, , , , , No, No, No, , 
 1ac88c88-0300-11f1-bdcd-0255ac121084, , , , , , f343d1fb-e165-11f0-90da-0255ac121938, , , , f0a18f4d-6bd2-11f1-8cac-0255ac120ff9, , , , , 24f3d44b-5b4b-11f1-8fdf-0255ac12109b, PTI_TEGOWANU_KULON, , 58d9a589-2cb4-11f1-ab67-0255ac1208c4, 33PWD_0018, ,	 110.6058, , , 0, , , , No, , , -7.04852, , , , , , , , , , , -7.04852, ce1d6700-f34d-11f0-80d8-0255ac12193b, , , , , , ,	 110.6058, , , , , , 19, , , , , , , , 1a218b07-16df-11f1-8335-0255ac121094, 33PWD_0018, , true,	 1786017792493, 2026-08-06 12:03:12, e70a8cd9-e165-11f0-a9fb-0255ac121097, , , , , , , PTI, , , , , No, No, No, , 
 2df57184-f362-11f0-82f8-0255ac12021f, , , , , , f343d1fb-e165-11f0-90da-0255ac121938, , , , f0a18f4d-6bd2-11f1-8cac-0255ac120ff9, , , , , 24dc2d51-5b4b-11f1-8fdf-0255ac12109b, PTI_TAGOGAPU_PADALARANG, , 58bfb47e-2cb4-11f1-ab67-0255ac1208c4, 32BDG_0206, ,	 107.473256, , , 0, , , , No, , , -6.817422, , , , , , , , , , , -6.817422, ce1d6700-f34d-11f0-80d8-0255ac12193b, , , , , , ,	 107.473256, , , , , ,	 405, , , , , , , , 1a222765-16df-11f1-8335-0255ac121094, 32BDG_0206, , true,	 1786017792478, 2026-08-06 12:03:12, e703fcc2-e165-11f0-a9fb-0255ac121097, , , , , , , PTI, , , , , No, No, No, , 
 25426cff-f362-11f0-8722-0255ac1208c5, , , , , , f343d1fb-e165-11f0-90da-0255ac121938, , , , f0a18f4d-6bd2-11f1-8cac-0255ac120ff9, , , , , 258899e6-5b4b-11f1-8fdf-0255ac12109b, PTI_GILANG_KALIWUNGU, , 835ac3d2-74a7-11f1-b24a-0255ac120ffd, 35TLG_0048, ,	 112.02846, , , 0, , , , No, , , -8.10702, , , , , , , , , , , -8.10702, ce1d6700-f34d-11f0-80d8-0255ac12193b, , , , , , ,	 112.02846, , , , , ,	 200, , , , , , , , 1a24bfd3-16df-11f1-8335-0255ac121094, 35TLG_0048, , true,	 1786017792509, 2026-08-06 12:03:12, e703fcc2-e165-11f0-a9fb-0255ac121097, , , , , , , PTI, , , , , No, No, No, , 
 25426cff-f362-11f0-8722-0255ac1208c5, , , , , , f343d1fb-e165-11f0-90da-0255ac121938, , , , f0a18f4d-6bd2-11f1-8cac-0255ac120ff9, , , , , 259df6fa-5b4b-11f1-8fdf-0255ac12109b, PTI_JODIPAN_WETAN_JODIPAN_BLIMBING, , 9d3fcabe-1797-11f1-8d29-0255ac1218e4, 35MLG_0110, ,	 112.6386, , , 0, , , , No, , , -7.98786, , , , , , , , , , , -7.98786, ce1d6700-f34d-11f0-80d8-0255ac12193b, , , , , , ,	 112.6386, , , , , ,	 124, , , , , , , , 1a2b4f13-16df-11f1-8335-0255ac121094, 35MLG_0110, , true,	 1786017792528, 2026-08-06 12:03:12, e703fcc2-e165-11f0-a9fb-0255ac121097, , , , , , , PTI, , , , , No, No, No, , 
 1ac88c88-0300-11f1-bdcd-0255ac121084, , , , , , f343d1fb-e165-11f0-90da-0255ac121938, , , , f0a18f4d-6bd2-11f1-8cac-0255ac120ff9, , , , , 24e2bd14-5b4b-11f1-8fdf-0255ac12109b, PTI_WULUNG_RANDUBLATUNG, , 58d9a589-2cb4-11f1-ab67-0255ac1208c4, 33BLA_0006, ,	 111.39764, , , 0, , , , No, , , -7.19121, , , , , , , , , , , -7.19121, ce1d6700-f34d-11f0-80d8-0255ac12193b, , , , , , ,	 111.39764, , , , , , 28, , , , , , , , 1a2c3993-16df-11f1-8335-0255ac121094, 33BLA_0006, , true,	 1786017792511, 2026-08-06 12:03:12, e70a8cd9-e165-11f0-a9fb-0255ac121097, , , , , , , PTI, , , , , No, No, No, , 
 1ac88c88-0300-11f1-bdcd-0255ac121084, , , , , , f343d1fb-e165-11f0-90da-0255ac121938, , , , f0a18f4d-6bd2-11f1-8cac-0255ac120ff9, , , , , 257cd9dc-5b4b-11f1-8fdf-0255ac12109b, PTI_PRAPATAN_NGUWER, , 06887636-74a8-11f1-abfb-0255ac121dc0, 33SGN_0013, ,	 110.96331, , , 0, , , , No, , , -7.45563, , , , , , , , , , , -7.45563, ce1d6700-f34d-11f0-80d8-0255ac12193b, , , , , , ,	 110.96331, , , , , , 16, , , , , , , , 1a2c3997-16df-11f1-8335-0255ac121094, 33SGN_0013, , true,	 1786017792501, 2026-08-06 12:03:12, b48c3ea5-fb2f-11f0-be90-0255ac120057, , , , , , , PTI, , , , , No, No, No, , 
 1ac88c88-0300-11f1-bdcd-0255ac121084, , , , , , f343d1fb-e165-11f0-90da-0255ac121938, , , , f0a18f4d-6bd2-11f1-8cac-0255ac120ff9, , , , , 2552bc93-5b4b-11f1-8fdf-0255ac12109b, PTI_SUMBEREJO1_KALIWUNGU_GF_SB, , 9120c34a-1797-11f1-be90-0255ac120057, 33KDL_0012, ,	 110.27622, , , 0, , , , No, , , -6.96952, , , , , , , , , , , -6.96952, ce1d6700-f34d-11f0-80d8-0255ac12193b, , , , , , ,	 110.27622, , , , , , 1, , , , , , , , 1a2f202e-16df-11f1-8335-0255ac121094, 33KDL_0012, , true,	 1786017792503, 2026-08-06 12:03:12, e70a8cd9-e165-11f0-a9fb-0255ac121097, , , , , , , PTI, , , , , No, No, No, , 
 1ac88c88-0300-11f1-bdcd-0255ac121084, , , , , , f343d1fb-e165-11f0-90da-0255ac121938, , , , f0a18f4d-6bd2-11f1-8cac-0255ac120ff9, , , , , 24eef23d-5b4b-11f1-8fdf-0255ac12109b, PTI_MRANGGEN_II, , 9120c34a-1797-11f1-be90-0255ac120057, 33DMK_0015, ,	 110.53215, , , 0, , , , No, , , -7.02889, , , , , , , , , , , -7.02889, ce1d6700-f34d-11f0-80d8-0255ac12193b, , , , , , ,	 110.53215, , , , , , 94, , , , , , , , 1a2f6e64-16df-11f1-8335-0255ac121094, 33DMK_0015, , true,	 1786017792527, 2026-08-06 12:03:12, e70a8cd9-e165-11f0-a9fb-0255ac121097, , , , , , , PTI, , , , , No, No, No, , 
 1ac88c88-0300-11f1-bdcd-0255ac121084, , , , , , f343d1fb-e165-11f0-90da-0255ac121938, , , , f0a18f4d-6bd2-11f1-8cac-0255ac120ff9, , , , , 25a45fb8-5b4b-11f1-8fdf-0255ac12109b, PTI_BANGET_AYU, , 9120c34a-1797-11f1-be90-0255ac120057, 33SMG_0006, ,	 110.471, , , 0, , , , No, , , -6.97999, , , , , , , , , , , -6.97999, ce1d6700-f34d-11f0-80d8-0255ac12193b, , , , , , ,	 110.471, , , , , ,	 583, , , , , , , , 1a307ffb-16df-11f1-8335-0255ac121094, 33SMG_0006, , true,	 1786017792718, 2026-08-06 12:03:12, e70a8cd9-e165-11f0-a9fb-0255ac121097, , , , , , , PTI, , , , , No, No, No, , 
 1ac88c88-0300-11f1-bdcd-0255ac121084, , , , , , f343d1fb-e165-11f0-90da-0255ac121938, , , , f0a18f4d-6bd2-11f1-8cac-0255ac120ff9, , , , , 2574eb46-5b4b-11f1-8fdf-0255ac12109b, PTI_BOJONGBATA_PEMALANG, , 590d86e8-2cb4-11f1-ab67-0255ac1208c4, 33PML_0012, ,	 109.38973, , , 0, , , , No, , , -6.9184, , , , , , , , , , , -6.9184, ce1d6700-f34d-11f0-80d8-0255ac12193b, , , , , , ,	 109.38973, , , , , , , , , , , , , , 1a31435e-16df-11f1-8335-0255ac121094, 33PML_0012, , true,	 1786017792588, 2026-08-06 12:03:12, e70a8cd9-e165-11f0-a9fb-0255ac121097, , , , , , , PTI, , , , , No, No, No, , 
 25426cff-f362-11f0-8722-0255ac1208c5, , , , , , f343d1fb-e165-11f0-90da-0255ac121938, , , , f0a18f4d-6bd2-11f1-8cac-0255ac120ff9, , , , , 259df6fa-5b4b-11f1-8fdf-0255ac12109b, PTI_SUKUN_KEBONSARI, , 9d3fcabe-1797-11f1-8d29-0255ac1218e4, 35MLG_0112, ,	 112.623867, , , 0, , , , No, , , -8.015106, , , , , , , , , , , -8.015106, ce1d6700-f34d-11f0-80d8-0255ac12193b, , , , , , ,	 112.623867, , , , , , 48, , , , , , , , 1a33b3bc-16df-11f1-8335-0255ac121094, 35MLG_0112, , true,	 1786017792591, 2026-08-06 12:03:12, e703fcc2-e165-11f0-a9fb-0255ac121097, , , , , , , PTI, , , , , No, No, No, , 
 25426cff-f362-11f0-8722-0255ac1208c5, , , , , , f343d1fb-e165-11f0-90da-0255ac121938, , , , f0a18f4d-6bd2-11f1-8cac-0255ac120ff9, , , , , 581ba28d-f34e-11f0-a8cb-0255ac1211f7, PTI_PASURUAN_GEMPOL, , 9d3fcabe-1797-11f1-8d29-0255ac1218e4, 35PSN_0058, ,	 112.70375, , , 0, , , , No, , , -7.55251, , , , , , , , , , , -7.55251, ce1d6700-f34d-11f0-80d8-0255ac12193b, , , , , , ,	 112.70375, , , , , ,	 250, , , , , , , , 1a3a43f6-16df-11f1-8335-0255ac121094, 35PSN_0058, , true,	 1786017792577, 2026-08-06 12:03:12, e703fcc2-e165-11f0-a9fb-0255ac121097, , , , , , , PTI, , , , , No, No, No, , 
 1ac88c88-0300-11f1-bdcd-0255ac121084, , , , , , f343d1fb-e165-11f0-90da-0255ac121938, , , , f0a18f4d-6bd2-11f1-8cac-0255ac120ff9, , , , , 257cd9dc-5b4b-11f1-8fdf-0255ac12109b, PTI_KRIKILAN, , 06887636-74a8-11f1-abfb-0255ac121dc0, 33SGN_0014, ,	 110.94803, , , 0, , , , No, , , -7.46346, , , , , , , , , , , -7.46346, ce1d6700-f34d-11f0-80d8-0255ac12193b, , , , , , ,	 110.94803, , , , , , 7, , , , , , , , 1a3ab93a-16df-11f1-8335-0255ac121094, 33SGN_0014, , true,	 1786017792730, 2026-08-06 12:03:12, b48c3ea5-fb2f-11f0-be90-0255ac120057, , , , , , , PTI, , , , , No, No, No, , 
 1ac88c88-0300-11f1-bdcd-0255ac121084, , , , , , f343d1fb-e165-11f0-90da-0255ac121938, , , , f0a18f4d-6bd2-11f1-8cac-0255ac120ff9, , , , , 2056434e-5d7f-11f1-a63d-0255ac1203fc, PTI_SAWAHAN_NGEMPLAK_L, , b3f5645d-1797-11f1-b289-0255ac12100b, 33BYL_0010, ,	 110.81134, , , 0, , , , No, , , -7.5164, , , , , , , , , , , -7.5164, ce1d6700-f34d-11f0-80d8-0255ac12193b, , , , , , ,	 110.81134, , , , , ,	 142, , , , , , , , 1a3c8d39-16df-11f1-8335-0255ac121094, 33BYL_0010, , true,	 1786017792608, 2026-08-06 12:03:12, b48c3ea5-fb2f-11f0-be90-0255ac120057, , , , , , , PTI, , , , , No, No, No, , 
 25426cff-f362-11f0-8722-0255ac1208c5, , , , , , f343d1fb-e165-11f0-90da-0255ac121938, , , , f0a18f4d-6bd2-11f1-8cac-0255ac120ff9, , , , , 255b6f44-5b4b-11f1-8fdf-0255ac12109b, PTI_JIWAN_MADIUN_GF_A, , acf2ce12-1797-11f1-9066-0255ac121cb3, 35MAD_0018, ,	 111.49274, , , 0, , , , No, , , -7.59749, , , , , , , , , , , -7.59749, ce1d6700-f34d-11f0-80d8-0255ac12193b, , , , , , ,	 111.49274, , , , , ,	 174, , , , , , , , 1a41e447-16df-11f1-8335-0255ac121094, 35MAD_0018, , true,	 1786017792678, 2026-08-06 12:03:12, e703fcc2-e165-11f0-a9fb-0255ac121097, , , , , , , PTI, , , , , No, No, No, , 
 1ac88c88-0300-11f1-bdcd-0255ac121084, , , , , , f343d1fb-e165-11f0-90da-0255ac121938, , , , f0a18f4d-6bd2-11f1-8cac-0255ac120ff9, , , , , 2552bc93-5b4b-11f1-8fdf-0255ac12109b, PTI_PENYARINGAN, , afde0691-1797-11f1-b148-0255ac1210a3, 33KDL_0014, ,	 110.06507, , , 0, , , , No, , , -6.96407, , , , , , , , , , , -6.96407, ce1d6700-f34d-11f0-80d8-0255ac12193b, , , , , , ,	 110.06507, , , , , , 15, , , , , , , , 1a42597f-16df-11f1-8335-0255ac121094, 33KDL_0014, , true,	 1786017792683, 2026-08-06 12:03:12, b48c3ea5-fb2f-11f0-be90-0255ac120057, , , , , , , PTI, , , , , No, No, No, , 
 25426cff-f362-11f0-8722-0255ac1208c5, , , , , , f343d1fb-e165-11f0-90da-0255ac121938, , , , f0a18f4d-6bd2-11f1-8cac-0255ac120ff9, , , , , 46fb2d0a-f34e-11f0-b679-0255ac1211e3, PTI_KALIPURO, , 479e1f50-4eb8-11f1-a63d-0255ac1203fc, 35BYW_0008, ,	 114.38424, , , 0, , , , No, , , -8.1764, , , , , , , , , , , -8.1764, ce1d6700-f34d-11f0-80d8-0255ac12193b, , , , , , ,	 114.38424, , , , , ,	 257, , , , , , , , 1a44076f-16df-11f1-8335-0255ac121094, 35BYW_0008, , true,	 1786017792626, 2026-08-06 12:03:12, e703fcc2-e165-11f0-a9fb-0255ac121097, , , , , , , PTI, , , , , No, No, No, , 
 1ac88c88-0300-11f1-bdcd-0255ac121084, , , , , , f343d1fb-e165-11f0-90da-0255ac121938, , , , f0a18f4d-6bd2-11f1-8cac-0255ac120ff9, , , , , 25820a13-5b4b-11f1-8fdf-0255ac12109b, PTI_GADINGAN, , b3f5645d-1797-11f1-b289-0255ac12100b, 33SKH_0020, ,	 110.85941, , , 0, , , , No, , , -7.577, , , , , , , , , , , -7.577, ce1d6700-f34d-11f0-80d8-0255ac12193b, , , , , , ,	 110.85941, , , , , ,	 121, , , , , , , , 1a442e84-16df-11f1-8335-0255ac121094, 33SKH_0020, , true,	 1786017792632, 2026-08-06 12:03:12, b48c3ea5-fb2f-11f0-be90-0255ac120057, , , , , , , PTI, , , , , No, No, No, , 
 2df57184-f362-11f0-82f8-0255ac12021f, , , , , , f343d1fb-e165-11f0-90da-0255ac121938, , , , f0a18f4d-6bd2-11f1-8cac-0255ac120ff9, , , , , 24dc2d51-5b4b-11f1-8fdf-0255ac12109b, PTI_KERTAMULYA_BANDUNG, , 58bfb47e-2cb4-11f1-ab67-0255ac1208c4, 32BDG_0046, ,	 107.492, , , 0, , , , No, , , -6.84789, , , , , , , , , , , -6.84789, ce1d6700-f34d-11f0-80d8-0255ac12193b, , , , , , ,	 107.492, , , , , ,	 407, , , , , , , , 1a4ba856-16df-11f1-8335-0255ac121094, 32BDG_0046, , true,	 1786017792631, 2026-08-06 12:03:12, e703fcc2-e165-11f0-a9fb-0255ac121097, , , , , , , PTI, , , , , No, No, No, , 
 1ac88c88-0300-11f1-bdcd-0255ac121084, , , , , , f343d1fb-e165-11f0-90da-0255ac121938, , , , f0a18f4d-6bd2-11f1-8cac-0255ac120ff9, , , , , 24eb6fb8-5b4b-11f1-8fdf-0255ac12109b, PTI_PEKUNCEN_KROYA_B, , 4780acb3-4eb8-11f1-a63d-0255ac1203fc, 33CLP_0058, ,	 109.23017, , , 0, , , , No, , , -7.63359, , , , , , , , , , , -7.63359, ce1d6700-f34d-11f0-80d8-0255ac12193b, , , , , , ,	 109.23017, , , , , , 64, , , , , , , , 1a4d080f-16df-11f1-8335-0255ac121094, 33CLP_0058, , true,	 1786017792684, 2026-08-06 12:03:12, b48c3ea5-fb2f-11f0-be90-0255ac120057, , , , , , , PTI, , , , , No, No, No, , 
 1ac88c88-0300-11f1-bdcd-0255ac121084, , , , , , f343d1fb-e165-11f0-90da-0255ac121938, , , , f0a18f4d-6bd2-11f1-8cac-0255ac120ff9, , , , , 25a45fb8-5b4b-11f1-8fdf-0255ac12109b, PTI_MANGKANG, , 9120c34a-1797-11f1-be90-0255ac120057, 33SMG_0087, ,	 110.30106, , , 0, , , , No, , , -6.97487, , , , , , , , , , , -6.97487, ce1d6700-f34d-11f0-80d8-0255ac12193b, , , , , , ,	 110.30106, , , , , , , , , , , , , , 1a4e67d1-16df-11f1-8335-0255ac121094, 33SMG_0087, , true,	 1786017792891, 2026-08-06 12:03:12, e70a8cd9-e165-11f0-a9fb-0255ac121097, , , , , , , PTI, , , , , No, No, No, , 
 2df57184-f362-11f0-82f8-0255ac12021f, , , , , , f343d1fb-e165-11f0-90da-0255ac121938, , , , f0a18f4d-6bd2-11f1-8cac-0255ac120ff9, , , , , 24ed6b96-5b4b-11f1-8fdf-0255ac12109b, PTI_SINDANGLAUT, , 58ca3c25-2cb4-11f1-ab67-0255ac1208c4, 32CBN_0054, ,	 108.62213, , , 0, , , , No, , , -6.82741, , , , , , , , , , , -6.82741, ce1d6700-f34d-11f0-80d8-0255ac12193b, , , , , , ,	 108.62213, , , , , , 80, , , , , , , , 1a4f796f-16df-11f1-8335-0255ac121094, 32CBN_0054, , true,	 1786017792682, 2026-08-06 12:03:12, b48c3ea5-fb2f-11f0-be90-0255ac120057, , , , , , , PTI, , , , , No, No, No, , 
 1ac88c88-0300-11f1-bdcd-0255ac121084, , , , , , f343d1fb-e165-11f0-90da-0255ac121938, , , , f0a18f4d-6bd2-11f1-8cac-0255ac120ff9, , , , , 2554433a-5b4b-11f1-8fdf-0255ac12109b, PTI_GENENG_KLATEN, , b3f5645d-1797-11f1-b289-0255ac12100b, 33KLN_0019, ,	 110.52118, , , 0, , , , No, , , -7.75914, , , , , , , , , , , -7.75914, ce1d6700-f34d-11f0-80d8-0255ac12193b, , , , , , ,	 110.52118, , , , , , 13, , , , , , , , 1a51c3b6-16df-11f1-8335-0255ac121094, 33KLN_0019, , true,	 1786017792696, 2026-08-06 12:03:12, b48c3ea5-fb2f-11f0-be90-0255ac120057, , , , , , , PTI, , , , , No, No, No, , 
 2df57184-f362-11f0-82f8-0255ac12021f, , , , , , f343d1fb-e165-11f0-90da-0255ac121938, , , , f0a18f4d-6bd2-11f1-8cac-0255ac120ff9, , , , , 7baa6b5b-f34e-11f0-a8cb-0255ac1211f7, PTI_KPJATI_CIKARANGUTR_CKR, , 47b0e452-4eb8-11f1-a63d-0255ac1203fc, 32BKS_0028, ,	 107.152, , , 0, , , , No, , , -6.26231, , , , , , , , , , , -6.26231, ce1d6700-f34d-11f0-80d8-0255ac12193b, , , , , , ,	 107.152, , , , , ,	 735, , , , , , , , 1a53bebe-16df-11f1-8335-0255ac121094, 32BKS_0028, , true,	 1786017792706, 2026-08-06 12:03:12, e703fcc2-e165-11f0-a9fb-0255ac121097, , , , , , , PTI, , , , , No, No, No, , 
 1ac88c88-0300-11f1-bdcd-0255ac121084, , , , , , f343d1fb-e165-11f0-90da-0255ac121938, , , , f0a18f4d-6bd2-11f1-8cac-0255ac120ff9, , , , , 25a940c5-5b4b-11f1-8fdf-0255ac12109b, PTI_JETAKRAYA_SKA, , b3f5645d-1797-11f1-b289-0255ac12100b, 33SKT_0062, ,	 110.8226, , , 0, , , , No, , , -7.52858, , , , , , , , , , , -7.52858, ce1d6700-f34d-11f0-80d8-0255ac12193b, , , , , , ,	 110.8226, , , , , , 37, , , , , , , , 1a53e5cf-16df-11f1-8335-0255ac121094, 33SKT_0062, , true,	 1786017792716, 2026-08-06 12:03:12, b48c3ea5-fb2f-11f0-be90-0255ac120057, , , , , , , PTI, , , , , No, No, No, , 
 2df57184-f362-11f0-82f8-0255ac12021f, , , , , , f343d1fb-e165-11f0-90da-0255ac121938, , , , f0a18f4d-6bd2-11f1-8cac-0255ac120ff9, , , , , 7baa6b5b-f34e-11f0-a8cb-0255ac1211f7, PTI_JALAN_KAMPUNG_WALAHIR, , 47b0e452-4eb8-11f1-a63d-0255ac1203fc, 32BKS_0029, ,	 107.179, , , 0, , , , No, , , -6.2625, , , , , , , , , , , -6.2625, ce1d6700-f34d-11f0-80d8-0255ac12193b, , , , , , ,	 107.179, , , , , ,	 252, , , , , , , , 1a5fcd4d-16df-11f1-8335-0255ac121094, 32BKS_0029, , true,	 1786017792726, 2026-08-06 12:03:12, e703fcc2-e165-11f0-a9fb-0255ac121097, , , , , , , PTI, , , , , No, No, No, , 
 2d1992c8-0300-11f1-8f47-0255ac121dc0, , , , , , f343d1fb-e165-11f0-90da-0255ac121938, , , , f0a18f4d-6bd2-11f1-8cac-0255ac120ff9, , , , , 24dddb08-5b4b-11f1-8fdf-0255ac12109b, PTI_MERCUBUANA_WATES, , 8dbc3c11-1797-11f1-8caf-0255ac1211f5, 34BTL_0025, ,	 110.27232, , , 0, , , , No, , , -7.80864, , , , , , , , , , , -7.80864, ce1d6700-f34d-11f0-80d8-0255ac12193b, , , , , , ,	 110.27232, , , , , ,	 181, , , , , , , , 1a62168f-16df-11f1-8335-0255ac121094, 34BTL_0025, , true,	 1786017792714, 2026-08-06 12:03:12, b493b903-fb2f-11f0-be90-0255ac120057, , , , , , , PTI, , , , , No, No, No, , 
 2d1992c8-0300-11f1-8f47-0255ac121dc0, , , , , , f343d1fb-e165-11f0-90da-0255ac121938, , , , f0a18f4d-6bd2-11f1-8cac-0255ac120ff9, , , , , 24dddb08-5b4b-11f1-8fdf-0255ac12109b, PTI_SUMBERSARI_SLEMAN, , 8dbc3c11-1797-11f1-8caf-0255ac1211f5, 34BTL_0026, ,	 110.27615, , , 0, , , , No, , , -7.79114, , , , , , , , , , , -7.79114, ce1d6700-f34d-11f0-80d8-0255ac12193b, , , , , , ,	 110.27615, , , , , ,	 314, , , , , , , , 1a6264ba-16df-11f1-8335-0255ac121094, 34BTL_0026, , true,	 1786017792788, 2026-08-06 12:03:12, b493b903-fb2f-11f0-be90-0255ac120057, , , , , , , PTI, , , , , No, No, No, , 
 1ac88c88-0300-11f1-bdcd-0255ac121084, , , , , , f343d1fb-e165-11f0-90da-0255ac121938, , , , f0a18f4d-6bd2-11f1-8cac-0255ac120ff9, , , , , 258a6eab-5b4b-11f1-8fdf-0255ac12109b, PTI_KALIANCAR, , b3f5645d-1797-11f1-b289-0255ac12100b, 33WNG_0004, ,	 110.90979, , , 0, , , , No, , , -7.79628, , , , , , , , , , , -7.79628, ce1d6700-f34d-11f0-80d8-0255ac12193b, , , , , , ,	 110.90979, , , , , , 92, , , , , , , , 1a62d9f2-16df-11f1-8335-0255ac121094, 33WNG_0004, , true,	 1786017792746, 2026-08-06 12:03:12, b48c3ea5-fb2f-11f0-be90-0255ac120057, , , , , , , PTI, , , , , No, No, No, , 
 1ac88c88-0300-11f1-bdcd-0255ac121084, , , , , , f343d1fb-e165-11f0-90da-0255ac121938, , , , f0a18f4d-6bd2-11f1-8cac-0255ac120ff9, , , , , 257cd9dc-5b4b-11f1-8fdf-0255ac12109b, PTI_SRAGEN_KOTA, , 06887636-74a8-11f1-abfb-0255ac121dc0, 33SGN_0027, ,	 111.0269, , , 0, , , , No, , , -7.42635, , , , , , , , , , , -7.42635, ce1d6700-f34d-11f0-80d8-0255ac12193b, , , , , , ,	 111.0269, , , , , , 71, , , , , , , , 1a6c4fb1-16df-11f1-8335-0255ac121094, 33SGN_0027, , true,	 1786017792785, 2026-08-06 12:03:12, b48c3ea5-fb2f-11f0-be90-0255ac120057, , , , , , , PTI, , , , , No, No, No, , 
 1ac88c88-0300-11f1-bdcd-0255ac121084, , , , , , f343d1fb-e165-11f0-90da-0255ac121938, , , , f0a18f4d-6bd2-11f1-8cac-0255ac120ff9, , , , , 257cd9dc-5b4b-11f1-8fdf-0255ac12109b, PTI_SRAGEN_SELATAN_III, , 06887636-74a8-11f1-abfb-0255ac121dc0, 33SGN_0017, ,	 111.02901, , , 0, , , , No, , , -7.44897, , , , , , , , , , , -7.44897, ce1d6700-f34d-11f0-80d8-0255ac12193b, , , , , , ,	 111.02901, , , , , , 77, , , , , , , , 1a6cec08-16df-11f1-8335-0255ac121094, 33SGN_0017, , true,	 1786017792807, 2026-08-06 12:03:12, b48c3ea5-fb2f-11f0-be90-0255ac120057, , , , , , , PTI, , , , , No, No, No, , 
 1ac88c88-0300-11f1-bdcd-0255ac121084, , , , , , f343d1fb-e165-11f0-90da-0255ac121938, , , , f0a18f4d-6bd2-11f1-8cac-0255ac120ff9, , , , , 257cd9dc-5b4b-11f1-8fdf-0255ac12109b, PTI_KROYO_RELOC, , 06887636-74a8-11f1-abfb-0255ac121dc0, 33SGN_0029, ,	 111.0122, , , 0, , , , No, , , -7.43778, , , , , , , , , , , -7.43778, ce1d6700-f34d-11f0-80d8-0255ac12193b, , , , , , ,	 111.0122, , , , , , 16, , , , , , , , 1a6fab8f-16df-11f1-8335-0255ac121094, 33SGN_0029, , true,	 1786017792923, 2026-08-06 12:03:12, b48c3ea5-fb2f-11f0-be90-0255ac120057, , , , , , , PTI, , , , , No, No, No, , 
 28c4b082-0303-11f1-b97b-0255ac120084, , , , , , f343d1fb-e165-11f0-90da-0255ac121938, , , , f0a18f4d-6bd2-11f1-8cac-0255ac120ff9, , , , , 67c07475-f34e-11f0-8fd3-0255ac121dca, PTI_KALENTEMU, , b74886dc-1797-11f1-8f47-0255ac121dc0, 36CLG_0022, ,	 106.01409, , , 0, , , , No, , , -6.01341, , , , , , , , , , , -6.01341, ce1d6700-f34d-11f0-80d8-0255ac12193b, , , , , , ,	 106.01409, , , , , , 4, , , , , , , , 1a715980-16df-11f1-8335-0255ac121094, 36CLG_0022, , true,	 1786017792788, 2026-08-06 12:03:12, b489f5a1-fb2f-11f0-be90-0255ac120057, , , , , , , PTI, , , , , No, No, No, , 
 25426cff-f362-11f0-8722-0255ac1208c5, , , , , , f343d1fb-e165-11f0-90da-0255ac121938, , , , f0a18f4d-6bd2-11f1-8cac-0255ac120ff9, , , , , 259c7057-5b4b-11f1-8fdf-0255ac12109b, PTI_INKA_MADIUN, , acf2ce12-1797-11f1-9066-0255ac121cb3, 35MAD_0020, ,	 111.52103, , , 0, , , , No, , , -7.61603, , , , , , , , , , , -7.61603, ce1d6700-f34d-11f0-80d8-0255ac12193b, , , , , , ,	 111.52103, , , , , ,	 286, , , , , , , , 1a7d3fa0-16df-11f1-8335-0255ac121094, 35MAD_0020, , true,	 1786017792815, 2026-08-06 12:03:12, e703fcc2-e165-11f0-a9fb-0255ac121097, , , , , , , PTI, , , , , No, No, No, , 
 25426cff-f362-11f0-8722-0255ac1208c5, , , , , , f343d1fb-e165-11f0-90da-0255ac121938, , , , f0a18f4d-6bd2-11f1-8cac-0255ac120ff9, , , , , 259df6fa-5b4b-11f1-8fdf-0255ac12109b, PTI_KAMPAR_RELOC, , 9d3fcabe-1797-11f1-8d29-0255ac1218e4, 35MLG_0118, ,	 112.64142, , , 0, , , , No, , , -7.96121, , , , , , , , , , , -7.96121, ce1d6700-f34d-11f0-80d8-0255ac12193b, , , , , , ,	 112.64142, , , , , , 80, , , , , , , , 1a7eed89-16df-11f1-8335-0255ac121094, 35MLG_0118, , true,	 1786017792829, 2026-08-06 12:03:12, e703fcc2-e165-11f0-a9fb-0255ac121097, , , , , , , PTI, , , , , No, No, No, , 
 1ac88c88-0300-11f1-bdcd-0255ac121084, , , , , , f343d1fb-e165-11f0-90da-0255ac121938, , , , f0a18f4d-6bd2-11f1-8cac-0255ac120ff9, , , , , 25820a13-5b4b-11f1-8fdf-0255ac12109b, PTI_BALAI_PENGUJIAN_RIYADI, , b3f5645d-1797-11f1-b289-0255ac12100b, 33SKH_0021, ,	 110.7665, , , 0, , , , No, , , -7.56499, , , , , , , , , , , -7.56499, ce1d6700-f34d-11f0-80d8-0255ac12193b, , , , , , ,	 110.7665, , , , , , 48, , , , , , , , 1a88637a-16df-11f1-8335-0255ac121094, 33SKH_0021, , true,	 1786017792881, 2026-08-06 12:03:12, b48c3ea5-fb2f-11f0-be90-0255ac120057, , , , , , , PTI, , , , , No, No, No, , 
 25426cff-f362-11f0-8722-0255ac1208c5, , , , , , f343d1fb-e165-11f0-90da-0255ac121938, , , , f0a18f4d-6bd2-11f1-8cac-0255ac120ff9, , , , , 259c7057-5b4b-11f1-8fdf-0255ac12109b, PTI_SRIKATON_KARTOHARJO, , acf2ce12-1797-11f1-9066-0255ac121cb3, 35MAD_0021, ,	 111.53097, , , 0, , , , No, , , -7.6158, , , , , , , , , , , -7.6158, ce1d6700-f34d-11f0-80d8-0255ac12193b, , , , , , ,	 111.53097, , , , , ,	 212, , , , , , , , 1a89750e-16df-11f1-8335-0255ac121094, 35MAD_0021, , true,	 1786017792874, 2026-08-06 12:03:12, e703fcc2-e165-11f0-a9fb-0255ac121097, , , , , , , PTI, , , , , No, No, No, , 
 2df57184-f362-11f0-82f8-0255ac12021f, , , , , , f343d1fb-e165-11f0-90da-0255ac121938, , , , f0a18f4d-6bd2-11f1-8cac-0255ac120ff9, , , , , 24da5886-5b4b-11f1-8fdf-0255ac12109b, PTI_CIBIRU_HILIR, , 9ffbdd8f-1797-11f1-b3b6-0255ac120212, 32BDG_0049, ,	 107.71339, , , 0, , , , No, , , -6.94968, , , , , , , , , , , -6.94968, ce1d6700-f34d-11f0-80d8-0255ac12193b, , , , , , ,	 107.71339, , , , , , 84, , , , , , , , 1a9e0e86-16df-11f1-8335-0255ac121094, 32BDG_0049, , true,	 1786017792827, 2026-08-06 12:03:12, e703fcc2-e165-11f0-a9fb-0255ac121097, , , , , , , PTI, , , , , No, No, No, , 
 25426cff-f362-11f0-8722-0255ac1208c5, , , , , , f343d1fb-e165-11f0-90da-0255ac121938, , , , f0a18f4d-6bd2-11f1-8cac-0255ac120ff9, , , , , 25a7ba22-5b4b-11f1-8fdf-0255ac12109b, PTI_GUNDIH_BUBUTAN, , 9784a8b3-1797-11f1-8e49-0255ac121206, 35SBY_0004, ,	 112.72756, , , 0, , , , No, , , -7.249, , , , , , , , , , , -7.249, ce1d6700-f34d-11f0-80d8-0255ac12193b, , , , , , ,	 112.72756, , , , , ,	 619, , , , , , , , 1aca4ef7-16df-11f1-8335-0255ac121094, 35SBY_0004, , true,	 1786017792892, 2026-08-06 12:03:12, e703fcc2-e165-11f0-a9fb-0255ac121097, , , , , , , PTI, , , , , No, No, No, , 
 25426cff-f362-11f0-8722-0255ac1208c5, , , , , , f343d1fb-e165-11f0-90da-0255ac121938, , , , f0a18f4d-6bd2-11f1-8cac-0255ac120ff9, , , , , 51cdb63a-f34e-11f0-8246-0255ac120944, PTI_JUWET_NGRONGGOT, , 47a4af2f-4eb8-11f1-a63d-0255ac1203fc, 35NJK_0007, ,	 112.06555, , , 0, , , , No, , , -7.69554, , , , , , , , , , , -7.69554, ce1d6700-f34d-11f0-80d8-0255ac12193b, , , , , , ,	 112.06555, , , , , ,	 177, , , , , , , , 1ad571ed-16df-11f1-8335-0255ac121094, 35NJK_0007, , true,	 1786017792916, 2026-08-06 12:03:12, e703fcc2-e165-11f0-a9fb-0255ac121097, , , , , , , PTI, , , , , No, No, No, , 
 25426cff-f362-11f0-8722-0255ac1208c5, , , , , , f343d1fb-e165-11f0-90da-0255ac121938, , , , f0a18f4d-6bd2-11f1-8cac-0255ac120ff9, , , , , 25510edf-5b4b-11f1-8fdf-0255ac12109b, PTI_PAPAR_PAPAR, , 47a4af2f-4eb8-11f1-a63d-0255ac1203fc, 35KDR_0002, ,	 112.07939, , , 0, , , , No, , , -7.68946, , , , , , , , , , , -7.68946, ce1d6700-f34d-11f0-80d8-0255ac12193b, , , , , , ,	 112.07939, , , , , , 4, , , , , , , , 1ad65c6d-16df-11f1-8335-0255ac121094, 35KDR_0002, , true,	 1786017792833, 2026-08-06 12:03:12, e703fcc2-e165-11f0-a9fb-0255ac121097, , , , , , , PTI, , , , , No, No, No, , 
 25426cff-f362-11f0-8722-0255ac1208c5, , , , , , f343d1fb-e165-11f0-90da-0255ac121938, , , , f0a18f4d-6bd2-11f1-8cac-0255ac120ff9, , , , , 0f09bb51-f34e-11f0-b617-0255ac1205c2, PTI_AJUNG_KALISAT, , a73bf14a-1797-11f1-a4c0-0255ac12094c, 35JMR_0010, ,	 113.82101, , , 0, , , , No, , , -8.13207, , , , , , , , , , , -8.13207, ce1d6700-f34d-11f0-80d8-0255ac12193b, , , , , , ,	 113.82101, , , , , ,	 278, , , , , , , , 1ad746ee-16df-11f1-8335-0255ac121094, 35JMR_0010, , true,	 1786017792902, 2026-08-06 12:03:12, e703fcc2-e165-11f0-a9fb-0255ac121097, , , , , , , PTI, , , , , No, No, No, , 
 25426cff-f362-11f0-8722-0255ac1208c5, , , , , , f343d1fb-e165-11f0-90da-0255ac121938, , , , f0a18f4d-6bd2-11f1-8cac-0255ac120ff9, , , , , 259df6fa-5b4b-11f1-8fdf-0255ac12109b, PTI_TULUSREJO, , 9d3fcabe-1797-11f1-8d29-0255ac1218e4, 35MLG_0014, ,	 112.6377, , , 0, , , , No, , , -7.9513, , , , , , , , , , , -7.9513, ce1d6700-f34d-11f0-80d8-0255ac12193b, , , , , , ,	 112.6377, , , , , , 52, , , , , , , , 1ad76e05-16df-11f1-8335-0255ac121094, 35MLG_0014, , true,	 1786017793786, 2026-08-06 12:03:13, e703fcc2-e165-11f0-a9fb-0255ac121097, , , , , , , PTI, , , , , No, No, No, , 
 1ac88c88-0300-11f1-bdcd-0255ac121084, , , , , , f343d1fb-e165-11f0-90da-0255ac121938, , , , f0a18f4d-6bd2-11f1-8cac-0255ac120ff9, , , , , 25a45fb8-5b4b-11f1-8fdf-0255ac12109b, PTI_ALASTUWO, , 9120c34a-1797-11f1-be90-0255ac120057, 33SMG_0008, ,	 110.477, , , 0, , , , No, , , -6.98209, , , , , , , , , , , -6.98209, ce1d6700-f34d-11f0-80d8-0255ac12193b, , , , , , ,	 110.477, , , , , ,	 334, , , , , , , , 1ad79516-16df-11f1-8335-0255ac121094, 33SMG_0008, , true,	 1786017792911, 2026-08-06 12:03:12, e70a8cd9-e165-11f0-a9fb-0255ac121097, , , , , , , PTI, , , , , No, No, No, , 
 25426cff-f362-11f0-8722-0255ac1208c5, , , , , , f343d1fb-e165-11f0-90da-0255ac121938, , , , f0a18f4d-6bd2-11f1-8cac-0255ac120ff9, , , , , 259f7da0-5b4b-11f1-8fdf-0255ac12109b, PTI_TRAJEN, , a73bf14a-1797-11f1-a4c0-0255ac12094c, 35PSN_0006, ,	 112.90818, , , 0, , , , No, , , -7.63536, , , , , , , , , , , -7.63536, ce1d6700-f34d-11f0-80d8-0255ac12193b, , , , , , ,	 112.90818, , , , , ,	 640, , , , , , , , 1ad80a54-16df-11f1-8335-0255ac121094, 35PSN_0006, , true,	 1786017792912, 2026-08-06 12:03:12, e703fcc2-e165-11f0-a9fb-0255ac121097, , , , , , , PTI, , , , , No, No, No, , 
 1ac88c88-0300-11f1-bdcd-0255ac121084, , , , , , f343d1fb-e165-11f0-90da-0255ac121938, , , , f0a18f4d-6bd2-11f1-8cac-0255ac120ff9, , , , , 25a940c5-5b4b-11f1-8fdf-0255ac12109b, PTI_KANTOR_POS_SOLO_JAJAR, , b3f5645d-1797-11f1-b289-0255ac12100b, 33SKT_0005, ,	 110.79446, , , 0, , , , No, , , -7.55354, , , , , , , , , , , -7.55354, ce1d6700-f34d-11f0-80d8-0255ac12193b, , , , , , ,	 110.79446, , , , , , 97, , , , , , , , 1ad8587c-16df-11f1-8335-0255ac121094, 33SKT_0005, , true,	 1786017792983, 2026-08-06 12:03:12, b48c3ea5-fb2f-11f0-be90-0255ac120057, , , , , , , PTI, , , , , No, No, No, , 
 2df57184-f362-11f0-82f8-0255ac12021f, , , , , , f343d1fb-e165-11f0-90da-0255ac121938, , , , f0a18f4d-6bd2-11f1-8cac-0255ac120ff9, , , , , 258f50c2-5b4b-11f1-8fdf-0255ac12109b, PTI_AMPERA_BEKASI, , 47b0e452-4eb8-11f1-a63d-0255ac1203fc, 32BKS_0036, ,	 107.019, , , 0, , , , No, , , -6.24867, , , , , , , , , , , -6.24867, ce1d6700-f34d-11f0-80d8-0255ac12193b, , , , , , ,	 107.019, , , , , , 84, , , , , , , , 1ad9df58-16df-11f1-8335-0255ac121094, 32BKS_0036, , true,	 1786017792927, 2026-08-06 12:03:12, e703fcc2-e165-11f0-a9fb-0255ac121097, , , , , , , PTI, , , , , No, No, No, , 
 2df57184-f362-11f0-82f8-0255ac12021f, , , , , , f343d1fb-e165-11f0-90da-0255ac121938, , , , f0a18f4d-6bd2-11f1-8cac-0255ac120ff9, , , , , 24da5886-5b4b-11f1-8fdf-0255ac12109b, PTI_CANGKUANG_RANCAEKEK, , 9ffbdd8f-1797-11f1-b3b6-0255ac120212, 32BDG_0051, ,	 107.804, , , 0, , , , No, , , -6.97815, , , , , , , , , , , -6.97815, ce1d6700-f34d-11f0-80d8-0255ac12193b, , , , , , ,	 107.804, , , , , , 39, , , , , , , , 1ada066d-16df-11f1-8335-0255ac121094, 32BDG_0051, , true,	 1786017792977, 2026-08-06 12:03:12, e703fcc2-e165-11f0-a9fb-0255ac121097, , , , , , , PTI, , , , , No, No, No, , 
 2df57184-f362-11f0-82f8-0255ac12021f, , , , , , f343d1fb-e165-11f0-90da-0255ac121938, , , , f0a18f4d-6bd2-11f1-8cac-0255ac120ff9, , , , , 24f09ff3-5b4b-11f1-8fdf-0255ac12109b, PTI_KADUNGORA_GARUT, , 9a1a95b2-1797-11f1-b470-0255ac120236, 32GRT_0002, ,	 107.894, , , 0, , , , No, , , -7.08367, , , , , , , , , , , -7.08367, ce1d6700-f34d-11f0-80d8-0255ac12193b, , , , , , ,	 107.894, , , , , ,	 223, , , , , , , , 1ada5490-16df-11f1-8335-0255ac121094, 32GRT_0002, , true,	 1786017792981, 2026-08-06 12:03:12, e703fcc2-e165-11f0-a9fb-0255ac121097, , , , , , , PTI, , , , , No, No, No, , 
 2df57184-f362-11f0-82f8-0255ac12021f, , , , , , f343d1fb-e165-11f0-90da-0255ac121938, , , , f0a18f4d-6bd2-11f1-8cac-0255ac120ff9, , , , , 24f09ff3-5b4b-11f1-8fdf-0255ac12109b, PTI_PASAR_NEGLASARI, , 9a1a95b2-1797-11f1-b470-0255ac120236, 32GRT_0003, ,	 107.905, , , 0, , , , No, , , -7.08855, , , , , , , , , , , -7.08855, ce1d6700-f34d-11f0-80d8-0255ac12193b, , , , , , ,	 107.905, , , , , ,	 108, , , , , , , , 1adac9d1-16df-11f1-8335-0255ac121094, 32GRT_0003, , true,	 1786017793002, 2026-08-06 12:03:12, e703fcc2-e165-11f0-a9fb-0255ac121097, , , , , , , PTI, , , , , No, No, No, , 
 2df57184-f362-11f0-82f8-0255ac12021f, , , , , , f343d1fb-e165-11f0-90da-0255ac121938, , , , f0a18f4d-6bd2-11f1-8cac-0255ac120ff9, , , , , 5da072b9-f34e-11f0-8fd3-0255ac121dca, PTI_GEDEBAGE, , 9ffbdd8f-1797-11f1-b3b6-0255ac120212, 32BDG_0068, ,	 107.689, , , 0, , , , No, , , -6.94783, , , , , , , , , , , -6.94783, ce1d6700-f34d-11f0-80d8-0255ac12193b, , , , , , ,	 107.689, , , , , ,	 270, , , , , , , , 1adbb357-16df-11f1-8335-0255ac121094, 32BDG_0068, , true,	 1786017792985, 2026-08-06 12:03:12, e703fcc2-e165-11f0-a9fb-0255ac121097, , , , , , , PTI, , , , , No, No, No, , 
 28c4b082-0303-11f1-b97b-0255ac120084, , , , , , f343d1fb-e165-11f0-90da-0255ac121938, , , , f0a18f4d-6bd2-11f1-8cac-0255ac120ff9, , , , , 259459e6-5b4b-11f1-8fdf-0255ac12109b, PTI_PONDOK_CILEGON_INDAH, , 47c35b4e-4eb8-11f1-a63d-0255ac1203fc, 36CLG_0009, ,	 106.06059, , , 0, , , , No, , , -6.02185, , , , , , , , , , , -6.02185, ce1d6700-f34d-11f0-80d8-0255ac12193b, , , , , , ,	 106.06059, , , , , ,	 156, , , , , , , , 1adf845f-16df-11f1-8335-0255ac121094, 36CLG_0009, , true,	 1786017792989, 2026-08-06 12:03:12, b489f5a1-fb2f-11f0-be90-0255ac120057, , , , , , , PTI, , , , , No, No, No, , 
 25426cff-f362-11f0-8722-0255ac1208c5, , , , , , f343d1fb-e165-11f0-90da-0255ac121938, , , , f0a18f4d-6bd2-11f1-8cac-0255ac120ff9, , , , , 25a7ba22-5b4b-11f1-8fdf-0255ac12109b, TBG_PASAR_KEMBANG, , 9784a8b3-1797-11f1-8e49-0255ac121206, 35SBY_0156, ,	 112.72473, , , 0, , , , No, , , -7.27288, , , , , , , , , , , -7.27288, ce1d6700-f34d-11f0-80d8-0255ac12193b, , , , , , ,	 112.72473, , , , , ,	 116, , , , , , , , 1ae43fc7-16df-11f1-8335-0255ac121094, 35SBY_0156, , true,	 1786017793017, 2026-08-06 12:03:12, e703fcc2-e165-11f0-a9fb-0255ac121097, , , , , , , TBG, , , , , No, No, No, , 
 28c4b082-0303-11f1-b97b-0255ac120084, , , , , , f343d1fb-e165-11f0-90da-0255ac121938, , , , f0a18f4d-6bd2-11f1-8cac-0255ac120ff9, , , , , 25aac768-5b4b-11f1-8fdf-0255ac12109b, TBG_AL_HIKMAH, , 856a9036-1797-11f1-b28c-0255ac12007b, 36TNG_0013, ,	 106.68242, , , 0, , , , No, , , -6.18229, , , , , , , , , , , -6.18229, ce1d6700-f34d-11f0-80d8-0255ac12193b, , , , , , ,	 106.68242, , , , , ,	 1064, , , , , , , , 1ae8ac3d-16df-11f1-8335-0255ac121094, 36TNG_0013, , true,	 1786017793032, 2026-08-06 12:03:13, e703fcc2-e165-11f0-a9fb-0255ac121097, , , , , , , TBG, , , , , No, No, No, , 
 2df57184-f362-11f0-82f8-0255ac12021f, , , , , , f343d1fb-e165-11f0-90da-0255ac121938, , , , f0a18f4d-6bd2-11f1-8cac-0255ac120ff9, , , , , 7baa6b5b-f34e-11f0-a8cb-0255ac1211f7, TBG_MANGUN_JAYA, , 47b0e452-4eb8-11f1-a63d-0255ac1203fc, 32BKS_0177, ,	 107.06381, , , 0, , , , No, , , -6.25215, , , , , , , , , , , -6.25215, ce1d6700-f34d-11f0-80d8-0255ac12193b, , , , , , ,	 107.06381, , , , , ,	 591, , , , , , , , 1aeacf5b-16df-11f1-8335-0255ac121094, 32BKS_0177, , true,	 1786017793019, 2026-08-06 12:03:13, e703fcc2-e165-11f0-a9fb-0255ac121097, , , , , , , TBG, , , , , No, No, No, , 
 25426cff-f362-11f0-8722-0255ac1208c5, , , , , , f343d1fb-e165-11f0-90da-0255ac121938, , , , f0a18f4d-6bd2-11f1-8cac-0255ac120ff9, , , , , 205e0bf4-5d7f-11f1-a63d-0255ac1203fc, TBG_TINALAN, , 47a4af2f-4eb8-11f1-a63d-0255ac1203fc, 35KDR_0049, ,	 112.026, , , 0, , , , No, , , -7.82609, , , , , , , , , , , -7.82609, ce1d6700-f34d-11f0-80d8-0255ac12193b, , , , , , ,	 112.026, , , , , ,	 138, , , , , , , , 1aeeed98-16df-11f1-8335-0255ac121094, 35KDR_0049, , true,	 1786017793093, 2026-08-06 12:03:13, e703fcc2-e165-11f0-a9fb-0255ac121097, , , , , , , TBG, , , , , No, No, No, , 
 2df57184-f362-11f0-82f8-0255ac12021f, , , , , , f343d1fb-e165-11f0-90da-0255ac121938, , , , f0a18f4d-6bd2-11f1-8cac-0255ac120ff9, , , , , 2595e090-5b4b-11f1-8fdf-0255ac12109b, TBG_CIMAHI_SELATAN_7, , 9ffbdd8f-1797-11f1-b3b6-0255ac120212, 32CMH_0018, ,	 107.55807, , , 0, , , , No, , , -6.90659, , , , , , , , , , , -6.90659, ce1d6700-f34d-11f0-80d8-0255ac12193b, , , , , , ,	 107.55807, , , , , ,	 742, , , , , , , , 1af1fb22-16df-11f1-8335-0255ac121094, 32CMH_0018, , true,	 1786017793205, 2026-08-06 12:03:13, e703fcc2-e165-11f0-a9fb-0255ac121097, , , , , , , TBG, , , , , No, No, No, , 
 2df57184-f362-11f0-82f8-0255ac12021f, , , , , , f343d1fb-e165-11f0-90da-0255ac121938, , , , f0a18f4d-6bd2-11f1-8cac-0255ac120ff9, , , , , 5da072b9-f34e-11f0-8fd3-0255ac121dca, TBG_BSM_WARUNGJAMBU, , 9ffbdd8f-1797-11f1-b3b6-0255ac120212, 32BDG_0220, ,	 107.64212, , , 0, , , , No, , , -6.92794, , , , , , , , , , , -6.92794, ce1d6700-f34d-11f0-80d8-0255ac12193b, , , , , , ,	 107.64212, , , , , ,	 192, , , , , , , , 1af2e500-16df-11f1-8335-0255ac121094, 32BDG_0220, , true,	 1786017793079, 2026-08-06 12:03:13, e703fcc2-e165-11f0-a9fb-0255ac121097, , , , , , , TBG, , , , , No, No, No, , 
 2df57184-f362-11f0-82f8-0255ac12021f, , , , , , f343d1fb-e165-11f0-90da-0255ac121938, , , , f0a18f4d-6bd2-11f1-8cac-0255ac120ff9, , , , , 24dc2d51-5b4b-11f1-8fdf-0255ac12109b, TBG_TANI_MULYA_RAWA_POJOK, , 58bfb47e-2cb4-11f1-ab67-0255ac1208c4, 32BDG_0221, ,	 107.52166, , , 0, , , , No, , , -6.8603, , , , , , , , , , , -6.8603, ce1d6700-f34d-11f0-80d8-0255ac12193b, , , , , , ,	 107.52166, , , , , ,	 318, , , , , , , , 1af99bf2-16df-11f1-8335-0255ac121094, 32BDG_0221, , true,	 1786017793080, 2026-08-06 12:03:13, e703fcc2-e165-11f0-a9fb-0255ac121097, , , , , , , TBG, , , , , No, No, No, , 
 25426cff-f362-11f0-8722-0255ac1208c5, , , , , , f343d1fb-e165-11f0-90da-0255ac121938, , , , f0a18f4d-6bd2-11f1-8cac-0255ac120ff9, , , , , 0980097b-f34e-11f0-80d8-0255ac12193b, TBG_BEBEKAN, , 9784a8b3-1797-11f1-8e49-0255ac121206, 35SDA_0144, ,	 112.70034, , , 0, , , , No, , , -7.3452, , , , , , , , , , , -7.3452, ce1d6700-f34d-11f0-80d8-0255ac12193b, , , , , , ,	 112.70034, , , , , ,	 938, , , , , , , , 1afbbf34-16df-11f1-8335-0255ac121094, 35SDA_0144, , true,	 1786017793091, 2026-08-06 12:03:13, e703fcc2-e165-11f0-a9fb-0255ac121097, , , , , , , TBG, , , , , No, No, No, , 
 2df57184-f362-11f0-82f8-0255ac12021f, , , , , , f343d1fb-e165-11f0-90da-0255ac121938, , , , f0a18f4d-6bd2-11f1-8cac-0255ac120ff9, , , , , 254d8c60-5b4b-11f1-8fdf-0255ac12109b, TBG_KLARI_KONDANGJAYA, , a40cd1fc-1797-11f1-bdcd-0255ac121084, 32KWG_0028, ,	 107.34513, , , 0, , , , No, , , -6.34084, , , , , , , , , , , -6.34084, ce1d6700-f34d-11f0-80d8-0255ac12193b, , , , , , ,	 107.34513, , , , , ,	 430, , , , , , , , 1afcd0c7-16df-11f1-8335-0255ac121094, 32KWG_0028, , true,	 1786017793101, 2026-08-06 12:03:13, e703fcc2-e165-11f0-a9fb-0255ac121097, , , , , , , TBG, , , , , No, No, No, , 
 2df57184-f362-11f0-82f8-0255ac12021f, , , , , , f343d1fb-e165-11f0-90da-0255ac121938, , , , f0a18f4d-6bd2-11f1-8cac-0255ac120ff9, , , , , 7baa6b5b-f34e-11f0-a8cb-0255ac1211f7, TBG_SANTUNMW, , 47b0e452-4eb8-11f1-a63d-0255ac1203fc, 32BKS_0103, ,	 107.05206, , , 0, , , , No, , , -6.25232, , , , , , , , , , , -6.25232, ce1d6700-f34d-11f0-80d8-0255ac12193b, , , , , , ,	 107.05206, , , , , ,	 1308, , , , , , , , 1b06e2ea-16df-11f1-8335-0255ac121094, 32BKS_0103, , true,	 1786017793100, 2026-08-06 12:03:13, e703fcc2-e165-11f0-a9fb-0255ac121097, , , , , , , TBG, , , , , No, No, No, , 
 2df57184-f362-11f0-82f8-0255ac12021f, , , , , , f343d1fb-e165-11f0-90da-0255ac121938, , , , f0a18f4d-6bd2-11f1-8cac-0255ac120ff9, , , , , 258f50c2-5b4b-11f1-8fdf-0255ac12109b, TBG_BINTARA, , 47b0e452-4eb8-11f1-a63d-0255ac1203fc, 32BKS_0129, ,	 106.95446, , , 0, , , , No, , , -6.23359, , , , , , , , , , , -6.23359, ce1d6700-f34d-11f0-80d8-0255ac12193b, , , , , , ,	 106.95446, , , , , ,	 344, , , , , , , , 1b0b4f53-16df-11f1-8335-0255ac121094, 32BKS_0129, , true,	 1786017793105, 2026-08-06 12:03:13, e703fcc2-e165-11f0-a9fb-0255ac121097, , , , , , , TBG, , , , , No, No, No, , 
 2df57184-f362-11f0-82f8-0255ac12021f, , , , , , f343d1fb-e165-11f0-90da-0255ac121938, , , , f0a18f4d-6bd2-11f1-8cac-0255ac120ff9, , , , , 7685bc47-f34e-11f0-8acc-0255ac121003, TBG_CURUGMASBOJONGGEDEMW, , 47b59f59-4eb8-11f1-a63d-0255ac1203fc, 32BGR_0075, ,	 106.80378, , , 0, , , , No, , , -6.49312, , , , , , , , , , , -6.49312, ce1d6700-f34d-11f0-80d8-0255ac12193b, , , , , , ,	 106.80378, , , , , ,	 631, , , , , , , , 1b0b9d87-16df-11f1-8335-0255ac121094, 32BGR_0075, , true,	 1786017794806, 2026-08-06 12:03:14, e703fcc2-e165-11f0-a9fb-0255ac121097, , , , , , , TBG, , , , , No, No, No, , 
 2df57184-f362-11f0-82f8-0255ac12021f, , , , , , f343d1fb-e165-11f0-90da-0255ac121938, , , , f0a18f4d-6bd2-11f1-8cac-0255ac120ff9, , , , , 205c3714-5d7f-11f1-a63d-0255ac1203fc, TBG_PEKIRINGAN_KEJAKSAAN, , 58ca3c25-2cb4-11f1-ab67-0255ac1208c4, 32CBN_0057, ,	 108.56092, , , 0, , , , No, , , -6.72522, , , , , , , , , , , -6.72522, ce1d6700-f34d-11f0-80d8-0255ac12193b, , , , , , ,	 108.56092, , , , , , 76, , , , , , , , 1b0c60e5-16df-11f1-8335-0255ac121094, 32CBN_0057, , true,	 1786017793125, 2026-08-06 12:03:13, e703fcc2-e165-11f0-a9fb-0255ac121097, , , , , , , TBG, , , , , No, No, No, , 
 2df57184-f362-11f0-82f8-0255ac12021f, , , , , , f343d1fb-e165-11f0-90da-0255ac121938, , , , f0a18f4d-6bd2-11f1-8cac-0255ac120ff9, , , , , 7685bc47-f34e-11f0-8acc-0255ac121003, TBG_JALAN_RAYA_GUNUNG_PUTRI, , 47b59f59-4eb8-11f1-a63d-0255ac1203fc, 32BGR_0102, ,	 106.89546, , , 0, , , , No, , , -6.45464, , , , , , , , , , , -6.45464, ce1d6700-f34d-11f0-80d8-0255ac12193b, , , , , , ,	 106.89546, , , , , ,	 599, , , , , , , , 1b10cdf8-16df-11f1-8335-0255ac121094, 32BGR_0102, , true,	 1786017793819, 2026-08-06 12:03:13, e703fcc2-e165-11f0-a9fb-0255ac121097, , , , , , , TBG, , , , , No, No, No, , 
 2df57184-f362-11f0-82f8-0255ac12021f, , , , , , f343d1fb-e165-11f0-90da-0255ac121938, , , , f0a18f4d-6bd2-11f1-8cac-0255ac120ff9, , , , , 24ed6b96-5b4b-11f1-8fdf-0255ac12109b, TBG_PERMANENCMBDSTEGALGUBUK, , 58ca3c25-2cb4-11f1-ab67-0255ac1208c4, 32CBN_0059, ,	 108.38846, , , 0, , , , No, , , -6.61679, , , , , , , , , , , -6.61679, ce1d6700-f34d-11f0-80d8-0255ac12193b, , , , , , ,	 108.38846, , , , , ,	 489, , , , , , , , 1b1428df-16df-11f1-8335-0255ac121094, 32CBN_0059, , true,	 1786017793212, 2026-08-06 12:03:13, e703fcc2-e165-11f0-a9fb-0255ac121097, , , , , , , TBG, , , , , No, No, No, , 
 2df57184-f362-11f0-82f8-0255ac12021f, , , , , , f343d1fb-e165-11f0-90da-0255ac121938, , , , f0a18f4d-6bd2-11f1-8cac-0255ac120ff9, , , , , 25976737-5b4b-11f1-8fdf-0255ac12109b, TBG_PEMDA_DEPOK, , 47b59f59-4eb8-11f1-a63d-0255ac1203fc, 32DPK_0053, ,	 106.81958, , , 0, , , , No, , , -6.393, , , , , , , , , , , -6.393, ce1d6700-f34d-11f0-80d8-0255ac12193b, , , , , , ,	 106.81958, , , , , ,	 815, , , , , , , , 1b1428e1-16df-11f1-8335-0255ac121094, 32DPK_0053, , true,	 1786017793184, 2026-08-06 12:03:13, e703fcc2-e165-11f0-a9fb-0255ac121097, , , , , , , TBG, , , , , No, No, No, , 
 1ac88c88-0300-11f1-bdcd-0255ac121084, , , , , , f343d1fb-e165-11f0-90da-0255ac121938, , , , f0a18f4d-6bd2-11f1-8cac-0255ac120ff9, , , , , 24e4dfff-5b4b-11f1-8fdf-0255ac12109b, TBG_KEBOLEDAN, , ce2b4a23-74a7-11f1-9cdd-0255ac1211fc, 33BBS_0028, ,	 109.00471, , , 0, , , , No, , , -6.85855, , , , , , , , , , , -6.85855, ce1d6700-f34d-11f0-80d8-0255ac12193b, , , , , , ,	 109.00471, , , , , , 4, , , , , , , , 1b14c53a-16df-11f1-8335-0255ac121094, 33BBS_0028, , true,	 1786017793797, 2026-08-06 12:03:13, e70a8cd9-e165-11f0-a9fb-0255ac121097, , , , , , , TBG, , , , , No, No, No, , 
 2df57184-f362-11f0-82f8-0255ac12021f, , , , , , f343d1fb-e165-11f0-90da-0255ac121938, , , , f0a18f4d-6bd2-11f1-8cac-0255ac120ff9, , , , , 5da072b9-f34e-11f0-8fd3-0255ac121dca, TBG_BABAKAN_SARI_SARI_INDAH, , 9ffbdd8f-1797-11f1-b3b6-0255ac120212, 32BDG_0223, ,	 107.65157, , , 0, , , , No, , , -6.91883, , , , , , , , , , , -6.91883, ce1d6700-f34d-11f0-80d8-0255ac12193b, , , , , , ,	 107.65157, , , , , ,	 167, , , , , , , , 1b14c53d-16df-11f1-8335-0255ac121094, 32BDG_0223, , true,	 1786017793210, 2026-08-06 12:03:13, e703fcc2-e165-11f0-a9fb-0255ac121097, , , , , , , TBG, , , , , No, No, No, , 
 2df57184-f362-11f0-82f8-0255ac12021f, , , , , , f343d1fb-e165-11f0-90da-0255ac121938, , , , f0a18f4d-6bd2-11f1-8cac-0255ac120ff9, , , , , 7baa6b5b-f34e-11f0-a8cb-0255ac1211f7, TBG_IBS_CIBITUNG_TELAGA_MURNI, , 47b0e452-4eb8-11f1-a63d-0255ac1203fc, 32BKS_0060, ,	 107.11315, , , , , , , No, , , -6.26189, , , , , , , , , , , -6.26189, ce1d6700-f34d-11f0-80d8-0255ac12193b, , , , , , ,	 107.11315, , , , , , , , , , , , , , 1b15afb7-16df-11f1-8335-0255ac121094, 32BKS_0060, , true,	 1786017793892, 2026-08-06 12:03:13, e703fcc2-e165-11f0-a9fb-0255ac121097, , , , , , , TBG, , , , , No, No, No, , 
 25426cff-f362-11f0-8722-0255ac1208c5, , , , , , f343d1fb-e165-11f0-90da-0255ac121938, , , , f0a18f4d-6bd2-11f1-8cac-0255ac120ff9, , , , , 259f7da0-5b4b-11f1-8fdf-0255ac12109b, TBG_PANGGUNGREJO, , a73bf14a-1797-11f1-a4c0-0255ac12094c, 35PSN_0007, ,	 112.91675, , , 0, , , , No, , , -7.63335, , , , , , , , , , , -7.63335, ce1d6700-f34d-11f0-80d8-0255ac12193b, , , , , , ,	 112.91675, , , , , , 10, , , , , , , , 1b15fde8-16df-11f1-8335-0255ac121094, 35PSN_0007, , true,	 1786017793422, 2026-08-06 12:03:13, e70a8cd9-e165-11f0-a9fb-0255ac121097, , , , , , , TBG, , , , , No, No, No, , 
 2df57184-f362-11f0-82f8-0255ac12021f, , , , , , f343d1fb-e165-11f0-90da-0255ac121938, , , , f0a18f4d-6bd2-11f1-8cac-0255ac120ff9, , , , , 24e86274-5b4b-11f1-8fdf-0255ac12109b, TBG_CIANJUR_SOUTH, , aa157741-1797-11f1-bdcd-0255ac121084, 32CJR_0009, ,	 107.14198, , , 0, , , , No, , , -6.82767, , , , , , , , , , , -6.82767, ce1d6700-f34d-11f0-80d8-0255ac12193b, , , , , , ,	 107.14198, , , , , ,	 204, , , , , , , , 1b17aada-16df-11f1-8335-0255ac121094, 32CJR_0009, , true,	 1786017793211, 2026-08-06 12:03:13, e703fcc2-e165-11f0-a9fb-0255ac121097, , , , , , , TBG, , , , , No, No, No, , 
 2df57184-f362-11f0-82f8-0255ac12021f, , , , , , f343d1fb-e165-11f0-90da-0255ac121938, , , , f0a18f4d-6bd2-11f1-8cac-0255ac120ff9, , , , , 2595e090-5b4b-11f1-8fdf-0255ac12109b, TBG_CISANGKAN_TIMUR, , 9ffbdd8f-1797-11f1-b3b6-0255ac120212, 32CMH_0019, ,	 107.52858, , , 0, , , , No, , , -6.87454, , , , , , , , , , , -6.87454, ce1d6700-f34d-11f0-80d8-0255ac12193b, , , , , , ,	 107.52858, , , , , ,	 319, , , , , , , , 1b2391e8-16df-11f1-8335-0255ac121094, 32CMH_0019, , true,	 1786017793413, 2026-08-06 12:03:13, e703fcc2-e165-11f0-a9fb-0255ac121097, , , , , , , TBG, , , , , No, No, No, , 
 25426cff-f362-11f0-8722-0255ac1208c5, , , , , , f343d1fb-e165-11f0-90da-0255ac121938, , , , f0a18f4d-6bd2-11f1-8cac-0255ac120ff9, , , , , 581ba28d-f34e-11f0-a8cb-0255ac1211f7, IBS_BANGIL, , 9d3fcabe-1797-11f1-8d29-0255ac1218e4, PSN0001, ,	 112.78235, , , 0, , , , No, , , -7.60292, , , , , , , , , , , -7.60292, ce1d6700-f34d-11f0-80d8-0255ac12193b, , , , , , ,	 112.78235, , , , , , 2, , , , , , , , 1b247c62-16df-11f1-8335-0255ac121094, PSN0001, , true,	 1786017793481, 2026-08-06 12:03:13, e70a8cd9-e165-11f0-a9fb-0255ac121097, , , , , , , TBG, , , , , No, No, No, , 
 1ac88c88-0300-11f1-bdcd-0255ac121084, , , , , , f343d1fb-e165-11f0-90da-0255ac121938, , , , f0a18f4d-6bd2-11f1-8cac-0255ac120ff9, , , , , 25a940c5-5b4b-11f1-8fdf-0255ac12109b, TBG_JL._KYAI_MOJO, , b3f5645d-1797-11f1-b289-0255ac12100b, 33SKT_0065, ,	 110.83599, , , 0, , , , No, , , -7.58805, , , , , , , , , , , -7.58805, ce1d6700-f34d-11f0-80d8-0255ac12193b, , , , , , ,	 110.83599, , , , , ,	 748, , , , , , , , 1b28e9dc-16df-11f1-8335-0255ac121094, 33SKT_0065, , true,	 1786017793482, 2026-08-06 12:03:13, b48c3ea5-fb2f-11f0-be90-0255ac120057, , , , , , , TBG, , , , , No, No, No, , 
 1ac88c88-0300-11f1-bdcd-0255ac121084, , , , , , f343d1fb-e165-11f0-90da-0255ac121938, , , , f0a18f4d-6bd2-11f1-8cac-0255ac120ff9, , , , , 2586ec26-5b4b-11f1-8fdf-0255ac12109b, TBG_ADIWERNA, , 590d86e8-2cb4-11f1-ab67-0255ac1208c4, 33TGL_0040, ,	 109.13294, , , 0, , , , No, , , -6.9435, , , , , , , , , , , -6.9435, ce1d6700-f34d-11f0-80d8-0255ac12193b, , , , , , ,	 109.13294, , , , , ,	 513, , , , , , , , 1b308aa7-16df-11f1-8335-0255ac121094, 33TGL_0040, , true,	 1786017793577, 2026-08-06 12:03:13, b48c3ea5-fb2f-11f0-be90-0255ac120057, , , , , , , TBG, , , , , No, No, No, , 
 2df57184-f362-11f0-82f8-0255ac12021f, , , , , , f343d1fb-e165-11f0-90da-0255ac121938, , , , f0a18f4d-6bd2-11f1-8cac-0255ac120ff9, , , , , 205c3714-5d7f-11f1-a63d-0255ac1203fc, TBG_KARANGGETAS, , 58ca3c25-2cb4-11f1-ab67-0255ac1208c4, 32CBN_0002, ,	 108.56288, , , 0, , , , No, , , -6.715, , , , , , , , , , , -6.715, ce1d6700-f34d-11f0-80d8-0255ac12193b, , , , , , ,	 108.56288, , , , , ,	 146, , , , , , , , 1b3126f1-16df-11f1-8335-0255ac121094, 32CBN_0002, , true,	 1786017793487, 2026-08-06 12:03:13, e703fcc2-e165-11f0-a9fb-0255ac121097, , , , , , , TBG, , , , , No, No, No, , 
 25426cff-f362-11f0-8722-0255ac1208c5, , , , , , f343d1fb-e165-11f0-90da-0255ac121938, , , , f0a18f4d-6bd2-11f1-8cac-0255ac120ff9, , , , , 25a7ba22-5b4b-11f1-8fdf-0255ac12109b, TBG_PANDEGILING, , 9784a8b3-1797-11f1-8e49-0255ac121206, 35SBY_0158, ,	 112.73237, , , 0, , , , No, , , -7.27549, , , , , , , , , , , -7.27549, ce1d6700-f34d-11f0-80d8-0255ac12193b, , , , , , ,	 112.73237, , , , , ,	 115, , , , , , , , 1b3656fa-16df-11f1-8335-0255ac121094, 35SBY_0158, , true,	 1786017793525, 2026-08-06 12:03:13, e703fcc2-e165-11f0-a9fb-0255ac121097, , , , , , , TBG, , , , , No, No, No, , 
 2df57184-f362-11f0-82f8-0255ac12021f, , , , , , f343d1fb-e165-11f0-90da-0255ac121938, , , , f0a18f4d-6bd2-11f1-8cac-0255ac120ff9, , , , , 205c3714-5d7f-11f1-a63d-0255ac1203fc, TBG_KEBON_BARU, , 58ca3c25-2cb4-11f1-ab67-0255ac1208c4, 32CBN_0012, ,	 108.56518, , , 0, , , , No, , , -6.70465, , , , , , , , , , , -6.70465, ce1d6700-f34d-11f0-80d8-0255ac12193b, , , , , , ,	 108.56518, , , , , , 88, , , , , , , , 1b3f579e-16df-11f1-8335-0255ac121094, 32CBN_0012, , true,	 1786017793595, 2026-08-06 12:03:13, e703fcc2-e165-11f0-a9fb-0255ac121097, , , , , , , TBG, , , , , No, No, No, , 
 2df57184-f362-11f0-82f8-0255ac12021f, , , , , , f343d1fb-e165-11f0-90da-0255ac121938, , , , f0a18f4d-6bd2-11f1-8cac-0255ac120ff9, , , , , 7685bc47-f34e-11f0-8acc-0255ac121003, TBG_WARUNG_DUKUH_CIBINONG, , 47b59f59-4eb8-11f1-a63d-0255ac1203fc, 32BGR_0107, ,	 106.84815, , , 0, , , , No, , , -6.45346, , , , , , , , , , , -6.45346, ce1d6700-f34d-11f0-80d8-0255ac12193b, , , , , , ,	 106.84815, , , , , , 26, , , , , , , , 1b3ff3fa-16df-11f1-8335-0255ac121094, 32BGR_0107, , true,	 1786017793591, 2026-08-06 12:03:13, e703fcc2-e165-11f0-a9fb-0255ac121097, , , , , , , TBG, , , , , No, No, No, , 
 2df57184-f362-11f0-82f8-0255ac12021f, , , , , , f343d1fb-e165-11f0-90da-0255ac121938, , , , f0a18f4d-6bd2-11f1-8cac-0255ac120ff9, , , , , 7baa6b5b-f34e-11f0-a8cb-0255ac1211f7, TBG_DESA_TAMBUN, , 47b0e452-4eb8-11f1-a63d-0255ac1203fc, 32BKS_0184, ,	 107.0682, , , 0, , , , No, , , -6.2675, , , , , , , , , , , -6.2675, ce1d6700-f34d-11f0-80d8-0255ac12193b, , , , , , ,	 107.0682, , , , , ,	 883, , , , , , , , 1b428b76-16df-11f1-8335-0255ac121094, 32BKS_0184, , true,	 1786017793608, 2026-08-06 12:03:13, e703fcc2-e165-11f0-a9fb-0255ac121097, , , , , , , TBG, , , , , No, No, No, , 
 28c4b082-0303-11f1-b97b-0255ac120084, , , , , , f343d1fb-e165-11f0-90da-0255ac121938, , , , f0a18f4d-6bd2-11f1-8cac-0255ac120ff9, , , , , 25a5e65d-5b4b-11f1-8fdf-0255ac12109b, TBG_GARUDA_SWADAYA, , 47c35b4e-4eb8-11f1-a63d-0255ac1203fc, 36SRG_0013, ,	 106.16188, , , 0, , , , No, , , -6.11165, , , , , , , , , , , -6.11165, ce1d6700-f34d-11f0-80d8-0255ac12193b, , , , , , ,	 106.16188, , , , , ,	 640, , , , , , , , 1b434ef2-16df-11f1-8335-0255ac121094, 36SRG_0013, , true,	 1786017793728, 2026-08-06 12:03:13, b489f5a1-fb2f-11f0-be90-0255ac120057, , , , , , , TBG, , , , , No, No, No, , 
 1ac88c88-0300-11f1-bdcd-0255ac121084, , , , , , f343d1fb-e165-11f0-90da-0255ac121938, , , , f0a18f4d-6bd2-11f1-8cac-0255ac120ff9, , , , , 25820a13-5b4b-11f1-8fdf-0255ac12109b, TBG_KONIMEX_SOLO, , b3f5645d-1797-11f1-b289-0255ac12100b, 33SKH_0022, ,	 110.805, , , 0, , , , No, , , -7.58046, , , , , , , , , , , -7.58046, ce1d6700-f34d-11f0-80d8-0255ac12193b, , , , , , ,	 110.805, , , , , ,	 314, , , , , , , , 1b4683b7-16df-11f1-8335-0255ac121094, 33SKH_0022, , true,	 1786017793625, 2026-08-06 12:03:13, b48c3ea5-fb2f-11f0-be90-0255ac120057, , , , , , , TBG, , , , , No, No, No, , 
 1ac88c88-0300-11f1-bdcd-0255ac121084, , , , , , f343d1fb-e165-11f0-90da-0255ac121938, , , , f0a18f4d-6bd2-11f1-8cac-0255ac120ff9, , , , , 25a940c5-5b4b-11f1-8fdf-0255ac12109b, TBG_DR_RAJIMAN_PAJANG, , b3f5645d-1797-11f1-b289-0255ac12100b, 33SKT_0066, ,	 110.79014, , , 0, , , , No, , , -7.56788, , , , , , , , , , , -7.56788, ce1d6700-f34d-11f0-80d8-0255ac12193b, , , , , , ,	 110.79014, , , , , ,	 201, , , , , , , , 1b46aad4-16df-11f1-8335-0255ac121094, 33SKT_0066, , true,	 1786017793626, 2026-08-06 12:03:13, b48c3ea5-fb2f-11f0-be90-0255ac120057, , , , , , , TBG, , , , , No, No, No, , 
 1ac88c88-0300-11f1-bdcd-0255ac121084, , , , , , f343d1fb-e165-11f0-90da-0255ac121938, , , , f0a18f4d-6bd2-11f1-8cac-0255ac120ff9, , , , , 25a940c5-5b4b-11f1-8fdf-0255ac12109b, TBG_PUCANGSAWIT_JEBRES, , b3f5645d-1797-11f1-b289-0255ac12100b, 33SKT_0006, ,	 110.83841, , , 0, , , , No, , , -7.57032, , , , , , , , , , , -7.57032, ce1d6700-f34d-11f0-80d8-0255ac12193b, , , , , , ,	 110.83841, , , , , ,	 224, , , , , , , , 1b47472e-16df-11f1-8335-0255ac121094, 33SKT_0006, , true,	 1786017793683, 2026-08-06 12:03:13, b48c3ea5-fb2f-11f0-be90-0255ac120057, , , , , , , TBG, , , , , No, No, No, , 
 25426cff-f362-11f0-8722-0255ac1208c5, , , , , , f343d1fb-e165-11f0-90da-0255ac121938, , , , f0a18f4d-6bd2-11f1-8cac-0255ac120ff9, , , , , 0980097b-f34e-11f0-80d8-0255ac12193b, TBG_MAKARYA, , 9784a8b3-1797-11f1-8e49-0255ac121206, 35SDA_0037, ,	 112.73842, , , 0, , , , No, , , -7.34923, , , , , , , , , , , -7.34923, ce1d6700-f34d-11f0-80d8-0255ac12193b, , , , , , ,	 112.73842, , , , , ,	 281, , , , , , , , 1b4cc4c6-16df-11f1-8335-0255ac121094, 35SDA_0037, , true,	 1786017793684, 2026-08-06 12:03:13, e703fcc2-e165-11f0-a9fb-0255ac121097, , , , , , , TBG, , , , , No, No, No, , 
 1ac88c88-0300-11f1-bdcd-0255ac121084, , , , , , f343d1fb-e165-11f0-90da-0255ac121938, , , , f0a18f4d-6bd2-11f1-8cac-0255ac120ff9, , , , , 25a940c5-5b4b-11f1-8fdf-0255ac12109b, TBG_JOYOTAKAN_SURAKARTA, , b3f5645d-1797-11f1-b289-0255ac12100b, 33SKT_0067, ,	 110.81915, , , 0, , , , No, , , -7.58615, , , , , , , , , , , -7.58615, ce1d6700-f34d-11f0-80d8-0255ac12193b, , , , , , ,	 110.81915, , , , , ,	 392, , , , , , , , 1b4dfd78-16df-11f1-8335-0255ac121094, 33SKT_0067, , true,	 1786017793617, 2026-08-06 12:03:13, b48c3ea5-fb2f-11f0-be90-0255ac120057, , , , , , , TBG, , , , , No, No, No, , 
 1ac88c88-0300-11f1-bdcd-0255ac121084, , , , , , f343d1fb-e165-11f0-90da-0255ac121938, , , , f0a18f4d-6bd2-11f1-8cac-0255ac120ff9, , , , , 25a940c5-5b4b-11f1-8fdf-0255ac12109b, TBG_SURAKARTA_BANJARSARI, , b3f5645d-1797-11f1-b289-0255ac12100b, 33SKT_0028, ,	 110.83044, , , 0, , , , No, , , -7.54403, , , , , , , , , , , -7.54403, ce1d6700-f34d-11f0-80d8-0255ac12193b, , , , , , ,	 110.83044, , , , , ,	 304, , , , , , , , 1b4f8455-16df-11f1-8335-0255ac121094, 33SKT_0028, , true,	 1786017793680, 2026-08-06 12:03:13, b48c3ea5-fb2f-11f0-be90-0255ac120057, , , , , , , TBG, , , , , No, No, No, , 
 2df57184-f362-11f0-82f8-0255ac12021f, , , , , , f343d1fb-e165-11f0-90da-0255ac121938, , , , f0a18f4d-6bd2-11f1-8cac-0255ac120ff9, , , , , 2592ac2f-5b4b-11f1-8fdf-0255ac12109b, TBG_BUKITCIMANGGUCITY, , 47b59f59-4eb8-11f1-a63d-0255ac1203fc, 32BGR_0056, ,	 106.787083, , , 0, , , , No, , , -6.534417, , , , , , , , , , , -6.534417, ce1d6700-f34d-11f0-80d8-0255ac12193b, , , , , , ,	 106.787083, , , , , , 72, , , , , , , , 1b52910d-16df-11f1-8335-0255ac121094, 32BGR_0056, , true,	 1786017793814, 2026-08-06 12:03:13, e703fcc2-e165-11f0-a9fb-0255ac121097, , , , , , , TBG, , , , , No, No, No, , 
 25426cff-f362-11f0-8722-0255ac1208c5, , , , , , f343d1fb-e165-11f0-90da-0255ac121938, , , , f0a18f4d-6bd2-11f1-8cac-0255ac120ff9, , , , , fe211e91-f34d-11f0-b617-0255ac1205c2, TBG_LAMONGAN_JETIS, , 58aaf430-2cb4-11f1-ab67-0255ac1208c4, 35LMG_0007, ,	 112.4201811, , , 0, , , , No, , , -7.12076, , , , , , , , , , , -7.12076, ce1d6700-f34d-11f0-80d8-0255ac12193b, , , , , , ,	 112.4201811, , , , , ,	 544, , , , , , , , 1b529110-16df-11f1-8335-0255ac121094, 35LMG_0007, , true,	 1786017793730, 2026-08-06 12:03:13, e703fcc2-e165-11f0-a9fb-0255ac121097, , , , , , , TBG, , , , , No, No, No, , 
 1ac88c88-0300-11f1-bdcd-0255ac121084, , , , , , f343d1fb-e165-11f0-90da-0255ac121938, , , , f0a18f4d-6bd2-11f1-8cac-0255ac120ff9, , , , , 24eb6fb8-5b4b-11f1-8fdf-0255ac12109b, TBG_CILACAP_TENGAH_3, , 477bca99-4eb8-11f1-a63d-0255ac1203fc, 33CLP_0010, ,	 109.00267, , , 0, , , , No, , , -7.72541, , , , , , , , , , , -7.72541, ce1d6700-f34d-11f0-80d8-0255ac12193b, , , , , , ,	 109.00267, , , , , ,	 977, , , , , , , , 1b532d74-16df-11f1-8335-0255ac121094, 33CLP_0010, , true,	 1786017793738, 2026-08-06 12:03:13, b48c3ea5-fb2f-11f0-be90-0255ac120057, , , , , , , TBG, , , , , No, No, No, , 
 1ac88c88-0300-11f1-bdcd-0255ac121084, , , , , , f343d1fb-e165-11f0-90da-0255ac121938, , , , f0a18f4d-6bd2-11f1-8cac-0255ac120ff9, , , , , 2552bc93-5b4b-11f1-8fdf-0255ac12109b, TBG_RAYABAR, , 9120c34a-1797-11f1-be90-0255ac120057, 33KDL_0015, ,	 110.25243, , , 0, , , , No, , , -6.95786, , , , , , , , , , , -6.95786, ce1d6700-f34d-11f0-80d8-0255ac12193b, , , , , , ,	 110.25243, , , , , ,	 566, , , , , , , , 1b543f00-16df-11f1-8335-0255ac121094, 33KDL_0015, , true,	 1786017793930, 2026-08-06 12:03:13, e70a8cd9-e165-11f0-a9fb-0255ac121097, , , , , , , TBG, , , , , No, No, No, , 
 2df57184-f362-11f0-82f8-0255ac12021f, , , , , , f343d1fb-e165-11f0-90da-0255ac121938, , , , f0a18f4d-6bd2-11f1-8cac-0255ac120ff9, , , , , 2061b5ab-5d7f-11f1-a63d-0255ac1203fc, TBG_CIKOLE, , aa157741-1797-11f1-bdcd-0255ac121084, 32SKB_0028, ,	 106.93449, , , 0, , , , No, , , -6.92287, , , , , , , , , , , -6.92287, ce1d6700-f34d-11f0-80d8-0255ac12193b, , , , , , ,	 106.93449, , , , , , 22, , , , , , , , 1b543f05-16df-11f1-8335-0255ac121094, 32SKB_0028, , true,	 1786017793784, 2026-08-06 12:03:13, e703fcc2-e165-11f0-a9fb-0255ac121097, , , , , , , TBG, , , , , No, No, No, , 
 2df57184-f362-11f0-82f8-0255ac12021f, , , , , , f343d1fb-e165-11f0-90da-0255ac121938, , , , f0a18f4d-6bd2-11f1-8cac-0255ac120ff9, , , , , 7baa6b5b-f34e-11f0-a8cb-0255ac1211f7, TBG_BOJONGKONENG, , 47b0e452-4eb8-11f1-a63d-0255ac1203fc, 32BKS_0062, ,	 107.12006, , , 0, , , , No, , , -6.25733, , , , , , , , , , , -6.25733, ce1d6700-f34d-11f0-80d8-0255ac12193b, , , , , , ,	 107.12006, , , , , , 28, , , , , , , , 1b5d1884-16df-11f1-8335-0255ac121094, 32BKS_0062, , true,	 1786017793804, 2026-08-06 12:03:13, e703fcc2-e165-11f0-a9fb-0255ac121097, , , , , , , TBG, , , , , No, No, No, , 
 2df57184-f362-11f0-82f8-0255ac12021f, , , , , , f343d1fb-e165-11f0-90da-0255ac121938, , , , f0a18f4d-6bd2-11f1-8cac-0255ac120ff9, , , , , 24dc2d51-5b4b-11f1-8fdf-0255ac12109b, TBG_CIKAMUNING, , 58bfb47e-2cb4-11f1-ab67-0255ac1208c4, 32BDG_0208, ,	 107.48721, , , 0, , , , No, , , -6.83413, , , , , , , , , , , -6.83413, ce1d6700-f34d-11f0-80d8-0255ac12193b, , , , , , ,	 107.48721, , , , , , 76, , , , , , , , 1b5d8dc0-16df-11f1-8335-0255ac121094, 32BDG_0208, , true,	 1786017793789, 2026-08-06 12:03:13, e703fcc2-e165-11f0-a9fb-0255ac121097, , , , , , , TBG, , , , , No, No, No, , 
 25426cff-f362-11f0-8722-0255ac1208c5, , , , , , f343d1fb-e165-11f0-90da-0255ac121938, , , , f0a18f4d-6bd2-11f1-8cac-0255ac120ff9, , , , , fe211e91-f34d-11f0-b617-0255ac1205c2, TBG_SUKOREJO_LAMONGAN, , 58aaf430-2cb4-11f1-ab67-0255ac1208c4, 35LMG_0008, ,	 112.41016, , , 0, , , , No, , , -7.11936, , , , , , , , , , , -7.11936, ce1d6700-f34d-11f0-80d8-0255ac12193b, , , , , , ,	 112.41016, , , , , ,	 208, , , , , , , , 1b5ec667-16df-11f1-8335-0255ac121094, 35LMG_0008, , true,	 1786017793799, 2026-08-06 12:03:13, e703fcc2-e165-11f0-a9fb-0255ac121097, , , , , , , TBG, , , , , No, No, No, , 
 2df57184-f362-11f0-82f8-0255ac12021f, , , , , , f343d1fb-e165-11f0-90da-0255ac121938, , , , f0a18f4d-6bd2-11f1-8cac-0255ac120ff9, , , , , 258f50c2-5b4b-11f1-8fdf-0255ac12109b, TBG_JATIKRAMAT_INDAH_2_MASJID_ASYIFA, , 47b0e452-4eb8-11f1-a63d-0255ac1203fc, 32BKS_0185, ,	 106.95962, , , 0, , , , No, , , -6.22652, , , , , , , , , , , -6.22652, ce1d6700-f34d-11f0-80d8-0255ac12193b, , , , , , ,	 106.95962, , , , , ,	 1039, , , , , , , , 1b61d428-16df-11f1-8335-0255ac121094, 32BKS_0185, , true,	 1786017793880, 2026-08-06 12:03:13, e703fcc2-e165-11f0-a9fb-0255ac121097, , , , , , , TBG, , , , , No, No, No, , 
 2df57184-f362-11f0-82f8-0255ac12021f, , , , , , f343d1fb-e165-11f0-90da-0255ac121938, , , , f0a18f4d-6bd2-11f1-8cac-0255ac120ff9, , , , , 25ac4e0d-5b4b-11f1-8fdf-0255ac12109b, TBG_TAWANG, , 9a1a95b2-1797-11f1-b470-0255ac120236, 32TSM_0013, ,	 108.22742, , , 0, , , , No, , , -7.3187, , , , , , , , , , , -7.3187, ce1d6700-f34d-11f0-80d8-0255ac12193b, , , , , , ,	 108.22742, , , , , ,	 472, , , , , , , , 1b6359fb-16df-11f1-8335-0255ac121094, 32TSM_0013, , true,	 1786017793882, 2026-08-06 12:03:13, e703fcc2-e165-11f0-a9fb-0255ac121097, , , , , , , TBG, , , , , No, No, No, , 
 25426cff-f362-11f0-8722-0255ac1208c5, , , , , , f343d1fb-e165-11f0-90da-0255ac121938, , , , f0a18f4d-6bd2-11f1-8cac-0255ac120ff9, , , , , 205e0bf4-5d7f-11f1-a63d-0255ac1203fc, TBG_BUJEL_MOJOROTO_TBG, , 47a4af2f-4eb8-11f1-a63d-0255ac1203fc, 35KDR_0032, ,	 111.99263, , , 0, , , , No, , , -7.80605, , , , , , , , , , , -7.80605, ce1d6700-f34d-11f0-80d8-0255ac12193b, , , , , , ,	 111.99263, , , , , , 43, , , , , , , , 1b652eff-16df-11f1-8335-0255ac121094, 35KDR_0032, , true,	 1786017793899, 2026-08-06 12:03:13, e703fcc2-e165-11f0-a9fb-0255ac121097, , , , , , , TBG, , , , , No, No, No, , 
 2df57184-f362-11f0-82f8-0255ac12021f, , , , , , f343d1fb-e165-11f0-90da-0255ac121938, , , , f0a18f4d-6bd2-11f1-8cac-0255ac120ff9, , , , , 24dc2d51-5b4b-11f1-8fdf-0255ac12109b, TBG_PADALARANG_3_RELOC, , 58bfb47e-2cb4-11f1-ab67-0255ac1208c4, 32BDG_0225, ,	 107.48761, , , 0, , , , No, , , -6.84522, , , , , , , , , , , -6.84522, ce1d6700-f34d-11f0-80d8-0255ac12193b, , , , , , ,	 107.48761, , , , , ,	 486, , , , , , , , 1b6667a0-16df-11f1-8335-0255ac121094, 32BDG_0225, , true,	 1786017793915, 2026-08-06 12:03:13, e703fcc2-e165-11f0-a9fb-0255ac121097, , , , , , , TBG, , , , , No, No, No, , 
 2df57184-f362-11f0-82f8-0255ac12021f, , , , , , f343d1fb-e165-11f0-90da-0255ac121938, , , , f0a18f4d-6bd2-11f1-8cac-0255ac120ff9, , , , , 24da5886-5b4b-11f1-8fdf-0255ac12109b, TBG_CIPEUTANGMW_PANENJOANMW, , 9ffbdd8f-1797-11f1-b3b6-0255ac120212, 32BDG_0043, ,	 107.83723, , , 0, , , , No, , , -6.98325, , , , , , , , , , , -6.98325, ce1d6700-f34d-11f0-80d8-0255ac12193b, , , , , , ,	 107.83723, , , , , ,	 293, , , , , , , , 1b764605-16df-11f1-8335-0255ac121094, 32BDG_0043, , true,	 1786017793980, 2026-08-06 12:03:13, e703fcc2-e165-11f0-a9fb-0255ac121097, , , , , , , TBG, , , , , No, No, No, , 
 2df57184-f362-11f0-82f8-0255ac12021f, , , , , , f343d1fb-e165-11f0-90da-0255ac121938, , , , f0a18f4d-6bd2-11f1-8cac-0255ac120ff9, , , , , 2061b5ab-5d7f-11f1-a63d-0255ac1203fc, TBG_CIWANGI_SUKABUMI, , aa157741-1797-11f1-bdcd-0255ac121084, 32SKB_0029, ,	 106.9243, , , 0, , , , No, , , -6.92593, , , , , , , , , , , -6.92593, ce1d6700-f34d-11f0-80d8-0255ac12193b, , , , , , ,	 106.9243, , , , , , 82, , , , , , , , 1b76942f-16df-11f1-8335-0255ac121094, 32SKB_0029, , true,	 1786017794904, 2026-08-06 12:03:14, e703fcc2-e165-11f0-a9fb-0255ac121097, , , , , , , TBG, , , , , No, No, No, , 
 1ac88c88-0300-11f1-bdcd-0255ac121084, , , , , , f343d1fb-e165-11f0-90da-0255ac121938, , , , f0a18f4d-6bd2-11f1-8cac-0255ac120ff9, , , , , 257cd9dc-5b4b-11f1-8fdf-0255ac12109b, TBG_MASARAN, , 06887636-74a8-11f1-abfb-0255ac121dc0, 33SGN_0030, ,	 110.92975, , , 0, , , , No, , , -7.47225, , , , , , , , , , , -7.47225, ce1d6700-f34d-11f0-80d8-0255ac12193b, , , , , , ,	 110.92975, , , , , ,	 396, , , , , , , , 1b7a64f0-16df-11f1-8335-0255ac121094, 33SGN_0030, , true,	 1786017793993, 2026-08-06 12:03:13, b48c3ea5-fb2f-11f0-be90-0255ac120057, , , , , , , TBG, , , , , No, No, No, , 
 2df57184-f362-11f0-82f8-0255ac12021f, , , , , , f343d1fb-e165-11f0-90da-0255ac121938, , , , f0a18f4d-6bd2-11f1-8cac-0255ac120ff9, , , , , 24ed6b96-5b4b-11f1-8fdf-0255ac12109b, TBG_GROGOL, , 58ca3c25-2cb4-11f1-ab67-0255ac1208c4, 32CBN_0018, ,	 108.54113, , , 0, , , , No, , , -6.66811, , , , , , , , , , , -6.66811, ce1d6700-f34d-11f0-80d8-0255ac12193b, , , , , , ,	 108.54113, , , , , , 14, , , , , , , , 1b7ada30-16df-11f1-8335-0255ac121094, 32CBN_0018, , true,	 1786017793932, 2026-08-06 12:03:13, e703fcc2-e165-11f0-a9fb-0255ac121097, , , , , , , TBG, , , , , No, No, No, , 
 2df57184-f362-11f0-82f8-0255ac12021f, , , , , , f343d1fb-e165-11f0-90da-0255ac121938, , , , f0a18f4d-6bd2-11f1-8cac-0255ac120ff9, , , , , 205c3714-5d7f-11f1-a63d-0255ac1203fc, TBG_ALUNALUN_CIREBON, , 58ca3c25-2cb4-11f1-ab67-0255ac1208c4, 32CBN_0004, ,	 108.55656, , , 0, , , , No, , , -6.71195, , , , , , , , , , , -6.71195, ce1d6700-f34d-11f0-80d8-0255ac12193b, , , , , , ,	 108.55656, , , , , ,	 166, , , , , , , , 1b7c8737-16df-11f1-8335-0255ac121094, 32CBN_0004, , true,	 1786017793915, 2026-08-06 12:03:13, e703fcc2-e165-11f0-a9fb-0255ac121097, , , , , , , TBG, , , , , No, No, No, , 
 28c4b082-0303-11f1-b97b-0255ac120084, , , , , , f343d1fb-e165-11f0-90da-0255ac121938, , , , f0a18f4d-6bd2-11f1-8cac-0255ac120ff9, , , , , 25a5e65d-5b4b-11f1-8fdf-0255ac12109b, TBG_BUANG_SUARDO, , 47c35b4e-4eb8-11f1-a63d-0255ac1203fc, 36SRG_0012, ,	 106.15408, , , 0, , , , No, , , -6.11113, , , , , , , , , , , -6.11113, ce1d6700-f34d-11f0-80d8-0255ac12193b, , , , , , ,	 106.15408, , , , , ,	 651, , , , , , , , 1b803169-16df-11f1-8335-0255ac121094, 36SRG_0012, , true,	 1786017794002, 2026-08-06 12:03:13, e703fcc2-e165-11f0-a9fb-0255ac121097, , , , , , , TBG, , , , , No, No, No, , 
 25426cff-f362-11f0-8722-0255ac1208c5, , , , , , f343d1fb-e165-11f0-90da-0255ac121938, , , , f0a18f4d-6bd2-11f1-8cac-0255ac120ff9, , , , , 259c7057-5b4b-11f1-8fdf-0255ac12109b, TBG_IBS_SLEKO, , acf2ce12-1797-11f1-9066-0255ac121cb3, 35MAD_0011, ,	 111.51665, , , 0, , , , No, , , -7.63876, , , , , , , , , , , -7.63876, ce1d6700-f34d-11f0-80d8-0255ac12193b, , , , , , ,	 111.51665, , , , , , 10, , , , , , , , 1b803170-16df-11f1-8335-0255ac121094, 35MAD_0011, , true,	 1786017793995, 2026-08-06 12:03:13, e703fcc2-e165-11f0-a9fb-0255ac121097, , , , , , , TBG, , , , , No, No, No, , 
 2df57184-f362-11f0-82f8-0255ac12021f, , , , , , f343d1fb-e165-11f0-90da-0255ac121938, , , , f0a18f4d-6bd2-11f1-8cac-0255ac120ff9, , , , , 24f09ff3-5b4b-11f1-8fdf-0255ac12109b, TBG_DSJAYARAGA_INTANGRT, , 9a1a95b2-1797-11f1-b470-0255ac120236, 32GRT_0045, ,	 107.89928, , , 0, , , , No, , , -7.20838, , , , , , , , , , , -7.20838, ce1d6700-f34d-11f0-80d8-0255ac12193b, , , , , , ,	 107.89928, , , , , ,	 309, , , , , , , , 1b819036-16df-11f1-8335-0255ac121094, 32GRT_0045, , true,	 1786017794003, 2026-08-06 12:03:13, e703fcc2-e165-11f0-a9fb-0255ac121097, , , , , , , TBG, , , , , No, No, No, , 
 1ac88c88-0300-11f1-bdcd-0255ac121084, , , , , , f343d1fb-e165-11f0-90da-0255ac121938, , , , f0a18f4d-6bd2-11f1-8cac-0255ac120ff9, , , , , 24f3d44b-5b4b-11f1-8fdf-0255ac12109b, TBG_GUBUG_JATENG, , 58d9a589-2cb4-11f1-ab67-0255ac1208c4, 33PWD_0019, ,	 110.66705, , , 0, , , , No, , , -7.06651, , , , , , , , , , , -7.06651, ce1d6700-f34d-11f0-80d8-0255ac12193b, , , , , , ,	 110.66705, , , , , ,	 147, , , , , , , , 1b82056f-16df-11f1-8335-0255ac121094, 33PWD_0019, , true,	 1786017794382, 2026-08-06 12:03:14, b48c3ea5-fb2f-11f0-be90-0255ac120057, , , , , , , TBG, , , , , No, No, No, , 
 2df57184-f362-11f0-82f8-0255ac12021f, , , , , , f343d1fb-e165-11f0-90da-0255ac121938, , , , f0a18f4d-6bd2-11f1-8cac-0255ac120ff9, , , , , 258f50c2-5b4b-11f1-8fdf-0255ac12109b, TBG_NUSANTARA_DUREN_JAYA, , 47b0e452-4eb8-11f1-a63d-0255ac1203fc, 32BKS_0187, ,	 107.03128, , , 0, , , , No, , , -6.24486, , , , , , , , , , , -6.24486, ce1d6700-f34d-11f0-80d8-0255ac12193b, , , , , , ,	 107.03128, , , , , ,	 181, , , , , , , , 1b82c8d6-16df-11f1-8335-0255ac121094, 32BKS_0187, , true,	 1786017794012, 2026-08-06 12:03:13, e703fcc2-e165-11f0-a9fb-0255ac121097, , , , , , , TBG, , , , , No, No, No, , 
 28c4b082-0303-11f1-b97b-0255ac120084, , , , , , f343d1fb-e165-11f0-90da-0255ac121938, , , , f0a18f4d-6bd2-11f1-8cac-0255ac120ff9, , , , , 25577790-5b4b-11f1-8fdf-0255ac12109b, TBG_ALUN_ALUN_RANGKAS_BITUNG, , b74886dc-1797-11f1-8f47-0255ac121dc0, 36RKB_0003, ,	 106.25102, , , 0, , , , No, , , -6.36041, , , , , , , , , , , -6.36041, ce1d6700-f34d-11f0-80d8-0255ac12193b, , , , , , ,	 106.25102, , , , , ,	 638, , , , , , , , 1b83170d-16df-11f1-8335-0255ac121094, 36RKB_0003, , true,	 1786017794003, 2026-08-06 12:03:13, e703fcc2-e165-11f0-a9fb-0255ac121097, , , , , , , TBG, , , , , No, No, No, , 
 2df57184-f362-11f0-82f8-0255ac12021f, , , , , , f343d1fb-e165-11f0-90da-0255ac121938, , , , f0a18f4d-6bd2-11f1-8cac-0255ac120ff9, , , , , 258f50c2-5b4b-11f1-8fdf-0255ac12109b, TBG_KOTA_BARU, , 47b0e452-4eb8-11f1-a63d-0255ac1203fc, 32BKS_0188, ,	 106.96903, , , 0, , , , No, , , -6.21265, , , , , , , , , , , -6.21265, ce1d6700-f34d-11f0-80d8-0255ac12193b, , , , , , ,	 106.96903, , , , , ,	 109, , , , , , , , 1b8c3ebc-16df-11f1-8335-0255ac121094, 32BKS_0188, , true,	 1786017794019, 2026-08-06 12:03:14, e703fcc2-e165-11f0-a9fb-0255ac121097, , , , , , , TBG, , , , , No, No, No, , 
 1ac88c88-0300-11f1-bdcd-0255ac121084, , , , , , f343d1fb-e165-11f0-90da-0255ac121938, , , , f0a18f4d-6bd2-11f1-8cac-0255ac120ff9, , , , , 2552bc93-5b4b-11f1-8fdf-0255ac12109b, TBG_MANGKANG, , 9120c34a-1797-11f1-be90-0255ac120057, 33KDL_0016, ,	 110.25509, , , 0, , , , No, , , -6.96776, , , , , , , , , , , -6.96776, ce1d6700-f34d-11f0-80d8-0255ac12193b, , , , , , ,	 110.25509, , , , , ,	 139, , , , , , , , 1b8d5040-16df-11f1-8335-0255ac121094, 33KDL_0016, , true,	 1786017794025, 2026-08-06 12:03:14, b48c3ea5-fb2f-11f0-be90-0255ac120057, , , , , , , TBG, , , , , No, No, No, , 
 1ac88c88-0300-11f1-bdcd-0255ac121084, , , , , , f343d1fb-e165-11f0-90da-0255ac121938, , , , f0a18f4d-6bd2-11f1-8cac-0255ac120ff9, , , , , 2574eb46-5b4b-11f1-8fdf-0255ac12109b, TBG_KAMPUS_STIT_PEMALANG, , afde0691-1797-11f1-b148-0255ac1210a3, 33PML_0015, ,	 109.41354, , , 0, , , , No, , , -6.91421, , , , , , , , , , , -6.91421, ce1d6700-f34d-11f0-80d8-0255ac12193b, , , , , , ,	 109.41354, , , , , , 1, , , , , , , , 1b8d9e6a-16df-11f1-8335-0255ac121094, 33PML_0015, , true,	 1786017794079, 2026-08-06 12:03:14, e70a8cd9-e165-11f0-a9fb-0255ac121097, , , , , , , TBG, , , , , No, No, No, , 
 1ac88c88-0300-11f1-bdcd-0255ac121084, , , , , , f343d1fb-e165-11f0-90da-0255ac121938, , , , f0a18f4d-6bd2-11f1-8cac-0255ac120ff9, , , , , 25a940c5-5b4b-11f1-8fdf-0255ac12109b, TBG_IBS_BY_PASS, , b3f5645d-1797-11f1-b289-0255ac12100b, 33SKT_0015, ,	 110.80395, , , 0, , , , No, , , -7.54957, , , , , , , , , , , -7.54957, ce1d6700-f34d-11f0-80d8-0255ac12193b, , , , , , ,	 110.80395, , , , , ,	 370, , , , , , , , 1b8eaff9-16df-11f1-8335-0255ac121094, 33SKT_0015, , true,	 1786017794088, 2026-08-06 12:03:14, b48c3ea5-fb2f-11f0-be90-0255ac120057, , , , , , , TBG, , , , , No, No, No, , 
 25426cff-f362-11f0-8722-0255ac1208c5, , , , , , f343d1fb-e165-11f0-90da-0255ac121938, , , , f0a18f4d-6bd2-11f1-8cac-0255ac120ff9, , , , , 581ba28d-f34e-11f0-a8cb-0255ac1211f7, TBG_KEJAPANAN, , 9d3fcabe-1797-11f1-8d29-0255ac1218e4, 35PSN_0059, ,	 112.69038, , , 0, , , , No, , , -7.56911, , , , , , , , , , , -7.56911, ce1d6700-f34d-11f0-80d8-0255ac12193b, , , , , , ,	 112.69038, , , , , , 91, , , , , , , , 1b90d33e-16df-11f1-8335-0255ac121094, 35PSN_0059, , true,	 1786017794078, 2026-08-06 12:03:14, e703fcc2-e165-11f0-a9fb-0255ac121097, , , , , , , TBG, , , , , No, No, No, , 
 2df57184-f362-11f0-82f8-0255ac12021f, , , , , , f343d1fb-e165-11f0-90da-0255ac121938, , , , f0a18f4d-6bd2-11f1-8cac-0255ac120ff9, , , , , 24ed6b96-5b4b-11f1-8fdf-0255ac12109b, TBG_TEGALGUBUG, , 58ca3c25-2cb4-11f1-ab67-0255ac1208c4, 32CBN_0060, ,	 108.3841, , , 0, , , , No, , , -6.63161, , , , , , , , , , , -6.63161, ce1d6700-f34d-11f0-80d8-0255ac12193b, , , , , , ,	 108.3841, , , , , ,	 142, , , , , , , , 1b931c94-16df-11f1-8335-0255ac121094, 32CBN_0060, , true,	 1786017794115, 2026-08-06 12:03:14, e703fcc2-e165-11f0-a9fb-0255ac121097, , , , , , , TBG, , , , , No, No, No, , 
 2df57184-f362-11f0-82f8-0255ac12021f, , , , , , f343d1fb-e165-11f0-90da-0255ac121938, , , , f0a18f4d-6bd2-11f1-8cac-0255ac120ff9, , , , , 24dc2d51-5b4b-11f1-8fdf-0255ac12109b, TBG_CILAME_NGAMPRAH, , 58bfb47e-2cb4-11f1-ab67-0255ac1208c4, 32BDG_0227, ,	 107.51235, , , 0, , , , No, , , -6.8586, , , , , , , , , , , -6.8586, ce1d6700-f34d-11f0-80d8-0255ac12193b, , , , , , ,	 107.51235, , , , , ,	 365, , , , , , , , 1b9391d7-16df-11f1-8335-0255ac121094, 32BDG_0227, , true,	 1786017794119, 2026-08-06 12:03:14, e703fcc2-e165-11f0-a9fb-0255ac121097, , , , , , , TBG, , , , , No, No, No, , 
 2df57184-f362-11f0-82f8-0255ac12021f, , , , , , f343d1fb-e165-11f0-90da-0255ac121938, , , , f0a18f4d-6bd2-11f1-8cac-0255ac120ff9, , , , , 2595e090-5b4b-11f1-8fdf-0255ac12109b, TBG_MINTAREJA_LEUWIGAJAH, , 9ffbdd8f-1797-11f1-b3b6-0255ac120212, 32CMH_0020, ,	 107.55347, , , 0, , , , No, , , -6.89599, , , , , , , , , , , -6.89599, ce1d6700-f34d-11f0-80d8-0255ac12193b, , , , , , ,	 107.55347, , , , , ,	 200, , , , , , , , 1b940716-16df-11f1-8335-0255ac121094, 32CMH_0020, , true,	 1786017794220, 2026-08-06 12:03:14, e703fcc2-e165-11f0-a9fb-0255ac121097, , , , , , , TBG, , , , , No, No, No, , 
 2df57184-f362-11f0-82f8-0255ac12021f, , , , , , f343d1fb-e165-11f0-90da-0255ac121938, , , , f0a18f4d-6bd2-11f1-8cac-0255ac120ff9, , , , , 24dc2d51-5b4b-11f1-8fdf-0255ac12109b, TBG_CIAMPEL_INDAH, , 58bfb47e-2cb4-11f1-ab67-0255ac1208c4, 32BDG_0228, ,	 107.50165, , , 0, , , , No, , , -6.88123, , , , , , , , , , , -6.88123, ce1d6700-f34d-11f0-80d8-0255ac12193b, , , , , , ,	 107.50165, , , , , ,	 228, , , , , , , , 1b9e1948-16df-11f1-8335-0255ac121094, 32BDG_0228, , true,	 1786017794211, 2026-08-06 12:03:14, e703fcc2-e165-11f0-a9fb-0255ac121097, , , , , , , TBG, , , , , No, No, No, , 
 1ac88c88-0300-11f1-bdcd-0255ac121084, , , , , , f343d1fb-e165-11f0-90da-0255ac121938, , , , f0a18f4d-6bd2-11f1-8cac-0255ac120ff9, , , , , 254bdea6-5b4b-11f1-8fdf-0255ac12109b, TBG_ADISUMARMO, , b3f5645d-1797-11f1-b289-0255ac12100b, 33KRG_0005, ,	 110.75242, , , 0, , , , No, , , -7.53104, , , , , , , , , , , -7.53104, ce1d6700-f34d-11f0-80d8-0255ac12193b, , , , , , ,	 110.75242, , , , , , 28, , , , , , , , 1ba126ed-16df-11f1-8335-0255ac121094, 33KRG_0005, , true,	 1786017794225, 2026-08-06 12:03:14, b48c3ea5-fb2f-11f0-be90-0255ac120057, , , , , , , TBG, , , , , No, No, No, , 
 2df57184-f362-11f0-82f8-0255ac12021f, , , , , , f343d1fb-e165-11f0-90da-0255ac121938, , , , f0a18f4d-6bd2-11f1-8cac-0255ac120ff9, , , , , 7baa6b5b-f34e-11f0-a8cb-0255ac1211f7, TBG_HASANUDIN_KB_KELAPA, , 47b0e452-4eb8-11f1-a63d-0255ac1203fc, 32BKS_0190, ,	 107.05646, , , 0, , , , No, , , -6.26881, , , , , , , , , , , -6.26881, ce1d6700-f34d-11f0-80d8-0255ac12193b, , , , , , ,	 107.05646, , , , , ,	 960, , , , , , , , 1ba80421-16df-11f1-8335-0255ac121094, 32BKS_0190, , true,	 1786017794195, 2026-08-06 12:03:14, e703fcc2-e165-11f0-a9fb-0255ac121097, , , , , , , TBG, , , , , No, No, No, , 
 25426cff-f362-11f0-8722-0255ac1208c5, , , , , , f343d1fb-e165-11f0-90da-0255ac121938, , , , f0a18f4d-6bd2-11f1-8cac-0255ac120ff9, , , , , 0980097b-f34e-11f0-80d8-0255ac12193b, TBG_CITRAGARDEN, , 9784a8b3-1797-11f1-8e49-0255ac121206, 35SDA_0148, ,	 112.69786, , , 0, , , , No, , , -7.430371, , , , , , , , , , , -7.430371, ce1d6700-f34d-11f0-80d8-0255ac12193b, , , , , , ,	 112.69786, , , , , , 51, , , , , , , , 1ba963e5-16df-11f1-8335-0255ac121094, 35SDA_0148, , true,	 1786017794200, 2026-08-06 12:03:14, e703fcc2-e165-11f0-a9fb-0255ac121097, , , , , , , TBG, , , , , No, No, No, , 
 28c4b082-0303-11f1-b97b-0255ac120084, , , , , , f343d1fb-e165-11f0-90da-0255ac121938, , , , f0a18f4d-6bd2-11f1-8cac-0255ac120ff9, , , , , 259459e6-5b4b-11f1-8fdf-0255ac12109b, TBG_PELABUHAN_FERRY_MERAK, , 47c35b4e-4eb8-11f1-a63d-0255ac1203fc, 36CLG_0004, ,	 105.99908, , , 0, , , , No, , , -5.93089, , , , , , , , , , , -5.93089, ce1d6700-f34d-11f0-80d8-0255ac12193b, , , , , , ,	 105.99908, , , , , ,	 1026, , , , , , , , 1bab86fe-16df-11f1-8335-0255ac121094, 36CLG_0004, , true,	 1786017794194, 2026-08-06 12:03:14, e703fcc2-e165-11f0-a9fb-0255ac121097, , , , , , , TBG, , , , , No, No, No, , 
 1ac88c88-0300-11f1-bdcd-0255ac121084, , , , , , f343d1fb-e165-11f0-90da-0255ac121938, , , , f0a18f4d-6bd2-11f1-8cac-0255ac120ff9, , , , , 25820a13-5b4b-11f1-8fdf-0255ac12109b, TBG_PALUR_KARANGANYAR, , b3f5645d-1797-11f1-b289-0255ac12100b, 33SKH_0023, ,	 110.88054, , , 0, , , , No, , , -7.57962, , , , , , , , , , , -7.57962, ce1d6700-f34d-11f0-80d8-0255ac12193b, , , , , , ,	 110.88054, , , , , ,	 109, , , , , , , , 1bace6cf-16df-11f1-8335-0255ac121094, 33SKH_0023, , true,	 1786017794196, 2026-08-06 12:03:14, b48c3ea5-fb2f-11f0-be90-0255ac120057, , , , , , , TBG, , , , , No, No, No, , 
 28c4b082-0303-11f1-b97b-0255ac120084, , , , , , f343d1fb-e165-11f0-90da-0255ac121938, , , , f0a18f4d-6bd2-11f1-8cac-0255ac120ff9, , , , , 25aac768-5b4b-11f1-8fdf-0255ac12109b, TBG_BUDI_INDAH, , 856a9036-1797-11f1-b28c-0255ac12007b, 36TNG_0004, ,	 106.68121, , , 0, , , , No, , , -6.16729, , , , , , , , , , , -6.16729, ce1d6700-f34d-11f0-80d8-0255ac12193b, , , , , , ,	 106.68121, , , , , ,	 728, , , , , , , , 1bace6d3-16df-11f1-8335-0255ac121094, 36TNG_0004, , true,	 1786017794192, 2026-08-06 12:03:14, e703fcc2-e165-11f0-a9fb-0255ac121097, , , , , , , TBG, , , , , No, No, No, , 
 1ac88c88-0300-11f1-bdcd-0255ac121084, , , , , , f343d1fb-e165-11f0-90da-0255ac121938, , , , f0a18f4d-6bd2-11f1-8cac-0255ac120ff9, , , , , 24e4dfff-5b4b-11f1-8fdf-0255ac12109b, TBG_KALIERANG_BUMIAYU, , ce2b4a23-74a7-11f1-9cdd-0255ac1211fc, 33BBS_0029, ,	 109.00759, , , 0, , , , No, , , -7.2587, , , , , , , , , , , -7.2587, ce1d6700-f34d-11f0-80d8-0255ac12193b, , , , , , ,	 109.00759, , , , , ,	 362, , , , , , , , 1baf7e4d-16df-11f1-8335-0255ac121094, 33BBS_0029, , true,	 1786017794230, 2026-08-06 12:03:14, b48c3ea5-fb2f-11f0-be90-0255ac120057, , , , , , , TBG, , , , , No, No, No, , 
 2df57184-f362-11f0-82f8-0255ac12021f, , , , , , f343d1fb-e165-11f0-90da-0255ac121938, , , , f0a18f4d-6bd2-11f1-8cac-0255ac120ff9, , , , , 24e86274-5b4b-11f1-8fdf-0255ac12109b, TBG_SUKAMANAHKARANGTENGAH, , aa157741-1797-11f1-bdcd-0255ac121084, 32CJR_0011, ,	 107.165635, , , 0, , , , No, , , -6.82906, , , , , , , , , , , -6.82906, ce1d6700-f34d-11f0-80d8-0255ac12193b, , , , , , ,	 107.165635, , , , , ,	 822, , , , , , , , 1bb08fe2-16df-11f1-8335-0255ac121094, 32CJR_0011, , true,	 1786017794214, 2026-08-06 12:03:14, e703fcc2-e165-11f0-a9fb-0255ac121097, , , , , , , TBG, , , , , No, No, No, , 
 2df57184-f362-11f0-82f8-0255ac12021f, , , , , , f343d1fb-e165-11f0-90da-0255ac121938, , , , f0a18f4d-6bd2-11f1-8cac-0255ac120ff9, , , , , 2061b5ab-5d7f-11f1-a63d-0255ac1203fc, TBG_SUKABUMI_KOTA, , aa157741-1797-11f1-bdcd-0255ac121084, 32SKB_0030, ,	 106.92845, , , 0, , , , No, , , -6.91598, , , , , , , , , , , -6.91598, ce1d6700-f34d-11f0-80d8-0255ac12193b, , , , , , ,	 106.92845, , , , , , 22, , , , , , , , 1bb1c883-16df-11f1-8335-0255ac121094, 32SKB_0030, , true,	 1786017794239, 2026-08-06 12:03:14, e703fcc2-e165-11f0-a9fb-0255ac121097, , , , , , , TBG, , , , , No, No, No, , 
 2df57184-f362-11f0-82f8-0255ac12021f, , , , , , f343d1fb-e165-11f0-90da-0255ac121938, , , , f0a18f4d-6bd2-11f1-8cac-0255ac120ff9, , , , , 24f58204-5b4b-11f1-8fdf-0255ac12109b, TBG_JATIBARANG_1, , 81efa9e8-58b8-11f1-a63d-0255ac1203fc, 32IDM_0025, ,	 108.31258, , , 0, , , , No, , , -6.47632, , , , , , , , , , , -6.47632, ce1d6700-f34d-11f0-80d8-0255ac12193b, , , , , , ,	 108.31258, , , , , ,	 199, , , , , , , , 1bbbda9a-16df-11f1-8335-0255ac121094, 32IDM_0025, , true,	 1786017794331, 2026-08-06 12:03:14, e703fcc2-e165-11f0-a9fb-0255ac121097, , , , , , , TBG, , , , , No, No, No, , 
 2df57184-f362-11f0-82f8-0255ac12021f, , , , , , f343d1fb-e165-11f0-90da-0255ac121938, , , , f0a18f4d-6bd2-11f1-8cac-0255ac120ff9, , , , , 24dc2d51-5b4b-11f1-8fdf-0255ac12109b, TBG_SIMPANG_UTARA_KERTAJAYA_PADALARANG, , 58bfb47e-2cb4-11f1-ab67-0255ac1208c4, 32BDG_0230, ,	 107.50096, , , 0, , , , No, , , -6.84276, , , , , , , , , , , -6.84276, ce1d6700-f34d-11f0-80d8-0255ac12193b, , , , , , ,	 107.50096, , , , , ,	 400, , , , , , , , 1bbd3a5f-16df-11f1-8335-0255ac121094, 32BDG_0230, , true,	 1786017794280, 2026-08-06 12:03:14, e703fcc2-e165-11f0-a9fb-0255ac121097, , , , , , , TBG, , , , , No, No, No, , 
 2df57184-f362-11f0-82f8-0255ac12021f, , , , , , f343d1fb-e165-11f0-90da-0255ac121938, , , , f0a18f4d-6bd2-11f1-8cac-0255ac120ff9, , , , , 25ac4e0d-5b4b-11f1-8fdf-0255ac12109b, TBG_INDIHIANG, , 9a1a95b2-1797-11f1-b470-0255ac120236, 32TSM_0014, ,	 108.19933, , , 0, , , , No, , , -7.29161, , , , , , , , , , , -7.29161, ce1d6700-f34d-11f0-80d8-0255ac12193b, , , , , , ,	 108.19933, , , , , ,	 377, , , , , , , , 1bbe72f5-16df-11f1-8335-0255ac121094, 32TSM_0014, , true,	 1786017794641, 2026-08-06 12:03:14, e703fcc2-e165-11f0-a9fb-0255ac121097, , , , , , , TBG, , , , , No, No, No, , 
 25426cff-f362-11f0-8722-0255ac1208c5, , , , , , f343d1fb-e165-11f0-90da-0255ac121938, , , , f0a18f4d-6bd2-11f1-8cac-0255ac120ff9, , , , , 0980097b-f34e-11f0-80d8-0255ac12193b, TBG_DELTASARI_INDAH, , 9784a8b3-1797-11f1-8e49-0255ac121206, 35SDA_0036, ,	 112.73362, , , 0, , , , No, , , -7.36234, , , , , , , , , , , -7.36234, ce1d6700-f34d-11f0-80d8-0255ac12193b, , , , , , ,	 112.73362, , , , , , 56, , , , , , , , 1bbfab8c-16df-11f1-8335-0255ac121094, 35SDA_0036, , true,	 1786017794643, 2026-08-06 12:03:14, e703fcc2-e165-11f0-a9fb-0255ac121097, , , , , , , TBG, , , , , No, No, No, , 
 1ac88c88-0300-11f1-bdcd-0255ac121084, , , , , , f343d1fb-e165-11f0-90da-0255ac121938, , , , f0a18f4d-6bd2-11f1-8cac-0255ac120ff9, , , , , 24eb6fb8-5b4b-11f1-8fdf-0255ac12109b, TBG_CILACAP_TENGAH, , 4780acb3-4eb8-11f1-a63d-0255ac1203fc, 33CLP_0011, ,	 109.00458, , , 0, , , , No, , , -7.72135, , , , , , , , , , , -7.72135, ce1d6700-f34d-11f0-80d8-0255ac12193b, , , , , , ,	 109.00458, , , , , ,	 112, , , , , , , , 1bc047d4-16df-11f1-8335-0255ac121094, 33CLP_0011, , true,	 1786017794329, 2026-08-06 12:03:14, b48c3ea5-fb2f-11f0-be90-0255ac120057, , , , , , , TBG, , , , , No, No, No, , 
 1ac88c88-0300-11f1-bdcd-0255ac121084, , , , , , f343d1fb-e165-11f0-90da-0255ac121938, , , , f0a18f4d-6bd2-11f1-8cac-0255ac120ff9, , , , , 2586ec26-5b4b-11f1-8fdf-0255ac12109b, TBG_SURODADI, , 590d86e8-2cb4-11f1-ab67-0255ac1208c4, 33TGL_0013, ,	 109.27782, , , 0, , , , No, , , -6.87632, , , , , , , , , , , -6.87632, ce1d6700-f34d-11f0-80d8-0255ac12193b, , , , , , ,	 109.27782, , , , , ,	 244, , , , , , , , 1c335429-16df-11f1-9eb3-0255ac1218dd, 33TGL_0013, , true,	 1786017794390, 2026-08-06 12:03:14, e70a8cd9-e165-11f0-a9fb-0255ac121097, , , , , , , TBG, , , , , No, No, No, , 
 1ac88c88-0300-11f1-bdcd-0255ac121084, , , , , , f343d1fb-e165-11f0-90da-0255ac121938, , , , f0a18f4d-6bd2-11f1-8cac-0255ac120ff9, , , , , 25adfbc2-5b4b-11f1-8fdf-0255ac12109b, TBG_TBG_TEGAL_BARAT, , 590d86e8-2cb4-11f1-ab67-0255ac1208c4, 33TGL_0007, ,	 109.12434, , , 0, , , , No, , , -6.85863, , , , , , , , , , , -6.85863, ce1d6700-f34d-11f0-80d8-0255ac12193b, , , , , , ,	 109.12434, , , , , ,	 227, , , , , , , , 1c33542c-16df-11f1-9eb3-0255ac1218dd, 33TGL_0007, , true,	 1786017794385, 2026-08-06 12:03:14, b48c3ea5-fb2f-11f0-be90-0255ac120057, , , , , , , TBG, , , , , No, No, No, , 
 28c4b082-0303-11f1-b97b-0255ac120084, , , , , , f343d1fb-e165-11f0-90da-0255ac121938, , , , f0a18f4d-6bd2-11f1-8cac-0255ac120ff9, , , , , 25a5e65d-5b4b-11f1-8fdf-0255ac12109b, TBG_DS_CILAKU, , 47c35b4e-4eb8-11f1-a63d-0255ac1203fc, 36SRG_0001, ,	 106.15707, , , 0, , , , No, , , -6.12958, , , , , , , , , , , -6.12958, ce1d6700-f34d-11f0-80d8-0255ac12193b, , , , , , ,	 106.15707, , , , , , 55, , , , , , , , 1c337b3e-16df-11f1-9eb3-0255ac1218dd, 36SRG_0001, , true,	 1786017794336, 2026-08-06 12:03:14, b489f5a1-fb2f-11f0-be90-0255ac120057, , , , , , , TBG, , , , , No, No, No, , 
 25426cff-f362-11f0-8722-0255ac1208c5, , , , , , f343d1fb-e165-11f0-90da-0255ac121938, , , , f0a18f4d-6bd2-11f1-8cac-0255ac120ff9, , , , , 0980097b-f34e-11f0-80d8-0255ac12193b, TBG_TANGGULANGINKALISAMPURNO1, , 9784a8b3-1797-11f1-8e49-0255ac121206, 35SDA_0151, ,	 112.70073, , , 0, , , , No, , , -7.50515, , , , , , , , , , , -7.50515, ce1d6700-f34d-11f0-80d8-0255ac12193b, , , , , , ,	 112.70073, , , , , ,	 283, , , , , , , , 1c33a251-16df-11f1-9eb3-0255ac1218dd, 35SDA_0151, , true,	 1786017794321, 2026-08-06 12:03:14, e703fcc2-e165-11f0-a9fb-0255ac121097, , , , , , , TBG, , , , , No, No, No, , 
 1ac88c88-0300-11f1-bdcd-0255ac121084, , , , , , f343d1fb-e165-11f0-90da-0255ac121938, , , , f0a18f4d-6bd2-11f1-8cac-0255ac120ff9, , , , , 2574eb46-5b4b-11f1-8fdf-0255ac12109b, TBG_SIKAYU_PEMALANG, , afde0691-1797-11f1-b148-0255ac1210a3, 33PML_0030, ,	 109.53424, , , 0, , , , No, , , -6.90799, , , , , , , , , , , -6.90799, ce1d6700-f34d-11f0-80d8-0255ac12193b, , , , , , ,	 109.53424, , , , , ,	 144, , , , , , , , 1c33c965-16df-11f1-9eb3-0255ac1218dd, 33PML_0030, , true,	 1786017794392, 2026-08-06 12:03:14, b48c3ea5-fb2f-11f0-be90-0255ac120057, , , , , , , TBG, , , , , No, No, No, , 
 1ac88c88-0300-11f1-bdcd-0255ac121084, , , , , , f343d1fb-e165-11f0-90da-0255ac121938, , , , f0a18f4d-6bd2-11f1-8cac-0255ac120ff9, , , , , 254f3a14-5b4b-11f1-8fdf-0255ac12109b, TBG_KEBUMEN_KEBUMEN, , 58e31b1a-2cb4-11f1-ab67-0255ac1208c4, 33KBM_0018, ,	 109.67818, , , 0, , , , No, , , -7.68696, , , , , , , , , , , -7.68696, ce1d6700-f34d-11f0-80d8-0255ac12193b, , , , , , ,	 109.67818, , , , , ,	 535, , , , , , , , 1c3e50ba-16df-11f1-9eb3-0255ac1218dd, 33KBM_0018, , true,	 1786017794374, 2026-08-06 12:03:14, b48c3ea5-fb2f-11f0-be90-0255ac120057, , , , , , , TBG, , , , , No, No, No, , 
 2d1992c8-0300-11f1-8f47-0255ac121dc0, , , , , , f343d1fb-e165-11f0-90da-0255ac121938, , , , f0a18f4d-6bd2-11f1-8cac-0255ac120ff9, , , , , 24dddb08-5b4b-11f1-8fdf-0255ac12109b, TBG_BANGUNTAPAN_BANTUL_1, , 8dbc3c11-1797-11f1-8caf-0255ac1211f5, 34BTL_0028, ,	 110.40717, , , 0, , , , No, , , -7.82591, , , , , , , , , , , -7.82591, ce1d6700-f34d-11f0-80d8-0255ac12193b, , , , , , ,	 110.40717, , , , , , 60, , , , , , , , 1c3f1426-16df-11f1-9eb3-0255ac1218dd, 34BTL_0028, , true,	 1786017794411, 2026-08-06 12:03:14, b493b903-fb2f-11f0-be90-0255ac120057, , , , , , , TBG, , , , , No, No, No, , 
 25426cff-f362-11f0-8722-0255ac1208c5, , , , , , f343d1fb-e165-11f0-90da-0255ac121938, , , , f0a18f4d-6bd2-11f1-8cac-0255ac120ff9, , , , , fe211e91-f34d-11f0-b617-0255ac1205c2, TBG_TURI, , 58aaf430-2cb4-11f1-ab67-0255ac1208c4, 35LMG_0009, ,	 112.4071, , , 0, , , , No, , , -7.08879, , , , , , , , , , , -7.08879, ce1d6700-f34d-11f0-80d8-0255ac12193b, , , , , , ,	 112.4071, , , , , ,	 301, , , , , , , , 1c3fb071-16df-11f1-9eb3-0255ac1218dd, 35LMG_0009, , true,	 1786017794406, 2026-08-06 12:03:14, e703fcc2-e165-11f0-a9fb-0255ac121097, , , , , , , TBG, , , , , No, No, No, , 
 1ac88c88-0300-11f1-bdcd-0255ac121084, , , , , , f343d1fb-e165-11f0-90da-0255ac121938, , , , f0a18f4d-6bd2-11f1-8cac-0255ac120ff9, , , , , 25a940c5-5b4b-11f1-8fdf-0255ac12109b, TBG_SINGOSAREN_PLAZA, , b3f5645d-1797-11f1-b289-0255ac12100b, 33SKT_0020, ,	 110.82124, , , 0, , , , No, , , -7.57237, , , , , , , , , , , -7.57237, ce1d6700-f34d-11f0-80d8-0255ac12193b, , , , , , ,	 110.82124, , , , , , 92, , , , , , , , 1c3fd789-16df-11f1-9eb3-0255ac1218dd, 33SKT_0020, , true,	 1786017794485, 2026-08-06 12:03:14, b48c3ea5-fb2f-11f0-be90-0255ac120057, , , , , , , TBG, , , , , No, No, No, , 
 25426cff-f362-11f0-8722-0255ac1208c5, , , , , , f343d1fb-e165-11f0-90da-0255ac121938, , , , f0a18f4d-6bd2-11f1-8cac-0255ac120ff9, , , , , 205e0bf4-5d7f-11f1-a63d-0255ac1203fc, TBG_KALIOMBOTBG, , 47a4af2f-4eb8-11f1-a63d-0255ac1203fc, 35KDR_0050, ,	 112.01402, , , 0, , , , No, , , -7.83776, , , , , , , , , , , -7.83776, ce1d6700-f34d-11f0-80d8-0255ac12193b, , , , , , ,	 112.01402, , , , , , 48, , , , , , , , 1c3fd78a-16df-11f1-9eb3-0255ac1218dd, 35KDR_0050, , true,	 1786017794477, 2026-08-06 12:03:14, e703fcc2-e165-11f0-a9fb-0255ac121097, , , , , , , TBG, , , , , No, No, No, , 
 28c4b082-0303-11f1-b97b-0255ac120084, , , , , , f343d1fb-e165-11f0-90da-0255ac121938, , , , f0a18f4d-6bd2-11f1-8cac-0255ac120ff9, , , , , 25aac768-5b4b-11f1-8fdf-0255ac12109b, TBG_JLN_BANTEN_BETAWI_TNG, , 856a9036-1797-11f1-b28c-0255ac12007b, 36TNG_0009, ,	 106.65634, , , 0, , , , No, , , -6.17408, , , , , , , , , , , -6.17408, ce1d6700-f34d-11f0-80d8-0255ac12193b, , , , , , ,	 106.65634, , , , , ,	 218, , , , , , , , 1c3ffe9c-16df-11f1-9eb3-0255ac1218dd, 36TNG_0009, , true,	 1786017794803, 2026-08-06 12:03:14, e703fcc2-e165-11f0-a9fb-0255ac121097, , , , , , , TBG, , , , , No, No, No, , 
 2d1992c8-0300-11f1-8f47-0255ac121dc0, , , , , , f343d1fb-e165-11f0-90da-0255ac121938, , , , f0a18f4d-6bd2-11f1-8cac-0255ac120ff9, , , , , 257a68bf-5b4b-11f1-8fdf-0255ac12109b, TBG_CATUR_TUNGGAL, , 8dbc3c11-1797-11f1-8caf-0255ac1211f5, 34SMN_0006, ,	 110.40397, , , 0, , , , No, , , -7.77817, , , , , , , , , , , -7.77817, ce1d6700-f34d-11f0-80d8-0255ac12193b, , , , , , ,	 110.40397, , , , , ,	 129, , , , , , , , 1c415e3c-16df-11f1-9eb3-0255ac1218dd, 34SMN_0006, , true,	 1786017794504, 2026-08-06 12:03:14, b493b903-fb2f-11f0-be90-0255ac120057, , , , , , , TBG, , , , , No, No, No, , 
 25426cff-f362-11f0-8722-0255ac1208c5, , , , , , f343d1fb-e165-11f0-90da-0255ac121938, , , , f0a18f4d-6bd2-11f1-8cac-0255ac120ff9, , , , , 0980097b-f34e-11f0-80d8-0255ac12193b, TBG_KALITENGAH_SDA_SDA, , 9784a8b3-1797-11f1-8e49-0255ac121206, 35SDA_0152, ,	 112.71811, , , 0, , , , No, , , -7.50633, , , , , , , , , , , -7.50633, ce1d6700-f34d-11f0-80d8-0255ac12193b, , , , , , ,	 112.71811, , , , , ,	 697, , , , , , , , 1c4751a2-16df-11f1-9eb3-0255ac1218dd, 35SDA_0152, , true,	 1786017794494, 2026-08-06 12:03:14, e703fcc2-e165-11f0-a9fb-0255ac121097, , , , , , , TBG, , , , , No, No, No, , 
 1ac88c88-0300-11f1-bdcd-0255ac121084, , , , , , f343d1fb-e165-11f0-90da-0255ac121938, , , , f0a18f4d-6bd2-11f1-8cac-0255ac120ff9, , , , , 25820a13-5b4b-11f1-8fdf-0255ac12109b, TBG_PONDOK_SUKOHARJO_RELOK, , b3f5645d-1797-11f1-b289-0255ac12100b, 33SKH_0024, ,	 110.72948, , , 0, , , , No, , , -7.58349, , , , , , , , , , , -7.58349, ce1d6700-f34d-11f0-80d8-0255ac12193b, , , , , , ,	 110.72948, , , , , , 42, , , , , , , , 1c48150f-16df-11f1-9eb3-0255ac1218dd, 33SKH_0024, , true,	 1786017795423, 2026-08-06 12:03:15, b48c3ea5-fb2f-11f0-be90-0255ac120057, , , , , , , TBG, , , , , No, No, No, , 
 25426cff-f362-11f0-8722-0255ac1208c5, , , , , , f343d1fb-e165-11f0-90da-0255ac121938, , , , f0a18f4d-6bd2-11f1-8cac-0255ac120ff9, , , , , 2590fe7a-5b4b-11f1-8fdf-0255ac12109b, TBG_SANANWETAN_GERIT, , 835ac3d2-74a7-11f1-b24a-0255ac120ffd, 35BLT_0015, ,	 112.178908, , , 0, , , , No, , , -8.090969, , , , , , , , , , , -8.090969, ce1d6700-f34d-11f0-80d8-0255ac12193b, , , , , , ,	 112.178908, , , , , , 39, , , , , , , , 1c4974c6-16df-11f1-9eb3-0255ac1218dd, 35BLT_0015, , true,	 1786017795416, 2026-08-06 12:03:14, e703fcc2-e165-11f0-a9fb-0255ac121097, , , , , , , TBG, , , , , No, No, No, , 
 25426cff-f362-11f0-8722-0255ac1208c5, , , , , , f343d1fb-e165-11f0-90da-0255ac121938, , , , f0a18f4d-6bd2-11f1-8cac-0255ac120ff9, , , , , 581ba28d-f34e-11f0-a8cb-0255ac1211f7, TBG_BANGIL, , 9d3fcabe-1797-11f1-8d29-0255ac1218e4, 35PSN_0025, ,	 112.79584, , , 0, , , , No, , , -7.60156, , , , , , , , , , , -7.60156, ce1d6700-f34d-11f0-80d8-0255ac12193b, , , , , , ,	 112.79584, , , , , , 3, , , , , , , , 1c4e5689-16df-11f1-9eb3-0255ac1218dd, 35PSN_0025, , true,	 1786017794675, 2026-08-06 12:03:14, e70a8cd9-e165-11f0-a9fb-0255ac121097, , , , , , , TBG, , , , , No, No, No, , 
 2df57184-f362-11f0-82f8-0255ac12021f, , , , , , f343d1fb-e165-11f0-90da-0255ac121938, , , , f0a18f4d-6bd2-11f1-8cac-0255ac120ff9, , , , , 7685bc47-f34e-11f0-8acc-0255ac121003, TBG_SOMANG_PARUNG_PANJANG, , b74886dc-1797-11f1-8f47-0255ac121dc0, 32BGR_0113, ,	 106.56437, , , 0, , , , No, , , -6.35767, , , , , , , , , , , -6.35767, ce1d6700-f34d-11f0-80d8-0255ac12193b, , , , , , ,	 106.56437, , , , , ,	 142, , , , , , , , 1c4ea4af-16df-11f1-9eb3-0255ac1218dd, 32BGR_0113, , true,	 1786017794647, 2026-08-06 12:03:14, e703fcc2-e165-11f0-a9fb-0255ac121097, , , , , , , TBG, , , , , No, No, No, , 
 1ac88c88-0300-11f1-bdcd-0255ac121084, , , , , , f343d1fb-e165-11f0-90da-0255ac121938, , , , f0a18f4d-6bd2-11f1-8cac-0255ac120ff9, , , , , 25adfbc2-5b4b-11f1-8fdf-0255ac12109b, TBG_MINTARAGEN_TEGAL_TIMUR, , 590d86e8-2cb4-11f1-ab67-0255ac1208c4, 33TGL_0001, ,	 109.13724, , , 0, , , , No, , , -6.86286, , , , , , , , , , , -6.86286, ce1d6700-f34d-11f0-80d8-0255ac12193b, , , , , , ,	 109.13724, , , , , ,	 133, , , , , , , , 1c4ef2d4-16df-11f1-9eb3-0255ac1218dd, 33TGL_0001, , true,	 1786017794646, 2026-08-06 12:03:14, b48c3ea5-fb2f-11f0-be90-0255ac120057, , , , , , , TBG, , , , , No, No, No, , 
 28c4b082-0303-11f1-b97b-0255ac120084, , , , , , f343d1fb-e165-11f0-90da-0255ac121938, , , , f0a18f4d-6bd2-11f1-8cac-0255ac120ff9, , , , , 25aac768-5b4b-11f1-8fdf-0255ac12109b, TBG_TANGERANG, , 856a9036-1797-11f1-b28c-0255ac12007b, 36TNG_0008, ,	 106.6272, , , 0, , , , No, , , -6.169, , , , , , , , , , , -6.169, ce1d6700-f34d-11f0-80d8-0255ac12193b, , , , , , ,	 106.6272, , , , , ,	 257, , , , , , , , 1c4f19e9-16df-11f1-9eb3-0255ac1218dd, 36TNG_0008, , true,	 1786017794689, 2026-08-06 12:03:14, e703fcc2-e165-11f0-a9fb-0255ac121097, , , , , , , TBG, , , , , No, No, No, , 
 1ac88c88-0300-11f1-bdcd-0255ac121084, , , , , , f343d1fb-e165-11f0-90da-0255ac121938, , , , f0a18f4d-6bd2-11f1-8cac-0255ac120ff9, , , , , 24eb6fb8-5b4b-11f1-8fdf-0255ac12109b, TBG_GUMILIR_CILACAP_UTARA, , 477bca99-4eb8-11f1-a63d-0255ac1203fc, 33CLP_0006, ,	 109.04734, , , 0, , , , No, , , -7.68157, , , , , , , , , , , -7.68157, ce1d6700-f34d-11f0-80d8-0255ac12193b, , , , , , ,	 109.04734, , , , , ,	 288, , , , , , , , 1c4fdd49-16df-11f1-9eb3-0255ac1218dd, 33CLP_0006, , true,	 1786017794642, 2026-08-06 12:03:14, b48c3ea5-fb2f-11f0-be90-0255ac120057, , , , , , , TBG, , , , , No, No, No, , 
 1ac88c88-0300-11f1-bdcd-0255ac121084, , , , , , f343d1fb-e165-11f0-90da-0255ac121938, , , , f0a18f4d-6bd2-11f1-8cac-0255ac120ff9, , , , , 2574eb46-5b4b-11f1-8fdf-0255ac12109b, TBG_BEJI, , 590d86e8-2cb4-11f1-ab67-0255ac1208c4, 33PML_0005, ,	 109.40784, , , 0, , , , No, , , -6.89575, , , , , , , , , , , -6.89575, ce1d6700-f34d-11f0-80d8-0255ac12193b, , , , , , ,	 109.40784, , , , , ,	 759, , , , , , , , 1c505284-16df-11f1-9eb3-0255ac1218dd, 33PML_0005, , true,	 1786017794659, 2026-08-06 12:03:14, b48c3ea5-fb2f-11f0-be90-0255ac120057, , , , , , , TBG, , , , , No, No, No, , 
 25426cff-f362-11f0-8722-0255ac1208c5, , , , , , f343d1fb-e165-11f0-90da-0255ac121938, , , , f0a18f4d-6bd2-11f1-8cac-0255ac120ff9, , , , , 0f09bb51-f34e-11f0-b617-0255ac1205c2, TBG_AJUNG, , a73bf14a-1797-11f1-a4c0-0255ac12094c, 35JMR_0055, ,	 113.65661, , , 0, , , , No, , , -8.2051, , , , , , , , , , , -8.2051, ce1d6700-f34d-11f0-80d8-0255ac12193b, , , , , , ,	 113.65661, , , , , ,	 185, , , , , , , , 1c54bf0f-16df-11f1-9eb3-0255ac1218dd, 35JMR_0055, , true,	 1786017794732, 2026-08-06 12:03:14, e703fcc2-e165-11f0-a9fb-0255ac121097, , , , , , , TBG, , , , , No, No, No, , 
 2d1992c8-0300-11f1-8f47-0255ac121dc0, , , , , , f343d1fb-e165-11f0-90da-0255ac121938, , , , f0a18f4d-6bd2-11f1-8cac-0255ac120ff9, , , , , 24dddb08-5b4b-11f1-8fdf-0255ac12109b, TBG_IBS_KETANDAN, , 8dbc3c11-1797-11f1-8caf-0255ac1211f5, 34BTL_0002, ,	 110.41001, , , 0, , , , No, , , -7.81449, , , , , , , , , , , -7.81449, ce1d6700-f34d-11f0-80d8-0255ac12193b, , , , , , ,	 110.41001, , , , , , 70, , , , , , , , 1c555b5b-16df-11f1-9eb3-0255ac1218dd, 34BTL_0002, , true,	 1786017794833, 2026-08-06 12:03:14, b493b903-fb2f-11f0-be90-0255ac120057, , , , , , , TBG, , , , , No, No, No, , 
 25426cff-f362-11f0-8722-0255ac1208c5, , , , , , f343d1fb-e165-11f0-90da-0255ac121938, , , , f0a18f4d-6bd2-11f1-8cac-0255ac120ff9, , , , , 0980097b-f34e-11f0-80d8-0255ac12193b, TBG_IBS_TAMAN, , 9784a8b3-1797-11f1-8e49-0255ac121206, 35SDA_0078, ,	 112.6881983, , , 0, , , , No, , , -7.35175, , , , , , , , , , , -7.35175, ce1d6700-f34d-11f0-80d8-0255ac12193b, , , , , , ,	 112.6881983, , , , , ,	 689, , , , , , , , 1c558275-16df-11f1-9eb3-0255ac1218dd, 35SDA_0078, , true,	 1786017794816, 2026-08-06 12:03:14, e703fcc2-e165-11f0-a9fb-0255ac121097, , , , , , , TBG, , , , , No, No, No, , 
 1ac88c88-0300-11f1-bdcd-0255ac121084, , , , , , f343d1fb-e165-11f0-90da-0255ac121938, , , , f0a18f4d-6bd2-11f1-8cac-0255ac120ff9, , , , , 25a940c5-5b4b-11f1-8fdf-0255ac12109b, TBG_SURAKARTA_JEBRES, , b3f5645d-1797-11f1-b289-0255ac12100b, 33SKT_0043, ,	 110.85662, , , 0, , , , No, , , -7.5533, , , , , , , , , , , -7.5533, ce1d6700-f34d-11f0-80d8-0255ac12193b, , , , , , ,	 110.85662, , , , , , 57, , , , , , , , 1c566ce3-16df-11f1-9eb3-0255ac1218dd, 33SKT_0043, , true,	 1786017794797, 2026-08-06 12:03:14, b48c3ea5-fb2f-11f0-be90-0255ac120057, , , , , , , TBG, , , , , No, No, No, , 
 2df57184-f362-11f0-82f8-0255ac12021f, , , , , , f343d1fb-e165-11f0-90da-0255ac121938, , , , f0a18f4d-6bd2-11f1-8cac-0255ac120ff9, , , , , 5da072b9-f34e-11f0-8fd3-0255ac121dca, TBG_BINONG, , 9ffbdd8f-1797-11f1-b3b6-0255ac120212, 32BDG_0231, ,	 107.64222, , , 0, , , , No, , , -6.93696, , , , , , , , , , , -6.93696, ce1d6700-f34d-11f0-80d8-0255ac12193b, , , , , , ,	 107.64222, , , , , ,	 285, , , , , , , , 1c5693f8-16df-11f1-9eb3-0255ac1218dd, 32BDG_0231, , true,	 1786017794929, 2026-08-06 12:03:14, e703fcc2-e165-11f0-a9fb-0255ac121097, , , , , , , TBG, , , , , No, No, No, , 
 1ac88c88-0300-11f1-bdcd-0255ac121084, , , , , , f343d1fb-e165-11f0-90da-0255ac121938, , , , f0a18f4d-6bd2-11f1-8cac-0255ac120ff9, , , , , 25820a13-5b4b-11f1-8fdf-0255ac12109b, TBG_LOR_INN_MAKRO, , b3f5645d-1797-11f1-b289-0255ac12100b, 33SKH_0001, ,	 110.7635, , , 0, , , , No, , , -7.54467, , , , , , , , , , , -7.54467, ce1d6700-f34d-11f0-80d8-0255ac12193b, , , , , , ,	 110.7635, , , , , ,	 154, , , , , , , , 1c56e21f-16df-11f1-9eb3-0255ac1218dd, 33SKH_0001, , true,	 1786017795485, 2026-08-06 12:03:15, b48c3ea5-fb2f-11f0-be90-0255ac120057, , , , , , , TBG, , , , , No, No, No, , 
 2df57184-f362-11f0-82f8-0255ac12021f, , , , , , f343d1fb-e165-11f0-90da-0255ac121938, , , , f0a18f4d-6bd2-11f1-8cac-0255ac120ff9, , , , , 7685bc47-f34e-11f0-8acc-0255ac121003, TBG_PTSHIBA, , 47b59f59-4eb8-11f1-a63d-0255ac1203fc, 32BGR_0114, ,	 106.87708, , , 0, , , , No, , , -6.47786, , , , , , , , , , , -6.47786, ce1d6700-f34d-11f0-80d8-0255ac12193b, , , , , , ,	 106.87708, , , , , ,	 819, , , , , , , , 1c5ef8a2-16df-11f1-9eb3-0255ac1218dd, 32BGR_0114, , true,	 1786017794835, 2026-08-06 12:03:14, e703fcc2-e165-11f0-a9fb-0255ac121097, , , , , , , TBG, , , , , No, No, No, , 
 1ac88c88-0300-11f1-bdcd-0255ac121084, , , , , , f343d1fb-e165-11f0-90da-0255ac121938, , , , f0a18f4d-6bd2-11f1-8cac-0255ac120ff9, , , , , 25820a13-5b4b-11f1-8fdf-0255ac12109b, TBG_PURBAYAN_I, , 8dbc3c11-1797-11f1-8caf-0255ac1211f5, 33SKH_0025, ,	 110.7669, , , 0, , , , No, , , -7.57699, , , , , , , , , , , -7.57699, ce1d6700-f34d-11f0-80d8-0255ac12193b, , , , , , ,	 110.7669, , , , , ,	 129, , , , , , , , 1c62a1b3-16df-11f1-9eb3-0255ac1218dd, 33SKH_0025, , true,	 1786017794925, 2026-08-06 12:03:14, b48c3ea5-fb2f-11f0-be90-0255ac120057, , , , , , , TBG, , , , , No, No, No, , 
 28c4b082-0303-11f1-b97b-0255ac120084, , , , , , f343d1fb-e165-11f0-90da-0255ac121938, , , , f0a18f4d-6bd2-11f1-8cac-0255ac120ff9, , , , , 25aac768-5b4b-11f1-8fdf-0255ac12109b, TBG_DARMA_ASIH_BUARAN_INDAH, , 856a9036-1797-11f1-b28c-0255ac12007b, 36TNG_0012, ,	 106.64991, , , 0, , , , No, , , -6.17911, , , , , , , , , , , -6.17911, ce1d6700-f34d-11f0-80d8-0255ac12193b, , , , , , ,	 106.64991, , , , , ,	 267, , , , , , , , 1c63b349-16df-11f1-9eb3-0255ac1218dd, 36TNG_0012, , true,	 1786017794890, 2026-08-06 12:03:14, e703fcc2-e165-11f0-a9fb-0255ac121097, , , , , , , TBG, , , , , No, No, No, , 
 25426cff-f362-11f0-8722-0255ac1208c5, , , , , , f343d1fb-e165-11f0-90da-0255ac121938, , , , f0a18f4d-6bd2-11f1-8cac-0255ac120ff9, , , , , 46fb2d0a-f34e-11f0-b679-0255ac1211e3, TBG_PENGANTINGAN, , 479e1f50-4eb8-11f1-a63d-0255ac1203fc, 35BYW_0009, ,	 114.35995, , , 0, , , , No, , , -8.22145, , , , , , , , , , , -8.22145, ce1d6700-f34d-11f0-80d8-0255ac12193b, , , , , , ,	 114.35995, , , , , ,	 140, , , , , , , , 1c65fd83-16df-11f1-9eb3-0255ac1218dd, 35BYW_0009, , true,	 1786017794892, 2026-08-06 12:03:14, e703fcc2-e165-11f0-a9fb-0255ac121097, , , , , , , TBG, , , , , No, No, No, , 
 1ac88c88-0300-11f1-bdcd-0255ac121084, , , , , , f343d1fb-e165-11f0-90da-0255ac121938, , , , f0a18f4d-6bd2-11f1-8cac-0255ac120ff9, , , , , 24e4dfff-5b4b-11f1-8fdf-0255ac12109b, TBG_BREBES_1, , ce2b4a23-74a7-11f1-9cdd-0255ac1211fc, 33BBS_0030, ,	 108.88306, , , 0, , , , No, , , -6.93423, , , , , , , , , , , -6.93423, ce1d6700-f34d-11f0-80d8-0255ac12193b, , , , , , ,	 108.88306, , , , , ,	 276, , , , , , , , 1c664bbb-16df-11f1-9eb3-0255ac1218dd, 33BBS_0030, , true,	 1786017794933, 2026-08-06 12:03:14, e70a8cd9-e165-11f0-a9fb-0255ac121097, , , , , , , TBG, , , , , No, No, No, , 
 25426cff-f362-11f0-8722-0255ac1208c5, , , , , , f343d1fb-e165-11f0-90da-0255ac121938, , , , f0a18f4d-6bd2-11f1-8cac-0255ac120ff9, , , , , 0980097b-f34e-11f0-80d8-0255ac12193b, TBG_TANGGUL_ANGIN, , 9784a8b3-1797-11f1-8e49-0255ac121206, 35SDA_0154, ,	 112.69801, , , 0, , , , No, , , -7.4974, , , , , , , , , , , -7.4974, ce1d6700-f34d-11f0-80d8-0255ac12193b, , , , , , ,	 112.69801, , , , , ,	 208, , , , , , , , 1c664bbc-16df-11f1-9eb3-0255ac1218dd, 35SDA_0154, , true,	 1786017794929, 2026-08-06 12:03:14, e703fcc2-e165-11f0-a9fb-0255ac121097, , , , , , , TBG, , , , , No, No, No, , 
 2d1992c8-0300-11f1-8f47-0255ac121dc0, , , , , , f343d1fb-e165-11f0-90da-0255ac121938, , , , f0a18f4d-6bd2-11f1-8cac-0255ac120ff9, , , , , 257a68bf-5b4b-11f1-8fdf-0255ac12109b, TBG_SELOKAN_MATARAM, , 8dbc3c11-1797-11f1-8caf-0255ac1211f5, 34SMN_0047, ,	 110.39771, , , 0, , , , No, , , -7.76765, , , , , , , , , , , -7.76765, ce1d6700-f34d-11f0-80d8-0255ac12193b, , , , , , ,	 110.39771, , , , , ,	 234, , , , , , , , 1c67d184-16df-11f1-9eb3-0255ac1218dd, 34SMN_0047, , true,	 1786017794915, 2026-08-06 12:03:14, b493b903-fb2f-11f0-be90-0255ac120057, , , , , , , TBG, , , , , No, No, No, , 
 2df57184-f362-11f0-82f8-0255ac12021f, , , , , , f343d1fb-e165-11f0-90da-0255ac121938, , , , f0a18f4d-6bd2-11f1-8cac-0255ac120ff9, , , , , 24ed6b96-5b4b-11f1-8fdf-0255ac12109b, TBG_JUNGJANG_CIREBON, , 58ca3c25-2cb4-11f1-ab67-0255ac1208c4, 32CBN_0063, ,	 108.41186, , , 0, , , , No, , , -6.649, , , , , , , , , , , -6.649, ce1d6700-f34d-11f0-80d8-0255ac12193b, , , , , , ,	 108.41186, , , , , ,	 735, , , , , , , , 1c6894e3-16df-11f1-9eb3-0255ac1218dd, 32CBN_0063, , true,	 1786017794934, 2026-08-06 12:03:14, e703fcc2-e165-11f0-a9fb-0255ac121097, , , , , , , TBG, , , , , No, No, No, , 
 25426cff-f362-11f0-8722-0255ac1208c5, , , , , , f343d1fb-e165-11f0-90da-0255ac121938, , , , f0a18f4d-6bd2-11f1-8cac-0255ac120ff9, , , , , 0f09bb51-f34e-11f0-b617-0255ac1205c2, TBG_SLAWU_JEMBER_TBG, , a73bf14a-1797-11f1-a4c0-0255ac12094c, 35JMR_0043, ,	 113.7168, , , 0, , , , No, , , -8.14992, , , , , , , , , , , -8.14992, ce1d6700-f34d-11f0-80d8-0255ac12193b, , , , , , ,	 113.7168, , , , , , 13, , , , , , , , 1c6eb048-16df-11f1-9eb3-0255ac1218dd, 35JMR_0043, , true,	 1786017795012, 2026-08-06 12:03:14, e703fcc2-e165-11f0-a9fb-0255ac121097, , , , , , , TBG, , , , , No, No, No, , 
 2df57184-f362-11f0-82f8-0255ac12021f, , , , , , f343d1fb-e165-11f0-90da-0255ac121938, , , , f0a18f4d-6bd2-11f1-8cac-0255ac120ff9, , , , , 7baa6b5b-f34e-11f0-a8cb-0255ac1211f7, TBG_KARANGRAHARJA_CIKARANG_UTARA, , 47b0e452-4eb8-11f1-a63d-0255ac1203fc, 32BKS_0194, ,	 107.1826, , , 0, , , , No, , , -6.26464, , , , , , , , , , , -6.26464, ce1d6700-f34d-11f0-80d8-0255ac12193b, , , , , , ,	 107.1826, , , , , ,	 703, , , , , , , , 1c6efd78-16df-11f1-9eb3-0255ac1218dd, 32BKS_0194, , true,	 1786017795003, 2026-08-06 12:03:14, e703fcc2-e165-11f0-a9fb-0255ac121097, , , , , , , TBG, , , , , No, No, No, , 
 25426cff-f362-11f0-8722-0255ac1208c5, , , , , , f343d1fb-e165-11f0-90da-0255ac121938, , , , f0a18f4d-6bd2-11f1-8cac-0255ac120ff9, , , , , 46fb2d0a-f34e-11f0-b679-0255ac1211e3, TBG_KARANGREJO_BWI, , 479e1f50-4eb8-11f1-a63d-0255ac1203fc, 35BYW_0010, ,	 114.3811, , , 0, , , , No, , , -8.22164, , , , , , , , , , , -8.22164, ce1d6700-f34d-11f0-80d8-0255ac12193b, , , , , , ,	 114.3811, , , , , , 2, , , , , , , , 1c7761f9-16df-11f1-9eb3-0255ac1218dd, 35BYW_0010, , true,	 1786017795002, 2026-08-06 12:03:14, e703fcc2-e165-11f0-a9fb-0255ac121097, , , , , , , TBG, , , , , No, No, No, , 
 1ac88c88-0300-11f1-bdcd-0255ac121084, , , , , , f343d1fb-e165-11f0-90da-0255ac121938, , , , f0a18f4d-6bd2-11f1-8cac-0255ac120ff9, , , , , 25a940c5-5b4b-11f1-8fdf-0255ac12109b, TBG_BRIGJEN_KATAMSO, , b3f5645d-1797-11f1-b289-0255ac12100b, 33SKT_0032, ,	 110.84369, , , 0, , , , No, , , -7.54906, , , , , , , , , , , -7.54906, ce1d6700-f34d-11f0-80d8-0255ac12193b, , , , , , ,	 110.84369, , , , , ,	 307, , , , , , , , 1c778910-16df-11f1-9eb3-0255ac1218dd, 33SKT_0032, , true,	 1786017795028, 2026-08-06 12:03:15, b48c3ea5-fb2f-11f0-be90-0255ac120057, , , , , , , TBG, , , , , No, No, No, , 
 28c4b082-0303-11f1-b97b-0255ac120084, , , , , , f343d1fb-e165-11f0-90da-0255ac121938, , , , f0a18f4d-6bd2-11f1-8cac-0255ac120ff9, , , , , 25a5e65d-5b4b-11f1-8fdf-0255ac12109b, TBG_CIWARU_SERANG, , 47c35b4e-4eb8-11f1-a63d-0255ac1203fc, 36SRG_0011, ,	 106.15551, , , 0, , , , No, , , -6.12146, , , , , , , , , , , -6.12146, ce1d6700-f34d-11f0-80d8-0255ac12193b, , , , , , ,	 106.15551, , , , , ,	 623, , , , , , , , 1c789aa5-16df-11f1-9eb3-0255ac1218dd, 36SRG_0011, , true,	 1786017795018, 2026-08-06 12:03:14, e703fcc2-e165-11f0-a9fb-0255ac121097, , , , , , , TBG, , , , , No, No, No, , 
 28c4b082-0303-11f1-b97b-0255ac120084, , , , , , f343d1fb-e165-11f0-90da-0255ac121938, , , , f0a18f4d-6bd2-11f1-8cac-0255ac120ff9, , , , , 25aac768-5b4b-11f1-8fdf-0255ac12109b, TBG_ST_TANGERANG, , 856a9036-1797-11f1-b28c-0255ac12007b, 36TNG_0007, ,	 106.62341, , , 0, , , , No, , , -6.18225, , , , , , , , , , , -6.18225, ce1d6700-f34d-11f0-80d8-0255ac12193b, , , , , , ,	 106.62341, , , , , ,	 219, , , , , , , , 1c78e8d1-16df-11f1-9eb3-0255ac1218dd, 36TNG_0007, , true,	 1786017795018, 2026-08-06 12:03:15, e703fcc2-e165-11f0-a9fb-0255ac121097, , , , , , , TBG, , , , , No, No, No, , 
 28c4b082-0303-11f1-b97b-0255ac120084, , , , , , f343d1fb-e165-11f0-90da-0255ac121938, , , , f0a18f4d-6bd2-11f1-8cac-0255ac120ff9, , , , , 259459e6-5b4b-11f1-8fdf-0255ac12109b, TBG_JOMBANG_WETAN_CILEGON, , 47c35b4e-4eb8-11f1-a63d-0255ac1203fc, 36CLG_0002, ,	 106.05013, , , 0, , , , No, , , -6.01985, , , , , , , , , , , -6.01985, ce1d6700-f34d-11f0-80d8-0255ac12193b, , , , , , ,	 106.05013, , , , , ,	 664, , , , , , , , 1c8c4a44-16df-11f1-9eb3-0255ac1218dd, 36CLG_0002, , true,	 1786017795012, 2026-08-06 12:03:15, e703fcc2-e165-11f0-a9fb-0255ac121097, , , , , , , TBG, , , , , No, No, No, , 
 25426cff-f362-11f0-8722-0255ac1208c5, , , , , , f343d1fb-e165-11f0-90da-0255ac121938, , , , f0a18f4d-6bd2-11f1-8cac-0255ac120ff9, , , , , 205e0bf4-5d7f-11f1-a63d-0255ac1203fc, TBG_KEDIRI1, , 47a4af2f-4eb8-11f1-a63d-0255ac1203fc, 35KDR_0031, ,	 112.00369, , , 0, , , , No, , , -7.80313, , , , , , , , , , , -7.80313, ce1d6700-f34d-11f0-80d8-0255ac12193b, , , , , , ,	 112.00369, , , , , , 89, , , , , , , , 1c8e1f33-16df-11f1-9eb3-0255ac1218dd, 35KDR_0031, , true,	 1786017795105, 2026-08-06 12:03:15, e703fcc2-e165-11f0-a9fb-0255ac121097, , , , , , , TBG, , , , , No, No, No, , 
 28c4b082-0303-11f1-b97b-0255ac120084, , , , , , f343d1fb-e165-11f0-90da-0255ac121938, , , , f0a18f4d-6bd2-11f1-8cac-0255ac120ff9, , , , , 25a5e65d-5b4b-11f1-8fdf-0255ac12109b, TBG_SUMUR_PECUNG, , 47c35b4e-4eb8-11f1-a63d-0255ac1203fc, 36SRG_0010, ,	 106.16693, , , 0, , , , No, , , -6.12257, , , , , , , , , , , -6.12257, ce1d6700-f34d-11f0-80d8-0255ac12193b, , , , , , ,	 106.16693, , , , , ,	 104, , , , , , , , 1c8fa4f6-16df-11f1-9eb3-0255ac1218dd, 36SRG_0010, , true,	 1786017795308, 2026-08-06 12:03:15, b489f5a1-fb2f-11f0-be90-0255ac120057, , , , , , , TBG, , , , , No, No, No, , 
 2df57184-f362-11f0-82f8-0255ac12021f, , , , , , f343d1fb-e165-11f0-90da-0255ac121938, , , , f0a18f4d-6bd2-11f1-8cac-0255ac120ff9, , , , , 7baa6b5b-f34e-11f0-a8cb-0255ac1211f7, TBG_KP_TELAGA_ASIH, , 47b0e452-4eb8-11f1-a63d-0255ac1203fc, 32BKS_0018, ,	 107.08565, , , , , , , No, , , -6.26334, , , , , , , , , , , -6.26334, ce1d6700-f34d-11f0-80d8-0255ac12193b, , , , , , ,	 107.08565, , , , , , , , , , , , , , 1c91a109-16df-11f1-9eb3-0255ac1218dd, 32BKS_0018, , true,	 1786017795098, 2026-08-06 12:03:15, e703fcc2-e165-11f0-a9fb-0255ac121097, , , , , , , TBG, , , , , No, No, No, , 
 1ac88c88-0300-11f1-bdcd-0255ac121084, , , , , , f343d1fb-e165-11f0-90da-0255ac121938, , , , f0a18f4d-6bd2-11f1-8cac-0255ac120ff9, , , , , 24eef23d-5b4b-11f1-8fdf-0255ac12109b, TBG_BRUMBUNG, , 9120c34a-1797-11f1-be90-0255ac120057, 33DMK_0002, ,	 110.512555, , , 0, , , , No, , , -7.02068, , , , , , , , , , , -7.02068, ce1d6700-f34d-11f0-80d8-0255ac12193b, , , , , , ,	 110.512555, , , , , , 77, , , , , , , , 1c96d0cd-16df-11f1-9eb3-0255ac1218dd, 33DMK_0002, , true,	 1786017795100, 2026-08-06 12:03:15, e70a8cd9-e165-11f0-a9fb-0255ac121097, , , , , , , TBG, , , , , No, No, No, , 
 2d1992c8-0300-11f1-8f47-0255ac121dc0, , , , , , f343d1fb-e165-11f0-90da-0255ac121938, , , , f0a18f4d-6bd2-11f1-8cac-0255ac120ff9, , , , , 257a68bf-5b4b-11f1-8fdf-0255ac12109b, TBG_SAMIRONO_RELOK, , 8dbc3c11-1797-11f1-8caf-0255ac1211f5, 34SMN_0041, ,	 110.38394, , , 0, , , , No, , , -7.7799, , , , , , , , , , , -7.7799, ce1d6700-f34d-11f0-80d8-0255ac12193b, , , , , , ,	 110.38394, , , , , , 56, , , , , , , , 1c976d17-16df-11f1-9eb3-0255ac1218dd, 34SMN_0041, , true,	 1786017795099, 2026-08-06 12:03:15, b493b903-fb2f-11f0-be90-0255ac120057, , , , , , , TBG, , , , , No, No, No, , 
 1ac88c88-0300-11f1-bdcd-0255ac121084, , , , , , f343d1fb-e165-11f0-90da-0255ac121938, , , , f0a18f4d-6bd2-11f1-8cac-0255ac120ff9, , , , , 24eb6fb8-5b4b-11f1-8fdf-0255ac12109b, TBG_TELUK_PENYU, , 4780acb3-4eb8-11f1-a63d-0255ac1203fc, 33CLP_0059, ,	 109.01655, , , 0, , , , No, , , -7.74047, , , , , , , , , , , -7.74047, ce1d6700-f34d-11f0-80d8-0255ac12193b, , , , , , ,	 109.01655, , , , , , 55, , , , , , , , 1c987ea4-16df-11f1-9eb3-0255ac1218dd, 33CLP_0059, , true,	 1786017795210, 2026-08-06 12:03:15, b48c3ea5-fb2f-11f0-be90-0255ac120057, , , , , , , TBG, , , , , No, No, No, , 
 1ac88c88-0300-11f1-bdcd-0255ac121084, , , , , , f343d1fb-e165-11f0-90da-0255ac121938, , , , f0a18f4d-6bd2-11f1-8cac-0255ac120ff9, , , , , 24f3d44b-5b4b-11f1-8fdf-0255ac12109b, TBG_SEDADI, , 58d9a589-2cb4-11f1-ab67-0255ac1208c4, 33PWD_0020, ,	 110.84141, , , 0, , , , No, , , -7.14615, , , , , , , , , , , -7.14615, ce1d6700-f34d-11f0-80d8-0255ac12193b, , , , , , ,	 110.84141, , , , , ,	 432, , , , , , , , 1c98f3e2-16df-11f1-9eb3-0255ac1218dd, 33PWD_0020, , true,	 1786017795120, 2026-08-06 12:03:15, b48c3ea5-fb2f-11f0-be90-0255ac120057, , , , , , , TBG, , , , , No, No, No, , 
 1ac88c88-0300-11f1-bdcd-0255ac121084, , , , , , f343d1fb-e165-11f0-90da-0255ac121938, , , , f0a18f4d-6bd2-11f1-8cac-0255ac120ff9, , , , , 24eb6fb8-5b4b-11f1-8fdf-0255ac12109b, TBG_DONAN_SIDANEGARA, , 4780acb3-4eb8-11f1-a63d-0255ac1203fc, 33CLP_0016, ,	 108.99872, , , 0, , , , No, , , -7.71437, , , , , , , , , , , -7.71437, ce1d6700-f34d-11f0-80d8-0255ac12193b, , , , , , ,	 108.99872, , , , , ,	 113, , , , , , , , 1c9e71e9-16df-11f1-9eb3-0255ac1218dd, 33CLP_0016, , true,	 1786017795199, 2026-08-06 12:03:15, b48c3ea5-fb2f-11f0-be90-0255ac120057, , , , , , , TBG, , , , , No, No, No, , 
 1ac88c88-0300-11f1-bdcd-0255ac121084, , , , , , f343d1fb-e165-11f0-90da-0255ac121938, , , , f0a18f4d-6bd2-11f1-8cac-0255ac120ff9, , , , , 2554433a-5b4b-11f1-8fdf-0255ac12109b, TBG_KLATEN_WEDI, , 8dbc3c11-1797-11f1-8caf-0255ac1211f5, 33KLN_0023, ,	 110.57874, , , 0, , , , No, , , -7.74169, , , , , , , , , , , -7.74169, ce1d6700-f34d-11f0-80d8-0255ac12193b, , , , , , ,	 110.57874, , , , , , 72, , , , , , , , 1c9f3548-16df-11f1-9eb3-0255ac1218dd, 33KLN_0023, , true,	 1786017795128, 2026-08-06 12:03:15, b48c3ea5-fb2f-11f0-be90-0255ac120057, , , , , , , TBG, , , , , No, No, No, , 
 25426cff-f362-11f0-8722-0255ac1208c5, , , , , , f343d1fb-e165-11f0-90da-0255ac121938, , , , f0a18f4d-6bd2-11f1-8cac-0255ac120ff9, , , , , 25a2d90c-5b4b-11f1-8fdf-0255ac12109b, TBG_PROBOLINGGO, , a73bf14a-1797-11f1-a4c0-0255ac12094c, 35PBL_0021, ,	 113.22704, , , 0, , , , No, , , -7.75237, , , , , , , , , , , -7.75237, ce1d6700-f34d-11f0-80d8-0255ac12193b, , , , , , ,	 113.22704, , , , , ,	 1081, , , , , , , , 1ca48d24-16df-11f1-9eb3-0255ac1218dd, 35PBL_0021, , true,	 1786017795210, 2026-08-06 12:03:15, e703fcc2-e165-11f0-a9fb-0255ac121097, , , , , , , TBG, , , , , No, No, No, , 
 1ac88c88-0300-11f1-bdcd-0255ac121084, , , , , , f343d1fb-e165-11f0-90da-0255ac121938, , , , f0a18f4d-6bd2-11f1-8cac-0255ac120ff9, , , , , 25a940c5-5b4b-11f1-8fdf-0255ac12109b, TBG_JAJAR, , b3f5645d-1797-11f1-b289-0255ac12100b, 33SKT_0007, ,	 110.78751, , , 0, , , , No, , , -7.55673, , , , , , , , , , , -7.55673, ce1d6700-f34d-11f0-80d8-0255ac12193b, , , , , , ,	 110.78751, , , , , ,	 328, , , , , , , , 1ca5c5bd-16df-11f1-9eb3-0255ac1218dd, 33SKT_0007, , true,	 1786017795184, 2026-08-06 12:03:15, b48c3ea5-fb2f-11f0-be90-0255ac120057, , , , , , , TBG, , , , , No, No, No, , 
 2df57184-f362-11f0-82f8-0255ac12021f, , , , , , f343d1fb-e165-11f0-90da-0255ac121938, , , , f0a18f4d-6bd2-11f1-8cac-0255ac120ff9, , , , , 258f50c2-5b4b-11f1-8fdf-0255ac12109b, TBG_LINGKAR_TIMUR_BINTARA_JAYA, , 47b0e452-4eb8-11f1-a63d-0255ac1203fc, 32BKS_0196, ,	 106.95546, , , 0, , , , No, , , -6.24102, , , , , , , , , , , -6.24102, ce1d6700-f34d-11f0-80d8-0255ac12193b, , , , , , ,	 106.95546, , , , , ,	 155, , , , , , , , 1ca7e7d3-16df-11f1-9eb3-0255ac1218dd, 32BKS_0196, , true,	 1786017795202, 2026-08-06 12:03:15, e703fcc2-e165-11f0-a9fb-0255ac121097, , , , , , , TBG, , , , , No, No, No, , 
 1ac88c88-0300-11f1-bdcd-0255ac121084, , , , , , f343d1fb-e165-11f0-90da-0255ac121938, , , , f0a18f4d-6bd2-11f1-8cac-0255ac120ff9, , , , , 24f3d44b-5b4b-11f1-8fdf-0255ac12109b, TBG_GEYER, , 58d9a589-2cb4-11f1-ab67-0255ac1208c4, 33PWD_0021, ,	 110.9026, , , 0, , , , No, , , -7.21706, , , , , , , , , , , -7.21706, ce1d6700-f34d-11f0-80d8-0255ac12193b, , , , , , ,	 110.9026, , , , , ,	 306, , , , , , , , 1ca96ea6-16df-11f1-9eb3-0255ac1218dd, 33PWD_0021, , true,	 1786017795227, 2026-08-06 12:03:15, b48c3ea5-fb2f-11f0-be90-0255ac120057, , , , , , , TBG, , , , , No, No, No, , 
 2df57184-f362-11f0-82f8-0255ac12021f, , , , , , f343d1fb-e165-11f0-90da-0255ac121938, , , , f0a18f4d-6bd2-11f1-8cac-0255ac120ff9, , , , , 2061b5ab-5d7f-11f1-a63d-0255ac1203fc, TBG_CIPELANG, , aa157741-1797-11f1-bdcd-0255ac121084, 32SKB_0033, ,	 106.91127, , , 0, , , , No, , , -6.91753, , , , , , , , , , , -6.91753, ce1d6700-f34d-11f0-80d8-0255ac12193b, , , , , , ,	 106.91127, , , , , , 51, , , , , , , , 1ca9e3e0-16df-11f1-9eb3-0255ac1218dd, 32SKB_0033, , true,	 1786017795588, 2026-08-06 12:03:15, e703fcc2-e165-11f0-a9fb-0255ac121097, , , , , , , TBG, , , , , No, No, No, , 
 25426cff-f362-11f0-8722-0255ac1208c5, , , , , , f343d1fb-e165-11f0-90da-0255ac121938, , , , f0a18f4d-6bd2-11f1-8cac-0255ac120ff9, , , , , 3ac87689-f34e-11f0-8722-0255ac1208c5, TBG_SUMBERNGEPOH, , 9d3fcabe-1797-11f1-8d29-0255ac1218e4, 35MLG_0121, ,	 112.72354, , , 0, , , , No, , , -7.83784, , , , , , , , , , , -7.83784, ce1d6700-f34d-11f0-80d8-0255ac12193b, , , , , , ,	 112.72354, , , , , ,	 219, , , , , , , , 1cae9f63-16df-11f1-9eb3-0255ac1218dd, 35MLG_0121, , true,	 1786017795223, 2026-08-06 12:03:15, e703fcc2-e165-11f0-a9fb-0255ac121097, , , , , , , TBG, , , , , No, No, No, , 
 2df57184-f362-11f0-82f8-0255ac12021f, , , , , , f343d1fb-e165-11f0-90da-0255ac121938, , , , f0a18f4d-6bd2-11f1-8cac-0255ac120ff9, , , , , 2592ac2f-5b4b-11f1-8fdf-0255ac12109b, TBG_JALAN_CIPINANG_GADING, , 47b59f59-4eb8-11f1-a63d-0255ac1203fc, 32BGR_0029, ,	 106.80243, , , 0, , , , No, , , -6.62405, , , , , , , , , , , -6.62405, ce1d6700-f34d-11f0-80d8-0255ac12193b, , , , , , ,	 106.80243, , , , , ,	 155, , , , , , , , 1cb2bd9c-16df-11f1-9eb3-0255ac1218dd, 32BGR_0029, , true,	 1786017795236, 2026-08-06 12:03:15, e703fcc2-e165-11f0-a9fb-0255ac121097, , , , , , , TBG, , , , , No, No, No, , 
 2df57184-f362-11f0-82f8-0255ac12021f, , , , , , f343d1fb-e165-11f0-90da-0255ac121938, , , , f0a18f4d-6bd2-11f1-8cac-0255ac120ff9, , , , , 24f09ff3-5b4b-11f1-8fdf-0255ac12109b, TBG_CIBATU_GARUT, , 9a1a95b2-1797-11f1-b470-0255ac120236, 32GRT_0014, ,	 108.0048, , , 0, , , , No, , , -7.0621, , , , , , , , , , , -7.0621, ce1d6700-f34d-11f0-80d8-0255ac12193b, , , , , , ,	 108.0048, , , , , ,	 133, , , , , , , , 1cb6b5b8-16df-11f1-9eb3-0255ac1218dd, 32GRT_0014, , true,	 1786017795306, 2026-08-06 12:03:15, e703fcc2-e165-11f0-a9fb-0255ac121097, , , , , , , TBG, , , , , No, No, No, , 
 25426cff-f362-11f0-8722-0255ac1208c5, , , , , , f343d1fb-e165-11f0-90da-0255ac121938, , , , f0a18f4d-6bd2-11f1-8cac-0255ac120ff9, , , , , 258899e6-5b4b-11f1-8fdf-0255ac12109b, TBG_TULUNG_AGUNG, , 47a4af2f-4eb8-11f1-a63d-0255ac1203fc, 35TLG_0011, ,	 111.90641, , , 0, , , , No, , , -8.05136, , , , , , , , , , , -8.05136, ce1d6700-f34d-11f0-80d8-0255ac12193b, , , , , , ,	 111.90641, , , , , ,	 179, , , , , , , , 1cb8d7d8-16df-11f1-9eb3-0255ac1218dd, 35TLG_0011, , true,	 1786017795314, 2026-08-06 12:03:15, e703fcc2-e165-11f0-a9fb-0255ac121097, , , , , , , TBG, , , , , No, No, No, , 
 2df57184-f362-11f0-82f8-0255ac12021f, , , , , , f343d1fb-e165-11f0-90da-0255ac121938, , , , f0a18f4d-6bd2-11f1-8cac-0255ac120ff9, , , , , 7685bc47-f34e-11f0-8acc-0255ac121003, TBG_TLAJING_UDIK_SILIWANGI, , 47b59f59-4eb8-11f1-a63d-0255ac1203fc, 32BGR_0120, ,	 106.90852, , , 0, , , , No, , , -6.45221, , , , , , , , , , , -6.45221, ce1d6700-f34d-11f0-80d8-0255ac12193b, , , , , , ,	 106.90852, , , , , , 84, , , , , , , , 1cb99b4a-16df-11f1-9eb3-0255ac1218dd, 32BGR_0120, , true,	 1786017795292, 2026-08-06 12:03:15, e703fcc2-e165-11f0-a9fb-0255ac121097, , , , , , , TBG, , , , , No, No, No, , 
 2df57184-f362-11f0-82f8-0255ac12021f, , , , , , f343d1fb-e165-11f0-90da-0255ac121938, , , , f0a18f4d-6bd2-11f1-8cac-0255ac120ff9, , , , , 254d8c60-5b4b-11f1-8fdf-0255ac12109b, TBG_KONDANGJAYA_MARGASARI, , a40cd1fc-1797-11f1-bdcd-0255ac121084, 32KWG_0034, ,	 107.34238, , , 0, , , , No, , , -6.31721, , , , , , , , , , , -6.31721, ce1d6700-f34d-11f0-80d8-0255ac12193b, , , , , , ,	 107.34238, , , , , ,	 172, , , , , , , , 1cbe2fab-16df-11f1-9eb3-0255ac1218dd, 32KWG_0034, , true,	 1786017795300, 2026-08-06 12:03:15, e703fcc2-e165-11f0-a9fb-0255ac121097, , , , , , , TBG, , , , , No, No, No, , 
 2df57184-f362-11f0-82f8-0255ac12021f, , , , , , f343d1fb-e165-11f0-90da-0255ac121938, , , , f0a18f4d-6bd2-11f1-8cac-0255ac120ff9, , , , , 7685bc47-f34e-11f0-8acc-0255ac121003, TBG_BOJONG_GEDE_BOGOR, , 47b59f59-4eb8-11f1-a63d-0255ac1203fc, 32BGR_0058, ,	 106.79063, , , 0, , , , No, , , -6.4987, , , , , , , , , , , -6.4987, ce1d6700-f34d-11f0-80d8-0255ac12193b, , , , , , ,	 106.79063, , , , , ,	 509, , , , , , , , 1cc078d7-16df-11f1-9eb3-0255ac1218dd, 32BGR_0058, , true,	 1786017795297, 2026-08-06 12:03:15, e703fcc2-e165-11f0-a9fb-0255ac121097, , , , , , , TBG, , , , , No, No, No, , 
 1ac88c88-0300-11f1-bdcd-0255ac121084, , , , , , f343d1fb-e165-11f0-90da-0255ac121938, , , , f0a18f4d-6bd2-11f1-8cac-0255ac120ff9, , , , , 25a940c5-5b4b-11f1-8fdf-0255ac12109b, TBG_DEPOK_SOLO, , b3f5645d-1797-11f1-b289-0255ac12100b, 33SKT_0069, ,	 110.81255, , , 0, , , , No, , , -7.55345, , , , , , , , , , , -7.55345, ce1d6700-f34d-11f0-80d8-0255ac12193b, , , , , , ,	 110.81255, , , , , , 81, , , , , , , , 1cc226bc-16df-11f1-9eb3-0255ac1218dd, 33SKT_0069, , true,	 1786017795716, 2026-08-06 12:03:15, b48c3ea5-fb2f-11f0-be90-0255ac120057, , , , , , , TBG, , , , , No, No, No, , 
 1ac88c88-0300-11f1-bdcd-0255ac121084, , , , , , f343d1fb-e165-11f0-90da-0255ac121938, , , , f0a18f4d-6bd2-11f1-8cac-0255ac120ff9, , , , , 25a940c5-5b4b-11f1-8fdf-0255ac12109b, TBG_KOL.SUTARTO_JL_SUTAMI, , b3f5645d-1797-11f1-b289-0255ac12100b, 33SKT_0012, ,	 110.84789, , , 0, , , , No, , , -7.55769, , , , , , , , , , , -7.55769, ce1d6700-f34d-11f0-80d8-0255ac12193b, , , , , , ,	 110.84789, , , , , ,	 158, , , , , , , , 1cc6bb38-16df-11f1-9eb3-0255ac1218dd, 33SKT_0012, , true,	 1786017795578, 2026-08-06 12:03:15, b48c3ea5-fb2f-11f0-be90-0255ac120057, , , , , , , TBG, , , , , No, No, No, , 
 2df57184-f362-11f0-82f8-0255ac12021f, , , , , , f343d1fb-e165-11f0-90da-0255ac121938, , , , f0a18f4d-6bd2-11f1-8cac-0255ac120ff9, , , , , 24da5886-5b4b-11f1-8fdf-0255ac12109b, TBG_NANJUNG_MEKAR, , 9ffbdd8f-1797-11f1-b3b6-0255ac120212, 32BDG_0232, ,	 107.80412, , , 0, , , , No, , , -6.97471, , , , , , , , , , , -6.97471, ce1d6700-f34d-11f0-80d8-0255ac12193b, , , , , , ,	 107.80412, , , , , ,	 602, , , , , , , , 1cc75783-16df-11f1-9eb3-0255ac1218dd, 32BDG_0232, , true,	 1786017795480, 2026-08-06 12:03:15, e703fcc2-e165-11f0-a9fb-0255ac121097, , , , , , , TBG, , , , , No, No, No, , 
 1ac88c88-0300-11f1-bdcd-0255ac121084, , , , , , f343d1fb-e165-11f0-90da-0255ac121938, , , , f0a18f4d-6bd2-11f1-8cac-0255ac120ff9, , , , , 2552bc93-5b4b-11f1-8fdf-0255ac12109b, TBG_GEMUH, , afde0691-1797-11f1-b148-0255ac1210a3, 33KDL_0017, ,	 110.14373, , , 0, , , , No, , , -6.96748, , , , , , , , , , , -6.96748, ce1d6700-f34d-11f0-80d8-0255ac12193b, , , , , , ,	 110.14373, , , , , ,	 481, , , , , , , , 1cc7f3d2-16df-11f1-9eb3-0255ac1218dd, 33KDL_0017, , true,	 1786017795423, 2026-08-06 12:03:15, b48c3ea5-fb2f-11f0-be90-0255ac120057, , , , , , , TBG, , , , , No, No, No, , 
 2df57184-f362-11f0-82f8-0255ac12021f, , , , , , f343d1fb-e165-11f0-90da-0255ac121938, , , , f0a18f4d-6bd2-11f1-8cac-0255ac120ff9, , , , , 24dc2d51-5b4b-11f1-8fdf-0255ac12109b, TBG_PERMANENISASIDSGADOBANGKONG, , 58bfb47e-2cb4-11f1-ab67-0255ac1208c4, 32BDG_0233, ,	 107.51638, , , 0, , , , No, , , -6.87087, , , , , , , , , , , -6.87087, ce1d6700-f34d-11f0-80d8-0255ac12193b, , , , , , ,	 107.51638, , , , , ,	 391, , , , , , , , 1cc841ff-16df-11f1-9eb3-0255ac1218dd, 32BDG_0233, , true,	 1786017795400, 2026-08-06 12:03:15, e703fcc2-e165-11f0-a9fb-0255ac121097, , , , , , , TBG, , , , , No, No, No, , 
 1ac88c88-0300-11f1-bdcd-0255ac121084, , , , , , f343d1fb-e165-11f0-90da-0255ac121938, , , , f0a18f4d-6bd2-11f1-8cac-0255ac120ff9, , , , , 25820a13-5b4b-11f1-8fdf-0255ac12109b, TBG_PERTIGAAN_JL_JAKSA_AGUNG_SUKOHARJO, , b3f5645d-1797-11f1-b289-0255ac12100b, 33SKH_0026, ,	 110.84015, , , 0, , , , No, , , -7.67342, , , , , , , , , , , -7.67342, ce1d6700-f34d-11f0-80d8-0255ac12193b, , , , , , ,	 110.84015, , , , , ,	 219, , , , , , , , 1cca3d01-16df-11f1-9eb3-0255ac1218dd, 33SKH_0026, , true,	 1786017795486, 2026-08-06 12:03:15, b48c3ea5-fb2f-11f0-be90-0255ac120057, , , , , , , TBG, , , , , No, No, No, , 
 1ac88c88-0300-11f1-bdcd-0255ac121084, , , , , , f343d1fb-e165-11f0-90da-0255ac121938, , , , f0a18f4d-6bd2-11f1-8cac-0255ac120ff9, , , , , 24f3d44b-5b4b-11f1-8fdf-0255ac12109b, TBG_GUBUG, , 58d9a589-2cb4-11f1-ab67-0255ac1208c4, 33PWD_0022, ,	 110.66429, , , 0, , , , No, , , -7.05386, , , , , , , , , , , -7.05386, ce1d6700-f34d-11f0-80d8-0255ac12193b, , , , , , ,	 110.66429, , , , , , 27, , , , , , , , 1cd05846-16df-11f1-9eb3-0255ac1218dd, 33PWD_0022, , true,	 1786017795987, 2026-08-06 12:03:15, e70a8cd9-e165-11f0-a9fb-0255ac121097, , , , , , , TBG, , , , , No, No, No, , 
 2df57184-f362-11f0-82f8-0255ac12021f, , , , , , f343d1fb-e165-11f0-90da-0255ac121938, , , , f0a18f4d-6bd2-11f1-8cac-0255ac120ff9, , , , , 24f58204-5b4b-11f1-8fdf-0255ac12109b, TBG_JATIBARANG_BARU, , 81efa9e8-58b8-11f1-a63d-0255ac1203fc, 32IDM_0026, ,	 108.30309, , , 0, , , , No, , , -6.47318, , , , , , , , , , , -6.47318, ce1d6700-f34d-11f0-80d8-0255ac12193b, , , , , , ,	 108.30309, , , , , ,	 306, , , , , , , , 1cd6241e-16df-11f1-9eb3-0255ac1218dd, 32IDM_0026, , true,	 1786017795429, 2026-08-06 12:03:15, e703fcc2-e165-11f0-a9fb-0255ac121097, , , , , , , TBG, , , , , No, No, No, , 
 2df57184-f362-11f0-82f8-0255ac12021f, , , , , , f343d1fb-e165-11f0-90da-0255ac121938, , , , f0a18f4d-6bd2-11f1-8cac-0255ac120ff9, , , , , 2576c00a-5b4b-11f1-8fdf-0255ac12109b, TBG_NAGERIKIDULPURWAKARTA3, , 58bfb47e-2cb4-11f1-ab67-0255ac1208c4, 32PWK_0026, ,	 107.44915, , , 0, , , , No, , , -6.53763, , , , , , , , , , , -6.53763, ce1d6700-f34d-11f0-80d8-0255ac12193b, , , , , , ,	 107.44915, , , , , , 91, , , , , , , , 1cda1c3a-16df-11f1-9eb3-0255ac1218dd, 32PWK_0026, , true,	 1786017795707, 2026-08-06 12:03:15, e703fcc2-e165-11f0-a9fb-0255ac121097, , , , , , , TBG, , , , , No, No, No, , 
 1ac88c88-0300-11f1-bdcd-0255ac121084, , , , , , f343d1fb-e165-11f0-90da-0255ac121938, , , , f0a18f4d-6bd2-11f1-8cac-0255ac120ff9, , , , , 254bdea6-5b4b-11f1-8fdf-0255ac12109b, TBG_KOMPLEK_PERUMAHAN_JOSROYO, , b3f5645d-1797-11f1-b289-0255ac12100b, 33KRG_0018, ,	 110.90308, , , 0, , , , No, , , -7.57207, , , , , , , , , , , -7.57207, ce1d6700-f34d-11f0-80d8-0255ac12193b, , , , , , ,	 110.90308, , , , , , , , , , , , , , 1cdb06ac-16df-11f1-9eb3-0255ac1218dd, 33KRG_0018, , true,	 1786017795709, 2026-08-06 12:03:15, b48c3ea5-fb2f-11f0-be90-0255ac120057, , , , , , , TBG, , , , , No, No, No, , 
 2df57184-f362-11f0-82f8-0255ac12021f, , , , , , f343d1fb-e165-11f0-90da-0255ac121938, , , , f0a18f4d-6bd2-11f1-8cac-0255ac120ff9, , , , , 2576c00a-5b4b-11f1-8fdf-0255ac12109b, TBG_MULYAMEKARVETERAN, , 58bfb47e-2cb4-11f1-ab67-0255ac1208c4, 32PWK_0008, ,	 107.45551, , , 0, , , , No, , , -6.51249, , , , , , , , , , , -6.51249, ce1d6700-f34d-11f0-80d8-0255ac12193b, , , , , , ,	 107.45551, , , , , ,	 484, , , , , , , , 1cdc8c73-16df-11f1-9eb3-0255ac1218dd, 32PWK_0008, , true,	 1786017795531, 2026-08-06 12:03:15, e703fcc2-e165-11f0-a9fb-0255ac121097, , , , , , , TBG, , , , , No, No, No, , 
 2df57184-f362-11f0-82f8-0255ac12021f, , , , , , f343d1fb-e165-11f0-90da-0255ac121938, , , , f0a18f4d-6bd2-11f1-8cac-0255ac120ff9, , , , , 25800e37-5b4b-11f1-8fdf-0255ac12109b, TBG_PAJAJARANCISAATMW, , aa157741-1797-11f1-bdcd-0255ac121084, 32SKB_0034, ,	 106.89756, , , 0, , , , No, , , -6.91665, , , , , , , , , , , -6.91665, ce1d6700-f34d-11f0-80d8-0255ac12193b, , , , , , ,	 106.89756, , , , , ,	 815, , , , , , , , 1cdeaf8d-16df-11f1-9eb3-0255ac1218dd, 32SKB_0034, , true,	 1786017795631, 2026-08-06 12:03:15, e703fcc2-e165-11f0-a9fb-0255ac121097, , , , , , , TBG, , , , , No, No, No, , 
 1ac88c88-0300-11f1-bdcd-0255ac121084, , , , , , f343d1fb-e165-11f0-90da-0255ac121938, , , , f0a18f4d-6bd2-11f1-8cac-0255ac120ff9, , , , , 25820a13-5b4b-11f1-8fdf-0255ac12109b, TBG_SOLO_WEST, , b3f5645d-1797-11f1-b289-0255ac12100b, 33SKH_0027, ,	 110.77226, , , 0, , , , No, , , -7.56342, , , , , , , , , , , -7.56342, ce1d6700-f34d-11f0-80d8-0255ac12193b, , , , , , ,	 110.77226, , , , , , 37, , , , , , , , 1ce60265-16df-11f1-9eb3-0255ac1218dd, 33SKH_0027, , true,	 1786017795617, 2026-08-06 12:03:15, b48c3ea5-fb2f-11f0-be90-0255ac120057, , , , , , , TBG, , , , , No, No, No, , 
 2df57184-f362-11f0-82f8-0255ac12021f, , , , , , f343d1fb-e165-11f0-90da-0255ac121938, , , , f0a18f4d-6bd2-11f1-8cac-0255ac120ff9, , , , , 5da072b9-f34e-11f0-8fd3-0255ac121dca, TBG_LEUWI, , 9ffbdd8f-1797-11f1-b3b6-0255ac120212, 32BDG_0190, ,	 107.5658, , , 0, , , , No, , , -6.90001, , , , , , , , , , , -6.90001, ce1d6700-f34d-11f0-80d8-0255ac12193b, , , , , , ,	 107.5658, , , , , , 73, , , , , , , , 1ce6026c-16df-11f1-9eb3-0255ac1218dd, 32BDG_0190, , true,	 1786017795584, 2026-08-06 12:03:15, e703fcc2-e165-11f0-a9fb-0255ac121097, , , , , , , TBG, , , , , No, No, No, , 
 1ac88c88-0300-11f1-bdcd-0255ac121084, , , , , , f343d1fb-e165-11f0-90da-0255ac121938, , , , f0a18f4d-6bd2-11f1-8cac-0255ac120ff9, , , , , 24eb6fb8-5b4b-11f1-8fdf-0255ac12109b, TBG_CILACAP_TENGAH_CILACAP, , 477bca99-4eb8-11f1-a63d-0255ac1203fc, 33CLP_0061, ,	 109.02892, , , 0, , , , No, , , -7.70455, , , , , , , , , , , -7.70455, ce1d6700-f34d-11f0-80d8-0255ac12193b, , , , , , ,	 109.02892, , , , , ,	 538, , , , , , , , 1ce73b14-16df-11f1-9eb3-0255ac1218dd, 33CLP_0061, , true,	 1786017795777, 2026-08-06 12:03:15, b48c3ea5-fb2f-11f0-be90-0255ac120057, , , , , , , TBG, , , , , No, No, No, , 
 1ac88c88-0300-11f1-bdcd-0255ac121084, , , , , , f343d1fb-e165-11f0-90da-0255ac121938, , , , f0a18f4d-6bd2-11f1-8cac-0255ac120ff9, , , , , 25adfbc2-5b4b-11f1-8fdf-0255ac12109b, TBG_TEGAL_3, , 590d86e8-2cb4-11f1-ab67-0255ac1208c4, 33TGL_0046, ,	 109.1493, , , 0, , , , No, , , -6.85989, , , , , , , , , , , -6.85989, ce1d6700-f34d-11f0-80d8-0255ac12193b, , , , , , ,	 109.1493, , , , , ,	 242, , , , , , , , 1cea96e7-16df-11f1-9eb3-0255ac1218dd, 33TGL_0046, , true,	 1786017795720, 2026-08-06 12:03:15, b48c3ea5-fb2f-11f0-be90-0255ac120057, , , , , , , TBG, , , , , No, No, No, , 
 1ac88c88-0300-11f1-bdcd-0255ac121084, , , , , , f343d1fb-e165-11f0-90da-0255ac121938, , , , f0a18f4d-6bd2-11f1-8cac-0255ac120ff9, , , , , 24e4dfff-5b4b-11f1-8fdf-0255ac12109b, TBG_KLUWUT, , ce2b4a23-74a7-11f1-9cdd-0255ac1211fc, 33BBS_0033, ,	 108.91331, , , 0, , , , No, , , -6.874, , , , , , , , , , , -6.874, ce1d6700-f34d-11f0-80d8-0255ac12193b, , , , , , ,	 108.91331, , , , , , , , , , , , , , 1ceb8161-16df-11f1-9eb3-0255ac1218dd, 33BBS_0033, , true,	 1786017795728, 2026-08-06 12:03:15, e70a8cd9-e165-11f0-a9fb-0255ac121097, , , , , , , TBG, , , , , No, No, No, , 
 2df57184-f362-11f0-82f8-0255ac12021f, , , , , , f343d1fb-e165-11f0-90da-0255ac121938, , , , f0a18f4d-6bd2-11f1-8cac-0255ac120ff9, , , , , 24f58204-5b4b-11f1-8fdf-0255ac12109b, TBG_SUMBERMULYA_HAURGEULIS, , 81efa9e8-58b8-11f1-a63d-0255ac1203fc, 32IDM_0027, ,	 107.94872, , , 0, , , , No, , , -6.42672, , , , , , , , , , , -6.42672, ce1d6700-f34d-11f0-80d8-0255ac12193b, , , , , , ,	 107.94872, , , , , ,	 453, , , , , , , , 1cece019-16df-11f1-9eb3-0255ac1218dd, 32IDM_0027, , true,	 1786017795935, 2026-08-06 12:03:15, e703fcc2-e165-11f0-a9fb-0255ac121097, , , , , , , TBG, , , , , No, No, No, , 
 2df57184-f362-11f0-82f8-0255ac12021f, , , , , , f343d1fb-e165-11f0-90da-0255ac121938, , , , f0a18f4d-6bd2-11f1-8cac-0255ac120ff9, , , , , 258dca15-5b4b-11f1-8fdf-0255ac12109b, TBG_TOSINBANJAR, , 9a1a95b2-1797-11f1-b470-0255ac120236, 32BJR_0016, ,	 108.56678, , , 0, , , , No, , , -7.36518, , , , , , , , , , , -7.36518, ce1d6700-f34d-11f0-80d8-0255ac12193b, , , , , , ,	 108.56678, , , , , , 43, , , , , , , , 1cee8e04-16df-11f1-9eb3-0255ac1218dd, 32BJR_0016, , true,	 1786017795794, 2026-08-06 12:03:15, e703fcc2-e165-11f0-a9fb-0255ac121097, , , , , , , TBG, , , , , No, No, No, , 
 2df57184-f362-11f0-82f8-0255ac12021f, , , , , , f343d1fb-e165-11f0-90da-0255ac121938, , , , f0a18f4d-6bd2-11f1-8cac-0255ac120ff9, , , , , 24e68db1-5b4b-11f1-8fdf-0255ac12109b, TBG_CIAMIS, , 9a1a95b2-1797-11f1-b470-0255ac120236, 32CMS_0009, ,	 108.35195, , , 0, , , , No, , , -7.32965, , , , , , , , , , , -7.32965, ce1d6700-f34d-11f0-80d8-0255ac12193b, , , , , , ,	 108.35195, , , , , ,	 328, , , , , , , , 1cef5169-16df-11f1-9eb3-0255ac1218dd, 32CMS_0009, , true,	 1786017795735, 2026-08-06 12:03:15, e703fcc2-e165-11f0-a9fb-0255ac121097, , , , , , , TBG, , , , , No, No, No, , 
 2df57184-f362-11f0-82f8-0255ac12021f, , , , , , f343d1fb-e165-11f0-90da-0255ac121938, , , , f0a18f4d-6bd2-11f1-8cac-0255ac120ff9, , , , , 2576c00a-5b4b-11f1-8fdf-0255ac12109b, TBG_INDUSTRI_KAMPUNG_NAGRAK_CICADAS, , 58bfb47e-2cb4-11f1-ab67-0255ac1208c4, 32PWK_0027, ,	 107.40598, , , 0, , , , No, , , -6.49587, , , , , , , , , , , -6.49587, ce1d6700-f34d-11f0-80d8-0255ac12193b, , , , , , ,	 107.40598, , , , , ,	 190, , , , , , , , 1cf062ee-16df-11f1-9eb3-0255ac1218dd, 32PWK_0027, , true,	 1786017795720, 2026-08-06 12:03:15, e703fcc2-e165-11f0-a9fb-0255ac121097, , , , , , , TBG, , , , , No, No, No, , 
 1ac88c88-0300-11f1-bdcd-0255ac121084, , , , , , f343d1fb-e165-11f0-90da-0255ac121938, , , , f0a18f4d-6bd2-11f1-8cac-0255ac120ff9, , , , , 25a940c5-5b4b-11f1-8fdf-0255ac12109b, TBG_KADIPIRO_SURAKARTA_RELOC, , b3f5645d-1797-11f1-b289-0255ac12100b, 33SKT_0027, ,	 110.82189, , , 0, , , , No, , , -7.53975, , , , , , , , , , , -7.53975, ce1d6700-f34d-11f0-80d8-0255ac12193b, , , , , , ,	 110.82189, , , , , ,	 245, , , , , , , , 1cf08a0d-16df-11f1-9eb3-0255ac1218dd, 33SKT_0027, , true,	 1786017795733, 2026-08-06 12:03:15, b48c3ea5-fb2f-11f0-be90-0255ac120057, , , , , , , TBG, , , , , No, No, No, , 
 25426cff-f362-11f0-8722-0255ac1208c5, , , , , , f343d1fb-e165-11f0-90da-0255ac121938, , , , f0a18f4d-6bd2-11f1-8cac-0255ac120ff9, , , , , 254a57fc-5b4b-11f1-8fdf-0255ac12109b, TBG_TUNGGORONO, , eea6dfb1-74a7-11f1-9425-0255ac12100a, 35JBG_0020, ,	 112.21651, , , 0, , , , No, , , -7.54883, , , , , , , , , , , -7.54883, ce1d6700-f34d-11f0-80d8-0255ac12193b, , , , , , ,	 112.21651, , , , , ,	 359, , , , , , , , 1cf14d72-16df-11f1-9eb3-0255ac1218dd, 35JBG_0020, , true,	 1786017795802, 2026-08-06 12:03:15, e703fcc2-e165-11f0-a9fb-0255ac121097, , , , , , , TBG, , , , , No, No, No, , 
 2df57184-f362-11f0-82f8-0255ac12021f, , , , , , f343d1fb-e165-11f0-90da-0255ac121938, , , , f0a18f4d-6bd2-11f1-8cac-0255ac120ff9, , , , , 7baa6b5b-f34e-11f0-a8cb-0255ac1211f7, TBG_KADESGANDASARI, , 47b0e452-4eb8-11f1-a63d-0255ac1203fc, 32BKS_0198, ,	 107.08176, , , 0, , , , No, , , -6.27294, , , , , , , , , , , -6.27294, ce1d6700-f34d-11f0-80d8-0255ac12193b, , , , , , ,	 107.08176, , , , , ,	 311, , , , , , , , 1cf48135-16df-11f1-9eb3-0255ac1218dd, 32BKS_0198, , true,	 1786017795730, 2026-08-06 12:03:15, e703fcc2-e165-11f0-a9fb-0255ac121097, , , , , , , TBG, , , , , No, No, No, , 
 2d1992c8-0300-11f1-8f47-0255ac121dc0, , , , , , f343d1fb-e165-11f0-90da-0255ac121938, , , , f0a18f4d-6bd2-11f1-8cac-0255ac120ff9, , , , , 24dddb08-5b4b-11f1-8fdf-0255ac12109b, TBG_BANGUNTAPAN, , 8dbc3c11-1797-11f1-8caf-0255ac1211f5, 34BTL_0029, ,	 110.41278, , , 0, , , , No, , , -7.80407, , , , , , , , , , , -7.80407, ce1d6700-f34d-11f0-80d8-0255ac12193b, , , , , , ,	 110.41278, , , , , ,	 139, , , , , , , , 1cf56bb0-16df-11f1-9eb3-0255ac1218dd, 34BTL_0029, , true,	 1786017795703, 2026-08-06 12:03:15, b493b903-fb2f-11f0-be90-0255ac120057, , , , , , , TBG, , , , , No, No, No, , 
 2df57184-f362-11f0-82f8-0255ac12021f, , , , , , f343d1fb-e165-11f0-90da-0255ac121938, , , , f0a18f4d-6bd2-11f1-8cac-0255ac120ff9, , , , , 24ed6b96-5b4b-11f1-8fdf-0255ac12109b, TBG_UJUNGGEBANG_GEGESIK, , 58ca3c25-2cb4-11f1-ab67-0255ac1208c4, 32CBN_0065, ,	 108.38468, , , 0, , , , No, , , -6.59686, , , , , , , , , , , -6.59686, ce1d6700-f34d-11f0-80d8-0255ac12193b, , , , , , ,	 108.38468, , , , , , 64, , , , , , , , 1cf65629-16df-11f1-9eb3-0255ac1218dd, 32CBN_0065, , true,	 1786017795936, 2026-08-06 12:03:15, e703fcc2-e165-11f0-a9fb-0255ac121097, , , , , , , TBG, , , , , No, No, No, , 
 2df57184-f362-11f0-82f8-0255ac12021f, , , , , , f343d1fb-e165-11f0-90da-0255ac121938, , , , f0a18f4d-6bd2-11f1-8cac-0255ac120ff9, , , , , 24da5886-5b4b-11f1-8fdf-0255ac12109b, TBG_BABAKAN_PEUTEUY, , 9ffbdd8f-1797-11f1-b3b6-0255ac120212, 32BDG_0074, ,	 107.84807, , , 0, , , , No, , , -6.98644, , , , , , , , , , , -6.98644, ce1d6700-f34d-11f0-80d8-0255ac12193b, , , , , , ,	 107.84807, , , , , , 100, , , , , , , , 1cf78ed5-16df-11f1-9eb3-0255ac1218dd, 32BDG_0074, , true,	 1786017796811, 2026-08-06 12:03:16, e703fcc2-e165-11f0-a9fb-0255ac121097, , , , , , , TBG, , , , , No, No, No, , 
 1ac88c88-0300-11f1-bdcd-0255ac121084, , , , , , f343d1fb-e165-11f0-90da-0255ac121938, , , , f0a18f4d-6bd2-11f1-8cac-0255ac120ff9, , , , , 24e4dfff-5b4b-11f1-8fdf-0255ac12109b, TBG_BUMIAYU, , ce2b4a23-74a7-11f1-9cdd-0255ac1211fc, 33BBS_0034, ,	 109.00842, , , 0, , , , No, , , -7.25128, , , , , , , , , , , -7.25128, ce1d6700-f34d-11f0-80d8-0255ac12193b, , , , , , ,	 109.00842, , , , , ,	 483, , , , , , , , 1cf8a070-16df-11f1-9eb3-0255ac1218dd, 33BBS_0034, , true,	 1786017796480, 2026-08-06 12:03:16, b48c3ea5-fb2f-11f0-be90-0255ac120057, , , , , , , TBG, , , , , No, No, No, , 
 2df57184-f362-11f0-82f8-0255ac12021f, , , , , , f343d1fb-e165-11f0-90da-0255ac121938, , , , f0a18f4d-6bd2-11f1-8cac-0255ac120ff9, , , , , 254d8c60-5b4b-11f1-8fdf-0255ac12109b, TBG_JL_SUHUD_HIDAYAT, , a40cd1fc-1797-11f1-bdcd-0255ac121084, 32KWG_0036, ,	 107.32233, , , 0, , , , No, , , -6.32676, , , , , , , , , , , -6.32676, ce1d6700-f34d-11f0-80d8-0255ac12193b, , , , , , ,	 107.32233, , , , , ,	 176, , , , , , , , 1cf915ab-16df-11f1-9eb3-0255ac1218dd, 32KWG_0036, , true,	 1786017796188, 2026-08-06 12:03:16, e703fcc2-e165-11f0-a9fb-0255ac121097, , , , , , , TBG, , , , , No, No, No, , 
 1ac88c88-0300-11f1-bdcd-0255ac121084, , , , , , f343d1fb-e165-11f0-90da-0255ac121938, , , , f0a18f4d-6bd2-11f1-8cac-0255ac120ff9, , , , , 25adfbc2-5b4b-11f1-8fdf-0255ac12109b, TBG_KALIMATI, , 590d86e8-2cb4-11f1-ab67-0255ac1208c4, 33TGL_0047, ,	 109.14312, , , 0, , , , No, , , -6.85334, , , , , , , , , , , -6.85334, ce1d6700-f34d-11f0-80d8-0255ac12193b, , , , , , ,	 109.14312, , , , , ,	 177, , , , , , , , 1cfa4e50-16df-11f1-9eb3-0255ac1218dd, 33TGL_0047, , true,	 1786017796182, 2026-08-06 12:03:16, b48c3ea5-fb2f-11f0-be90-0255ac120057, , , , , , , TBG, , , , , No, No, No, , 
 25426cff-f362-11f0-8722-0255ac1208c5, , , , , , f343d1fb-e165-11f0-90da-0255ac121938, , , , f0a18f4d-6bd2-11f1-8cac-0255ac120ff9, , , , , 0f09bb51-f34e-11f0-b617-0255ac1205c2, TBG_KALIURANG, , a73bf14a-1797-11f1-a4c0-0255ac12094c, 35JMR_0057, ,	 113.73338, , , 0, , , , No, , , -8.16327, , , , , , , , , , , -8.16327, ce1d6700-f34d-11f0-80d8-0255ac12193b, , , , , , ,	 113.73338, , , , , , 22, , , , , , , , 1cfee1ae-16df-11f1-9eb3-0255ac1218dd, 35JMR_0057, , true,	 1786017796095, 2026-08-06 12:03:16, e703fcc2-e165-11f0-a9fb-0255ac121097, , , , , , , TBG, , , , , No, No, No, , 
 2df57184-f362-11f0-82f8-0255ac12021f, , , , , , f343d1fb-e165-11f0-90da-0255ac121938, , , , f0a18f4d-6bd2-11f1-8cac-0255ac120ff9, , , , , 25800e37-5b4b-11f1-8fdf-0255ac12109b, TBG_MANGKALAYA_CBG, , aa157741-1797-11f1-bdcd-0255ac121084, 32SKB_0035, ,	 106.87704, , , 0, , , , No, , , -6.9291, , , , , , , , , , , -6.9291, ce1d6700-f34d-11f0-80d8-0255ac12193b, , , , , , ,	 106.87704, , , , , ,	 332, , , , , , , , 1d00ddc4-16df-11f1-9eb3-0255ac1218dd, 32SKB_0035, , true,	 1786017796118, 2026-08-06 12:03:16, e703fcc2-e165-11f0-a9fb-0255ac121097, , , , , , , TBG, , , , , No, No, No, , 
 2df57184-f362-11f0-82f8-0255ac12021f, , , , , , f343d1fb-e165-11f0-90da-0255ac121938, , , , f0a18f4d-6bd2-11f1-8cac-0255ac120ff9, , , , , 2576c00a-5b4b-11f1-8fdf-0255ac12109b, TBG_BABAKAN_CIKAO, , 58bfb47e-2cb4-11f1-ab67-0255ac1208c4, 32PWK_0028, ,	 107.4246, , , 0, , , , No, , , -6.51044, , , , , , , , , , , -6.51044, ce1d6700-f34d-11f0-80d8-0255ac12193b, , , , , , ,	 107.4246, , , , , ,	 290, , , , , , , , 1d01a12f-16df-11f1-9eb3-0255ac1218dd, 32PWK_0028, , true,	 1786017796214, 2026-08-06 12:03:16, e703fcc2-e165-11f0-a9fb-0255ac121097, , , , , , , TBG, , , , , No, No, No, , 
 25426cff-f362-11f0-8722-0255ac1208c5, , , , , , f343d1fb-e165-11f0-90da-0255ac121938, , , , f0a18f4d-6bd2-11f1-8cac-0255ac120ff9, , , , , 0f09bb51-f34e-11f0-b617-0255ac1205c2, TBG_IBS_KACA_PIRING_PATRANG, , a73bf14a-1797-11f1-a4c0-0255ac12094c, 35JMR_0042, ,	 113.68974, , , 0, , , , No, , , -8.16348, , , , , , , , , , , -8.16348, ce1d6700-f34d-11f0-80d8-0255ac12193b, , , , , , ,	 113.68974, , , , , ,	 136, , , , , , , , 1d034f09-16df-11f1-9eb3-0255ac1218dd, 35JMR_0042, , true,	 1786017796204, 2026-08-06 12:03:16, e703fcc2-e165-11f0-a9fb-0255ac121097, , , , , , , TBG, , , , , No, No, No, , 
 2df57184-f362-11f0-82f8-0255ac12021f, , , , , , f343d1fb-e165-11f0-90da-0255ac121938, , , , f0a18f4d-6bd2-11f1-8cac-0255ac120ff9, , , , , 205c3714-5d7f-11f1-a63d-0255ac1203fc, TBG_PERUMNAS_CRB, , 58ca3c25-2cb4-11f1-ab67-0255ac1208c4, 32CBN_0067, ,	 108.56305, , , 0, , , , No, , , -6.73593, , , , , , , , , , , -6.73593, ce1d6700-f34d-11f0-80d8-0255ac12193b, , , , , , ,	 108.56305, , , , , , 90, , , , , , , , 1d04fc04-16df-11f1-9eb3-0255ac1218dd, 32CBN_0067, , true,	 1786017796309, 2026-08-06 12:03:16, e703fcc2-e165-11f0-a9fb-0255ac121097, , , , , , , TBG, , , , , No, No, No, , 
 28c4b082-0303-11f1-b97b-0255ac120084, , , , , , f343d1fb-e165-11f0-90da-0255ac121938, , , , f0a18f4d-6bd2-11f1-8cac-0255ac120ff9, , , , , 25a5e65d-5b4b-11f1-8fdf-0255ac12109b, TBG_PETIR_BANJAR_SARI_CIPOCOK, , 47c35b4e-4eb8-11f1-a63d-0255ac1203fc, 36SRG_0008, ,	 106.17849, , , 0, , , , No, , , -6.15042, , , , , , , , , , , -6.15042, ce1d6700-f34d-11f0-80d8-0255ac12193b, , , , , , ,	 106.17849, , , , , , 29, , , , , , , , 1d09b774-16df-11f1-9eb3-0255ac1218dd, 36SRG_0008, , true,	 1786017796476, 2026-08-06 12:03:16, b489f5a1-fb2f-11f0-be90-0255ac120057, , , , , , , TBG, , , , , No, No, No, , 
 28c4b082-0303-11f1-b97b-0255ac120084, , , , , , f343d1fb-e165-11f0-90da-0255ac121938, , , , f0a18f4d-6bd2-11f1-8cac-0255ac120ff9, , , , , 25aac768-5b4b-11f1-8fdf-0255ac12109b, TBG_NEGLASARI_KARANGSARI, , 856a9036-1797-11f1-b28c-0255ac12007b, 36TNG_0002, ,	 106.63921, , , 0, , , , No, , , -6.16327, , , , , , , , , , , -6.16327, ce1d6700-f34d-11f0-80d8-0255ac12193b, , , , , , ,	 106.63921, , , , , ,	 1136, , , , , , , , 1d0c0179-16df-11f1-9eb3-0255ac1218dd, 36TNG_0002, , true,	 1786017796182, 2026-08-06 12:03:16, e703fcc2-e165-11f0-a9fb-0255ac121097, , , , , , , TBG, , , , , No, No, No, , 
 2df57184-f362-11f0-82f8-0255ac12021f, , , , , , f343d1fb-e165-11f0-90da-0255ac121938, , , , f0a18f4d-6bd2-11f1-8cac-0255ac120ff9, , , , , 2592ac2f-5b4b-11f1-8fdf-0255ac12109b, TBG_CIPAKU_BOGOR, , 47b59f59-4eb8-11f1-a63d-0255ac1203fc, 32BGR_0126, ,	 106.81195, , , 0, , , , No, , , -6.63329, , , , , , , , , , , -6.63329, ce1d6700-f34d-11f0-80d8-0255ac12193b, , , , , , ,	 106.81195, , , , , ,	 214, , , , , , , , 1d0e71d5-16df-11f1-9eb3-0255ac1218dd, 32BGR_0126, , true,	 1786017796299, 2026-08-06 12:03:16, e703fcc2-e165-11f0-a9fb-0255ac121097, , , , , , , TBG, , , , , No, No, No, , 
 1ac88c88-0300-11f1-bdcd-0255ac121084, , , , , , f343d1fb-e165-11f0-90da-0255ac121938, , , , f0a18f4d-6bd2-11f1-8cac-0255ac120ff9, , , , , 24f3d44b-5b4b-11f1-8fdf-0255ac12109b, TBG_KRAJAN_KIDUL, , 58d9a589-2cb4-11f1-ab67-0255ac1208c4, 33PWD_0023, ,	 111.08998, , , 0, , , , No, , , -7.13259, , , , , , , , , , , -7.13259, ce1d6700-f34d-11f0-80d8-0255ac12193b, , , , , , ,	 111.08998, , , , , ,	 124, , , , , , , , 1d126a02-16df-11f1-9eb3-0255ac1218dd, 33PWD_0023, , true,	 1786017796219, 2026-08-06 12:03:16, e70a8cd9-e165-11f0-a9fb-0255ac121097, , , , , , , TBG, , , , , No, No, No, , 
 28c4b082-0303-11f1-b97b-0255ac120084, , , , , , f343d1fb-e165-11f0-90da-0255ac121938, , , , f0a18f4d-6bd2-11f1-8cac-0255ac120ff9, , , , , 25a5e65d-5b4b-11f1-8fdf-0255ac12109b, TBG_TRONDOL_TERATAI, , 47c35b4e-4eb8-11f1-a63d-0255ac1203fc, 36SRG_0030, ,	 106.17281, , , 0, , , , No, , , -6.1027, , , , , , , , , , , -6.1027, ce1d6700-f34d-11f0-80d8-0255ac12193b, , , , , , ,	 106.17281, , , , , ,	 154, , , , , , , , 1d130659-16df-11f1-9eb3-0255ac1218dd, 36SRG_0030, , true,	 1786017796202, 2026-08-06 12:03:16, b489f5a1-fb2f-11f0-be90-0255ac120057, , , , , , , TBG, , , , , No, No, No, , 
 25426cff-f362-11f0-8722-0255ac1208c5, , , , , , f343d1fb-e165-11f0-90da-0255ac121938, , , , f0a18f4d-6bd2-11f1-8cac-0255ac120ff9, , , , , 0980097b-f34e-11f0-80d8-0255ac12193b, TBG_IBS_KRIAN, , 9784a8b3-1797-11f1-8e49-0255ac121206, 35SDA_0106, ,	 112.5919303, , , 0, , , , No, , , -7.40275, , , , , , , , , , , -7.40275, ce1d6700-f34d-11f0-80d8-0255ac12193b, , , , , , ,	 112.5919303, , , , , ,	 146, , , , , , , , 1d16d66a-16df-11f1-9eb3-0255ac1218dd, 35SDA_0106, , true,	 1786017796496, 2026-08-06 12:03:16, e703fcc2-e165-11f0-a9fb-0255ac121097, , , , , , , TBG, , , , , No, No, No, , 
 2df57184-f362-11f0-82f8-0255ac12021f, , , , , , f343d1fb-e165-11f0-90da-0255ac121938, , , , f0a18f4d-6bd2-11f1-8cac-0255ac120ff9, , , , , 2061b5ab-5d7f-11f1-a63d-0255ac1203fc, TBG_GEDONG_PANJANG_CITAMIANG, , aa157741-1797-11f1-bdcd-0255ac121084, 32SKB_0036, ,	 106.932224, , , 0, , , , No, , , -6.93853, , , , , , , , , , , -6.93853, ce1d6700-f34d-11f0-80d8-0255ac12193b, , , , , , ,	 106.932224, , , , , , 25, , , , , , , , 1d180efb-16df-11f1-9eb3-0255ac1218dd, 32SKB_0036, , true,	 1786017796332, 2026-08-06 12:03:16, e703fcc2-e165-11f0-a9fb-0255ac121097, , , , , , , TBG, , , , , No, No, No, , 
 2df57184-f362-11f0-82f8-0255ac12021f, , , , , , f343d1fb-e165-11f0-90da-0255ac121938, , , , f0a18f4d-6bd2-11f1-8cac-0255ac120ff9, , , , , 2576c00a-5b4b-11f1-8fdf-0255ac12109b, TBG_CISEUREUH_PURWAKARTA, , 58bfb47e-2cb4-11f1-ab67-0255ac1208c4, 32PWK_0011, ,	 107.45453, , , 0, , , , No, , , -6.52407, , , , , , , , , , , -6.52407, ce1d6700-f34d-11f0-80d8-0255ac12193b, , , , , , ,	 107.45453, , , , , , 69, , , , , , , , 1d180efc-16df-11f1-9eb3-0255ac1218dd, 32PWK_0011, , true,	 1786017796220, 2026-08-06 12:03:16, e703fcc2-e165-11f0-a9fb-0255ac121097, , , , , , , TBG, , , , , No, No, No, , 
 25426cff-f362-11f0-8722-0255ac1208c5, , , , , , f343d1fb-e165-11f0-90da-0255ac121938, , , , f0a18f4d-6bd2-11f1-8cac-0255ac120ff9, , , , , 258899e6-5b4b-11f1-8fdf-0255ac12109b, TBG_TULUNG_AGUNG_SOBONTORO, , 47a4af2f-4eb8-11f1-a63d-0255ac1203fc, 35TLG_0051, ,	 111.8950361, , , 0, , , , No, , , -8.0742, , , , , , , , , , , -8.0742, ce1d6700-f34d-11f0-80d8-0255ac12193b, , , , , , ,	 111.8950361, , , , , , 38, , , , , , , , 1d1b919f-16df-11f1-9eb3-0255ac1218dd, 35TLG_0051, , true,	 1786017796321, 2026-08-06 12:03:16, e703fcc2-e165-11f0-a9fb-0255ac121097, , , , , , , TBG, , , , , No, No, No, , 
 1ac88c88-0300-11f1-bdcd-0255ac121084, , , , , , f343d1fb-e165-11f0-90da-0255ac121938, , , , f0a18f4d-6bd2-11f1-8cac-0255ac120ff9, , , , , 258a6eab-5b4b-11f1-8fdf-0255ac12109b, TBG_GIRIWONO, , b3f5645d-1797-11f1-b289-0255ac12100b, 33WNG_0007, ,	 110.91471, , , 0, , , , No, , , -7.80882, , , , , , , , , , , -7.80882, ce1d6700-f34d-11f0-80d8-0255ac12193b, , , , , , ,	 110.91471, , , , , ,	 296, , , , , , , , 1d1c7c19-16df-11f1-9eb3-0255ac1218dd, 33WNG_0007, , true,	 1786017796307, 2026-08-06 12:03:16, b48c3ea5-fb2f-11f0-be90-0255ac120057, , , , , , , TBG, , , , , No, No, No, , 
 25426cff-f362-11f0-8722-0255ac1208c5, , , , , , f343d1fb-e165-11f0-90da-0255ac121938, , , , f0a18f4d-6bd2-11f1-8cac-0255ac120ff9, , , , , 51cdb63a-f34e-11f0-8246-0255ac120944, TBG_PASAR_BARON_NGANJUK, , eea6dfb1-74a7-11f1-9425-0255ac12100a, 35NJK_0020, ,	 112.05034, , , 0, , , , No, , , -7.60878, , , , , , , , , , , -7.60878, ce1d6700-f34d-11f0-80d8-0255ac12193b, , , , , , ,	 112.05034, , , , , ,	 177, , , , , , , , 1d1cf15c-16df-11f1-9eb3-0255ac1218dd, 35NJK_0020, , true,	 1786017796376, 2026-08-06 12:03:16, e703fcc2-e165-11f0-a9fb-0255ac121097, , , , , , , TBG, , , , , No, No, No, , 
 1ac88c88-0300-11f1-bdcd-0255ac121084, , , , , , f343d1fb-e165-11f0-90da-0255ac121938, , , , f0a18f4d-6bd2-11f1-8cac-0255ac120ff9, , , , , 25820a13-5b4b-11f1-8fdf-0255ac12109b, TBG_KEPUH, , b3f5645d-1797-11f1-b289-0255ac12100b, 33SKH_0028, ,	 110.8549, , , 0, , , , No, , , -7.71, , , , , , , , , , , -7.71, ce1d6700-f34d-11f0-80d8-0255ac12193b, , , , , , ,	 110.8549, , , , , ,	 392, , , , , , , , 1d1d186d-16df-11f1-9eb3-0255ac1218dd, 33SKH_0028, , true,	 1786017796385, 2026-08-06 12:03:16, b48c3ea5-fb2f-11f0-be90-0255ac120057, , , , , , , TBG, , , , , No, No, No, , 
 2df57184-f362-11f0-82f8-0255ac12021f, , , , , , f343d1fb-e165-11f0-90da-0255ac121938, , , , f0a18f4d-6bd2-11f1-8cac-0255ac120ff9, , , , , 7685bc47-f34e-11f0-8acc-0255ac121003, TBG_CILEBUT_TIMUR, , 47b59f59-4eb8-11f1-a63d-0255ac1203fc, 32BGR_0013, ,	 106.79308, , , 0, , , , No, , , -6.52491, , , , , , , , , , , -6.52491, ce1d6700-f34d-11f0-80d8-0255ac12193b, , , , , , ,	 106.79308, , , , , , , , , , , , , , 1d1d8da8-16df-11f1-9eb3-0255ac1218dd, 32BGR_0013, , true,	 1786017796419, 2026-08-06 12:03:16, e703fcc2-e165-11f0-a9fb-0255ac121097, , , , , , , TBG, , , , , No, No, No, , 
 1ac88c88-0300-11f1-bdcd-0255ac121084, , , , , , f343d1fb-e165-11f0-90da-0255ac121938, , , , f0a18f4d-6bd2-11f1-8cac-0255ac120ff9, , , , , 25a45fb8-5b4b-11f1-8fdf-0255ac12109b, TBG_PEDURUNGAN, , 9120c34a-1797-11f1-be90-0255ac120057, 33SMG_0023, ,	 110.48666, , , 0, , , , No, , , -7.01532, , , , , , , , , , , -7.01532, ce1d6700-f34d-11f0-80d8-0255ac12193b, , , , , , ,	 110.48666, , , , , , 38, , , , , , , , 1d1f6296-16df-11f1-9eb3-0255ac1218dd, 33SMG_0023, , true,	 1786017796404, 2026-08-06 12:03:16, e70a8cd9-e165-11f0-a9fb-0255ac121097, , , , , , , TBG, , , , , No, No, No, , 
 25426cff-f362-11f0-8722-0255ac1208c5, , , , , , f343d1fb-e165-11f0-90da-0255ac121938, , , , f0a18f4d-6bd2-11f1-8cac-0255ac120ff9, , , , , 0f09bb51-f34e-11f0-b617-0255ac1205c2, TBG_KACA_PIRING_2_JEMBER_TBG, , a73bf14a-1797-11f1-a4c0-0255ac12094c, 35JMR_0041, ,	 113.68105, , , 0, , , , No, , , -8.16519, , , , , , , , , , , -8.16519, ce1d6700-f34d-11f0-80d8-0255ac12193b, , , , , , ,	 113.68105, , , , , , 88, , , , , , , , 1d20e876-16df-11f1-9eb3-0255ac1218dd, 35JMR_0041, , true,	 1786017796496, 2026-08-06 12:03:16, e703fcc2-e165-11f0-a9fb-0255ac121097, , , , , , , TBG, , , , , No, No, No, , 
 25426cff-f362-11f0-8722-0255ac1208c5, , , , , , f343d1fb-e165-11f0-90da-0255ac121938, , , , f0a18f4d-6bd2-11f1-8cac-0255ac120ff9, , , , , 259df6fa-5b4b-11f1-8fdf-0255ac12109b, TBG_KOTA_ARRAYA, , 9d3fcabe-1797-11f1-8d29-0255ac1218e4, 35MLG_0123, ,	 112.66314, , , 0, , , , No, , , -7.94169, , , , , , , , , , , -7.94169, ce1d6700-f34d-11f0-80d8-0255ac12193b, , , , , , ,	 112.66314, , , , , , 18, , , , , , , , 1d2332b2-16df-11f1-9eb3-0255ac1218dd, 35MLG_0123, , true,	 1786017796432, 2026-08-06 12:03:16, e703fcc2-e165-11f0-a9fb-0255ac121097, , , , , , , TBG, , , , , No, No, No, , 
 2df57184-f362-11f0-82f8-0255ac12021f, , , , , , f343d1fb-e165-11f0-90da-0255ac121938, , , , f0a18f4d-6bd2-11f1-8cac-0255ac120ff9, , , , , 24da5886-5b4b-11f1-8fdf-0255ac12109b, TBG_LINUD, , 9ffbdd8f-1797-11f1-b3b6-0255ac120212, 32BDG_0077, ,	 107.85793, , , 0, , , , No, , , -7.00254, , , , , , , , , , , -7.00254, ce1d6700-f34d-11f0-80d8-0255ac12193b, , , , , , ,	 107.85793, , , , , ,	 253, , , , , , , , 1d24926e-16df-11f1-9eb3-0255ac1218dd, 32BDG_0077, , true,	 1786017796685, 2026-08-06 12:03:16, e703fcc2-e165-11f0-a9fb-0255ac121097, , , , , , , TBG, , , , , No, No, No, , 
 2df57184-f362-11f0-82f8-0255ac12021f, , , , , , f343d1fb-e165-11f0-90da-0255ac121938, , , , f0a18f4d-6bd2-11f1-8cac-0255ac120ff9, , , , , 24ed6b96-5b4b-11f1-8fdf-0255ac12109b, TBG_CIGOBANGWANGI_WALED, , 58ca3c25-2cb4-11f1-ab67-0255ac1208c4, 32CBN_0068, ,	 108.73309, , , 0, , , , No, , , -6.91373, , , , , , , , , , , -6.91373, ce1d6700-f34d-11f0-80d8-0255ac12193b, , , , , , ,	 108.73309, , , , , , 90, , , , , , , , 1d24e099-16df-11f1-9eb3-0255ac1218dd, 32CBN_0068, , true,	 1786017797334, 2026-08-06 12:03:17, e703fcc2-e165-11f0-a9fb-0255ac121097, , , , , , , TBG, , , , , No, No, No, , 
 25426cff-f362-11f0-8722-0255ac1208c5, , , , , , f343d1fb-e165-11f0-90da-0255ac121938, , , , f0a18f4d-6bd2-11f1-8cac-0255ac120ff9, , , , , 2590fe7a-5b4b-11f1-8fdf-0255ac12109b, TBG_BENDOGERIT_BLITAR_TBG, , 835ac3d2-74a7-11f1-b24a-0255ac120ffd, 35BLT_0011, ,	 112.17082, , , 0, , , , No, , , -8.08593, , , , , , , , , , , -8.08593, ce1d6700-f34d-11f0-80d8-0255ac12193b, , , , , , ,	 112.17082, , , , , , 89, , , , , , , , 1d2507ad-16df-11f1-9eb3-0255ac1218dd, 35BLT_0011, , true,	 1786017796514, 2026-08-06 12:03:16, e703fcc2-e165-11f0-a9fb-0255ac121097, , , , , , , TBG, , , , , No, No, No, , 
 2df57184-f362-11f0-82f8-0255ac12021f, , , , , , f343d1fb-e165-11f0-90da-0255ac121938, , , , f0a18f4d-6bd2-11f1-8cac-0255ac120ff9, , , , , 258f50c2-5b4b-11f1-8fdf-0255ac12109b, TBG_SURYA_INDAH_RELOC, , 47b0e452-4eb8-11f1-a63d-0255ac1203fc, 32BKS_0199, ,	 106.99611, , , 0, , , , No, , , -6.23709, , , , , , , , , , , -6.23709, ce1d6700-f34d-11f0-80d8-0255ac12193b, , , , , , ,	 106.99611, , , , , ,	 412, , , , , , , , 1d25f224-16df-11f1-9eb3-0255ac1218dd, 32BKS_0199, , true,	 1786017796709, 2026-08-06 12:03:16, e703fcc2-e165-11f0-a9fb-0255ac121097, , , , , , , TBG, , , , , No, No, No, , 
 1ac88c88-0300-11f1-bdcd-0255ac121084, , , , , , f343d1fb-e165-11f0-90da-0255ac121938, , , , f0a18f4d-6bd2-11f1-8cac-0255ac120ff9, , , , , 24e4dfff-5b4b-11f1-8fdf-0255ac12109b, TBG_SITANGGALSELATAN, , ce2b4a23-74a7-11f1-9cdd-0255ac1211fc, 33BBS_0035, ,	 108.94959, , , 0, , , , No, , , -6.97598, , , , , , , , , , , -6.97598, ce1d6700-f34d-11f0-80d8-0255ac12193b, , , , , , ,	 108.94959, , , , , , 33, , , , , , , , 1d28d7b7-16df-11f1-9eb3-0255ac1218dd, 33BBS_0035, , true,	 1786017796612, 2026-08-06 12:03:16, e70a8cd9-e165-11f0-a9fb-0255ac121097, , , , , , , TBG, , , , , No, No, No, , 
 2df57184-f362-11f0-82f8-0255ac12021f, , , , , , f343d1fb-e165-11f0-90da-0255ac121938, , , , f0a18f4d-6bd2-11f1-8cac-0255ac120ff9, , , , , 254d8c60-5b4b-11f1-8fdf-0255ac12109b, TBG_JAK0151_JABODETABEK, , a40cd1fc-1797-11f1-bdcd-0255ac121084, 32KWG_0037, ,	 107.47075, , , 0, , , , No, , , -6.4071, , , , , , , , , , , -6.4071, ce1d6700-f34d-11f0-80d8-0255ac12193b, , , , , , ,	 107.47075, , , , , , 29, , , , , , , , 1d28fed4-16df-11f1-9eb3-0255ac1218dd, 32KWG_0037, , true,	 1786017796616, 2026-08-06 12:03:16, e703fcc2-e165-11f0-a9fb-0255ac121097, , , , , , , TBG, , , , , No, No, No, , 
 25426cff-f362-11f0-8722-0255ac1208c5, , , , , , f343d1fb-e165-11f0-90da-0255ac121938, , , , f0a18f4d-6bd2-11f1-8cac-0255ac120ff9, , , , , 413b289d-f34e-11f0-9ab3-0255ac1205b4, TBG_JATIANOM_2, , 835ac3d2-74a7-11f1-b24a-0255ac120ffd, 35BLT_0021, ,	 112.17353, , , 0, , , , No, , , -8.12567, , , , , , , , , , , -8.12567, ce1d6700-f34d-11f0-80d8-0255ac12193b, , , , , , ,	 112.17353, , , , , , 10, , , , , , , , 1d294cff-16df-11f1-9eb3-0255ac1218dd, 35BLT_0021, , true,	 1786017796786, 2026-08-06 12:03:16, e703fcc2-e165-11f0-a9fb-0255ac121097, , , , , , , TBG, , , , , No, No, No, , 
 1ac88c88-0300-11f1-bdcd-0255ac121084, , , , , , f343d1fb-e165-11f0-90da-0255ac121938, , , , f0a18f4d-6bd2-11f1-8cac-0255ac120ff9, , , , , 24eb6fb8-5b4b-11f1-8fdf-0255ac12109b, TBG_CILACAP_TENGAH_SIDANEGARA, , 477bca99-4eb8-11f1-a63d-0255ac1203fc, 33CLP_0062, ,	 109.01039, , , 0, , , , No, , , -7.72338, , , , , , , , , , , -7.72338, ce1d6700-f34d-11f0-80d8-0255ac12193b, , , , , , ,	 109.01039, , , , , ,	 867, , , , , , , , 1d2aacbb-16df-11f1-9eb3-0255ac1218dd, 33CLP_0062, , true,	 1786017796600, 2026-08-06 12:03:16, b48c3ea5-fb2f-11f0-be90-0255ac120057, , , , , , , TBG, , , , , No, No, No, , 
 1ac88c88-0300-11f1-bdcd-0255ac121084, , , , , , f343d1fb-e165-11f0-90da-0255ac121938, , , , f0a18f4d-6bd2-11f1-8cac-0255ac120ff9, , , , , 25a940c5-5b4b-11f1-8fdf-0255ac12109b, TBG_SINDORO_SOLO, , b3f5645d-1797-11f1-b289-0255ac12100b, 33SKT_0035, ,	 110.84921, , , 0, , , , No, , , -7.55249, , , , , , , , , , , -7.55249, ce1d6700-f34d-11f0-80d8-0255ac12193b, , , , , , ,	 110.84921, , , , , , 36, , , , , , , , 1d2d451a-16df-11f1-9eb3-0255ac1218dd, 33SKT_0035, , true,	 1786017796615, 2026-08-06 12:03:16, b48c3ea5-fb2f-11f0-be90-0255ac120057, , , , , , , TBG, , , , , No, No, No, , 
 25426cff-f362-11f0-8722-0255ac1208c5, , , , , , f343d1fb-e165-11f0-90da-0255ac121938, , , , f0a18f4d-6bd2-11f1-8cac-0255ac120ff9, , , , , 254a57fc-5b4b-11f1-8fdf-0255ac12109b, TBG_PETERONGAN, , eea6dfb1-74a7-11f1-9425-0255ac12100a, 35JBG_0014, ,	 112.28503, , , 0, , , , No, , , -7.54247, , , , , , , , , , , -7.54247, ce1d6700-f34d-11f0-80d8-0255ac12193b, , , , , , ,	 112.28503, , , , , ,	 298, , , , , , , , 1d2d9344-16df-11f1-9eb3-0255ac1218dd, 35JBG_0014, , true,	 1786017796790, 2026-08-06 12:03:16, e703fcc2-e165-11f0-a9fb-0255ac121097, , , , , , , TBG, , , , , No, No, No, , 
 2d1992c8-0300-11f1-8f47-0255ac121dc0, , , , , , f343d1fb-e165-11f0-90da-0255ac121938, , , , f0a18f4d-6bd2-11f1-8cac-0255ac120ff9, , , , , 257a68bf-5b4b-11f1-8fdf-0255ac12109b, TBG_PRAMBANAN_TAMANMARTANI, , 8dbc3c11-1797-11f1-8caf-0255ac1211f5, 34SMN_0050, ,	 110.4819883, , , 0, , , , No, , , -7.75844, , , , , , , , , , , -7.75844, ce1d6700-f34d-11f0-80d8-0255ac12193b, , , , , , ,	 110.4819883, , , , , ,	 254, , , , , , , , 1d2fb57c-16df-11f1-9eb3-0255ac1218dd, 34SMN_0050, , true,	 1786017796724, 2026-08-06 12:03:16, b493b903-fb2f-11f0-be90-0255ac120057, , , , , , , TBG, , , , , No, No, No, , 
 1ac88c88-0300-11f1-bdcd-0255ac121084, , , , , , f343d1fb-e165-11f0-90da-0255ac121938, , , , f0a18f4d-6bd2-11f1-8cac-0255ac120ff9, , , , , 24e2bd14-5b4b-11f1-8fdf-0255ac12109b, TBG_BALUN_BLORA, , a7b36c07-74a7-11f1-a3a3-0255ac1211e2, 33BLA_0007, ,	 111.58572, , , 0, , , , No, , , -7.16091, , , , , , , , , , , -7.16091, ce1d6700-f34d-11f0-80d8-0255ac12193b, , , , , , ,	 111.58572, , , , , ,	 830, , , , , , , , 1d30a006-16df-11f1-9eb3-0255ac1218dd, 33BLA_0007, , true,	 1786017797406, 2026-08-06 12:03:17, b48c3ea5-fb2f-11f0-be90-0255ac120057, , , , , , , TBG, , , , , No, No, No, , 
 2df57184-f362-11f0-82f8-0255ac12021f, , , , , , f343d1fb-e165-11f0-90da-0255ac121938, , , , f0a18f4d-6bd2-11f1-8cac-0255ac120ff9, , , , , 24ed6b96-5b4b-11f1-8fdf-0255ac12109b, TBG_CILEDUG_CIREBON_RELOC, , 58ca3c25-2cb4-11f1-ab67-0255ac1208c4, 32CBN_0069, ,	 108.74962, , , 0, , , , No, , , -6.90461, , , , , , , , , , , -6.90461, ce1d6700-f34d-11f0-80d8-0255ac12193b, , , , , , ,	 108.74962, , , , , ,	 527, , , , , , , , 1d324df3-16df-11f1-9eb3-0255ac1218dd, 32CBN_0069, , true,	 1786017796724, 2026-08-06 12:03:16, e703fcc2-e165-11f0-a9fb-0255ac121097, , , , , , , TBG, , , , , No, No, No, , 
 1ac88c88-0300-11f1-bdcd-0255ac121084, , , , , , f343d1fb-e165-11f0-90da-0255ac121938, , , , f0a18f4d-6bd2-11f1-8cac-0255ac120ff9, , , , , 25820a13-5b4b-11f1-8fdf-0255ac12109b, TBG_MERAK_SUKOHARJO, , b3f5645d-1797-11f1-b289-0255ac12100b, 33SKH_0029, ,	 110.83176, , , 0, , , , No, , , -7.6876, , , , , , , , , , , -7.6876, ce1d6700-f34d-11f0-80d8-0255ac12193b, , , , , , ,	 110.83176, , , , , ,	 168, , , , , , , , 1d333882-16df-11f1-9eb3-0255ac1218dd, 33SKH_0029, , true,	 1786017796814, 2026-08-06 12:03:16, b48c3ea5-fb2f-11f0-be90-0255ac120057, , , , , , , TBG, , , , , No, No, No, , 
 1ac88c88-0300-11f1-bdcd-0255ac121084, , , , , , f343d1fb-e165-11f0-90da-0255ac121938, , , , f0a18f4d-6bd2-11f1-8cac-0255ac120ff9, , , , , 2586ec26-5b4b-11f1-8fdf-0255ac12109b, TBG_KEJAMBON, , 590d86e8-2cb4-11f1-ab67-0255ac1208c4, 33TGL_0049, ,	 109.14191, , , 0, , , , No, , , -6.8966, , , , , , , , , , , -6.8966, ce1d6700-f34d-11f0-80d8-0255ac12193b, , , , , , ,	 109.14191, , , , , , 3, , , , , , , , 1d34bf4e-16df-11f1-9eb3-0255ac1218dd, 33TGL_0049, , true,	 1786017796785, 2026-08-06 12:03:16, e70a8cd9-e165-11f0-a9fb-0255ac121097, , , , , , , TBG, , , , , No, No, No, , 
 2df57184-f362-11f0-82f8-0255ac12021f, , , , , , f343d1fb-e165-11f0-90da-0255ac121938, , , , f0a18f4d-6bd2-11f1-8cac-0255ac120ff9, , , , , 2576c00a-5b4b-11f1-8fdf-0255ac12109b, TBG_CISEUREUH, , 58bfb47e-2cb4-11f1-ab67-0255ac1208c4, 32PWK_0004, ,	 107.4435, , , 0, , , , No, , , -6.52293, , , , , , , , , , , -6.52293, ce1d6700-f34d-11f0-80d8-0255ac12193b, , , , , , ,	 107.4435, , , , , , 68, , , , , , , , 1d37cc11-16df-11f1-9eb3-0255ac1218dd, 32PWK_0004, , true,	 1786017796801, 2026-08-06 12:03:16, e703fcc2-e165-11f0-a9fb-0255ac121097, , , , , , , TBG, , , , , No, No, No, , 
 2df57184-f362-11f0-82f8-0255ac12021f, , , , , , f343d1fb-e165-11f0-90da-0255ac121938, , , , f0a18f4d-6bd2-11f1-8cac-0255ac120ff9, , , , , 254d8c60-5b4b-11f1-8fdf-0255ac12109b, TBG_CIBALONGSARI, , a40cd1fc-1797-11f1-bdcd-0255ac121084, 32KWG_0011, ,	 107.36868, , , 0, , , , No, , , -6.34881, , , , , , , , , , , -6.34881, ce1d6700-f34d-11f0-80d8-0255ac12193b, , , , , , ,	 107.36868, , , , , ,	 220, , , , , , , , 1d3b75de-16df-11f1-9eb3-0255ac1218dd, 32KWG_0011, , true,	 1786017796801, 2026-08-06 12:03:16, e703fcc2-e165-11f0-a9fb-0255ac121097, , , , , , , TBG, , , , , No, No, No, , 
 25426cff-f362-11f0-8722-0255ac1208c5, , , , , , f343d1fb-e165-11f0-90da-0255ac121938, , , , f0a18f4d-6bd2-11f1-8cac-0255ac120ff9, , , , , 3ac87689-f34e-11f0-8722-0255ac1208c5, TBG_KROMENGAN, , 835ac3d2-74a7-11f1-b24a-0255ac120ffd, 35MLG_0028, ,	 112.5229, , , 0, , , , No, , , -8.14298, , , , , , , , , , , -8.14298, ce1d6700-f34d-11f0-80d8-0255ac12193b, , , , , , ,	 112.5229, , , , , ,	 382, , , , , , , , 1d3beb1f-16df-11f1-9eb3-0255ac1218dd, 35MLG_0028, , true,	 1786017796823, 2026-08-06 12:03:16, e703fcc2-e165-11f0-a9fb-0255ac121097, , , , , , , TBG, , , , , No, No, No, , 
 1ac88c88-0300-11f1-bdcd-0255ac121084, , , , , , f343d1fb-e165-11f0-90da-0255ac121938, , , , f0a18f4d-6bd2-11f1-8cac-0255ac120ff9, , , , , 25820a13-5b4b-11f1-8fdf-0255ac12109b, TBG_SUKOHARJO, , b3f5645d-1797-11f1-b289-0255ac12100b, 33SKH_0031, ,	 110.84578, , , 0, , , , No, , , -7.67883, , , , , , , , , , , -7.67883, ce1d6700-f34d-11f0-80d8-0255ac12193b, , , , , , ,	 110.84578, , , , , ,	 394, , , , , , , , 1d3cd59d-16df-11f1-9eb3-0255ac1218dd, 33SKH_0031, , true,	 1786017796805, 2026-08-06 12:03:16, b48c3ea5-fb2f-11f0-be90-0255ac120057, , , , , , , TBG, , , , , No, No, No, , 
 2df57184-f362-11f0-82f8-0255ac12021f, , , , , , f343d1fb-e165-11f0-90da-0255ac121938, , , , f0a18f4d-6bd2-11f1-8cac-0255ac120ff9, , , , , 24f58204-5b4b-11f1-8fdf-0255ac12109b, TBG_KEDOKAN, , 81efa9e8-58b8-11f1-a63d-0255ac1203fc, 32IDM_0028, ,	 108.10847, , , 0, , , , No, , , -6.46587, , , , , , , , , , , -6.46587, ce1d6700-f34d-11f0-80d8-0255ac12193b, , , , , , ,	 108.10847, , , , , ,	 162, , , , , , , , 1d3cfcb1-16df-11f1-9eb3-0255ac1218dd, 32IDM_0028, , true,	 1786017796886, 2026-08-06 12:03:16, e703fcc2-e165-11f0-a9fb-0255ac121097, , , , , , , TBG, , , , , No, No, No, , 
 25426cff-f362-11f0-8722-0255ac1208c5, , , , , , f343d1fb-e165-11f0-90da-0255ac121938, , , , f0a18f4d-6bd2-11f1-8cac-0255ac120ff9, , , , , 258899e6-5b4b-11f1-8fdf-0255ac12109b, TBG_GEDANGSEWU_TULUNGAGUNG, , 47a4af2f-4eb8-11f1-a63d-0255ac1203fc, 35TLG_0052, ,	 111.89138, , , 0, , , , No, , , -8.08059, , , , , , , , , , , -8.08059, ce1d6700-f34d-11f0-80d8-0255ac12193b, , , , , , ,	 111.89138, , , , , , 24, , , , , , , , 1d3d9904-16df-11f1-9eb3-0255ac1218dd, 35TLG_0052, , true,	 1786017796978, 2026-08-06 12:03:16, e703fcc2-e165-11f0-a9fb-0255ac121097, , , , , , , TBG, , , , , No, No, No, , 
 25426cff-f362-11f0-8722-0255ac1208c5, , , , , , f343d1fb-e165-11f0-90da-0255ac121938, , , , f0a18f4d-6bd2-11f1-8cac-0255ac120ff9, , , , , 25a2d90c-5b4b-11f1-8fdf-0255ac12109b, TBG_MASTRIPPROB, , a73bf14a-1797-11f1-a4c0-0255ac12094c, 35PBL_0025, ,	 113.21952, , , 0, , , , No, , , -7.77018, , , , , , , , , , , -7.77018, ce1d6700-f34d-11f0-80d8-0255ac12193b, , , , , , ,	 113.21952, , , , , ,	 1144, , , , , , , , 1d3f1edd-16df-11f1-9eb3-0255ac1218dd, 35PBL_0025, , true,	 1786017796980, 2026-08-06 12:03:16, e703fcc2-e165-11f0-a9fb-0255ac121097, , , , , , , TBG, , , , , No, No, No, , 
 2df57184-f362-11f0-82f8-0255ac12021f, , , , , , f343d1fb-e165-11f0-90da-0255ac121938, , , , f0a18f4d-6bd2-11f1-8cac-0255ac120ff9, , , , , 25800e37-5b4b-11f1-8fdf-0255ac12109b, TBG_BANGBAYANG, , aa157741-1797-11f1-bdcd-0255ac121084, 32SKB_0037, ,	 106.77335, , , 0, , , , No, , , -6.80485, , , , , , , , , , , -6.80485, ce1d6700-f34d-11f0-80d8-0255ac12193b, , , , , , ,	 106.77335, , , , , , 19, , , , , , , , 1d414218-16df-11f1-9eb3-0255ac1218dd, 32SKB_0037, , true,	 1786017796978, 2026-08-06 12:03:16, e703fcc2-e165-11f0-a9fb-0255ac121097, , , , , , , TBG, , , , , No, No, No, , 
 28c4b082-0303-11f1-b97b-0255ac120084, , , , , , f343d1fb-e165-11f0-90da-0255ac121938, , , , f0a18f4d-6bd2-11f1-8cac-0255ac120ff9, , , , , 25a5e65d-5b4b-11f1-8fdf-0255ac12109b, TBG_KI_DEMANG_UNYUR, , 47c35b4e-4eb8-11f1-a63d-0255ac1203fc, 36SRG_0007, ,	 106.1512, , , 0, , , , No, , , -6.09503, , , , , , , , , , , -6.09503, ce1d6700-f34d-11f0-80d8-0255ac12193b, , , , , , ,	 106.1512, , , , , , 42, , , , , , , , 1d42f004-16df-11f1-9eb3-0255ac1218dd, 36SRG_0007, , true,	 1786017797001, 2026-08-06 12:03:16, e703fcc2-e165-11f0-a9fb-0255ac121097, , , , , , , TBG, , , , , No, No, No, , 
 2df57184-f362-11f0-82f8-0255ac12021f, , , , , , f343d1fb-e165-11f0-90da-0255ac121938, , , , f0a18f4d-6bd2-11f1-8cac-0255ac120ff9, , , , , 2576c00a-5b4b-11f1-8fdf-0255ac12109b, TBG_PLERED_PURWAKARTA, , 58bfb47e-2cb4-11f1-ab67-0255ac1208c4, 32PWK_0029, ,	 107.38132, , , 0, , , , No, , , -6.64483, , , , , , , , , , , -6.64483, ce1d6700-f34d-11f0-80d8-0255ac12193b, , , , , , ,	 107.38132, , , , , ,	 326, , , , , , , , 1d440199-16df-11f1-9eb3-0255ac1218dd, 32PWK_0029, , true,	 1786017797024, 2026-08-06 12:03:16, e703fcc2-e165-11f0-a9fb-0255ac121097, , , , , , , TBG, , , , , No, No, No, , 
 25426cff-f362-11f0-8722-0255ac1208c5, , , , , , f343d1fb-e165-11f0-90da-0255ac121938, , , , f0a18f4d-6bd2-11f1-8cac-0255ac120ff9, , , , , 4c39cbb3-f34e-11f0-8246-0255ac120944, TBG_WIROBONANG, , a73bf14a-1797-11f1-a4c0-0255ac12094c, 35PBL_0026, ,	 113.23938, , , 0, , , , No, , , -7.76148, , , , , , , , , , , -7.76148, ce1d6700-f34d-11f0-80d8-0255ac12193b, , , , , , ,	 113.23938, , , , , ,	 132, , , , , , , , 1d46c024-16df-11f1-9eb3-0255ac1218dd, 35PBL_0026, , true,	 1786017797009, 2026-08-06 12:03:16, e703fcc2-e165-11f0-a9fb-0255ac121097, , , , , , , TBG, , , , , No, No, No, , 
 1ac88c88-0300-11f1-bdcd-0255ac121084, , , , , , f343d1fb-e165-11f0-90da-0255ac121938, , , , f0a18f4d-6bd2-11f1-8cac-0255ac120ff9, , , , , 24e4dfff-5b4b-11f1-8fdf-0255ac12109b, TBG_LOSARI_UTR, , ce2b4a23-74a7-11f1-9cdd-0255ac1211fc, 33BBS_0036, ,	 108.83356, , , 0, , , , No, , , -6.83376, , , , , , , , , , , -6.83376, ce1d6700-f34d-11f0-80d8-0255ac12193b, , , , , , ,	 108.83356, , , , , ,	 403, , , , , , , , 1d4adf22-16df-11f1-9eb3-0255ac1218dd, 33BBS_0036, , true,	 1786017796986, 2026-08-06 12:03:16, b48c3ea5-fb2f-11f0-be90-0255ac120057, , , , , , , TBG, , , , , No, No, No, , 
 25426cff-f362-11f0-8722-0255ac1208c5, , , , , , f343d1fb-e165-11f0-90da-0255ac121938, , , , f0a18f4d-6bd2-11f1-8cac-0255ac120ff9, , , , , 0f09bb51-f34e-11f0-b617-0255ac1205c2, TBG_JEMBER_9_TBG, , a73bf14a-1797-11f1-a4c0-0255ac12094c, 35JMR_0058, ,	 113.71708, , , 0, , , , No, , , -8.17014, , , , , , , , , , , -8.17014, ce1d6700-f34d-11f0-80d8-0255ac12193b, , , , , , ,	 113.71708, , , , , ,	 208, , , , , , , , 1d4c3edd-16df-11f1-9eb3-0255ac1218dd, 35JMR_0058, , true,	 1786017797009, 2026-08-06 12:03:16, e703fcc2-e165-11f0-a9fb-0255ac121097, , , , , , , TBG, , , , , No, No, No, , 
 25426cff-f362-11f0-8722-0255ac1208c5, , , , , , f343d1fb-e165-11f0-90da-0255ac121938, , , , f0a18f4d-6bd2-11f1-8cac-0255ac120ff9, , , , , 254a57fc-5b4b-11f1-8fdf-0255ac12109b, TBG_JOMBATAN, , eea6dfb1-74a7-11f1-9425-0255ac12100a, 35JBG_0007, ,	 112.22601, , , 0, , , , No, , , -7.54893, , , , , , , , , , , -7.54893, ce1d6700-f34d-11f0-80d8-0255ac12193b, , , , , , ,	 112.22601, , , , , ,	 114, , , , , , , , 1d4c65f8-16df-11f1-9eb3-0255ac1218dd, 35JBG_0007, , true,	 1786017797020, 2026-08-06 12:03:17, e703fcc2-e165-11f0-a9fb-0255ac121097, , , , , , , TBG, , , , , No, No, No, , 
 1ac88c88-0300-11f1-bdcd-0255ac121084, , , , , , f343d1fb-e165-11f0-90da-0255ac121938, , , , f0a18f4d-6bd2-11f1-8cac-0255ac120ff9, , , , , 71ce283b-f34e-11f0-ac99-0255ac12120f, TBG_JALAN_PROKLAMASI_TEGAL, , 8a3203ad-1797-11f1-907a-0255ac1203f4, 33TGL_0050, ,	 109.13913, , , 0, , , , No, , , -6.8578, , , , , , , , , , , -6.8578, ce1d6700-f34d-11f0-80d8-0255ac12193b, , , , , , ,	 109.13913, , , , , , 15, , , , , , , , 1d4c8d0f-16df-11f1-9eb3-0255ac1218dd, 33TGL_0050, , true,	 1786017797024, 2026-08-06 12:03:17, b48c3ea5-fb2f-11f0-be90-0255ac120057, , , , , , , TBG, , , , , No, No, No, , 
 2df57184-f362-11f0-82f8-0255ac12021f, , , , , , f343d1fb-e165-11f0-90da-0255ac121938, , , , f0a18f4d-6bd2-11f1-8cac-0255ac120ff9, , , , , 24f09ff3-5b4b-11f1-8fdf-0255ac12109b, TBG_KIDULGARUT_PEMDAGRT, , 9a1a95b2-1797-11f1-b470-0255ac120236, 32GRT_0048, ,	 107.88802, , , 0, , , , No, , , -7.20763, , , , , , , , , , , -7.20763, ce1d6700-f34d-11f0-80d8-0255ac12193b, , , , , , ,	 107.88802, , , , , ,	 140, , , , , , , , 1d4cb423-16df-11f1-9eb3-0255ac1218dd, 32GRT_0048, , true,	 1786017797011, 2026-08-06 12:03:16, e703fcc2-e165-11f0-a9fb-0255ac121097, , , , , , , TBG, , , , , No, No, No, , 
 2df57184-f362-11f0-82f8-0255ac12021f, , , , , , f343d1fb-e165-11f0-90da-0255ac121938, , , , f0a18f4d-6bd2-11f1-8cac-0255ac120ff9, , , , , 7baa6b5b-f34e-11f0-a8cb-0255ac1211f7, TBG_SOSRO, , 47b0e452-4eb8-11f1-a63d-0255ac1203fc, 32BKS_0095, ,	 107.04352, , , 0, , , , No, , , -6.26334, , , , , , , , , , , -6.26334, ce1d6700-f34d-11f0-80d8-0255ac12193b, , , , , , ,	 107.04352, , , , , ,	 820, , , , , , , , 1d4cdb36-16df-11f1-9eb3-0255ac1218dd, 32BKS_0095, , true,	 1786017796983, 2026-08-06 12:03:16, e703fcc2-e165-11f0-a9fb-0255ac121097, , , , , , , TBG, , , , , No, No, No, , 
 2d1992c8-0300-11f1-8f47-0255ac121dc0, , , , , , f343d1fb-e165-11f0-90da-0255ac121938, , , , f0a18f4d-6bd2-11f1-8cac-0255ac120ff9, , , , , 257a68bf-5b4b-11f1-8fdf-0255ac12109b, TBG_MAGUWOHARJO_RELOC, , 8dbc3c11-1797-11f1-8caf-0255ac1211f5, 34SMN_0010, ,	 110.43142, , , 0, , , , No, , , -7.773696, , , , , , , , , , , -7.773696, ce1d6700-f34d-11f0-80d8-0255ac12193b, , , , , , ,	 110.43142, , , , , , 49, , , , , , , , 1d4e39f4-16df-11f1-9eb3-0255ac1218dd, 34SMN_0010, , true,	 1786017797095, 2026-08-06 12:03:17, b493b903-fb2f-11f0-be90-0255ac120057, , , , , , , TBG, , , , , No, No, No, , 
 28c4b082-0303-11f1-b97b-0255ac120084, , , , , , f343d1fb-e165-11f0-90da-0255ac121938, , , , f0a18f4d-6bd2-11f1-8cac-0255ac120ff9, , , , , 259459e6-5b4b-11f1-8fdf-0255ac12109b, TBG_PS_BATU_KUBANG_LABAN, , 47c35b4e-4eb8-11f1-a63d-0255ac1203fc, 36CLG_0001, ,	 106.05975, , , 0, , , , No, , , -6.01326, , , , , , , , , , , -6.01326, ce1d6700-f34d-11f0-80d8-0255ac12193b, , , , , , ,	 106.05975, , , , , ,	 813, , , , , , , , 1d542e35-16df-11f1-9eb3-0255ac1218dd, 36CLG_0001, , true,	 1786017797091, 2026-08-06 12:03:17, e703fcc2-e165-11f0-a9fb-0255ac121097, , , , , , , TBG, , , , , No, No, No, , 
 2df57184-f362-11f0-82f8-0255ac12021f, , , , , , f343d1fb-e165-11f0-90da-0255ac121938, , , , f0a18f4d-6bd2-11f1-8cac-0255ac120ff9, , , , , 254d8c60-5b4b-11f1-8fdf-0255ac12109b, TBG_BENGLE, , a40cd1fc-1797-11f1-bdcd-0255ac121084, 32KWG_0039, ,	 107.35744, , , 0, , , , No, , , -6.33051, , , , , , , , , , , -6.33051, ce1d6700-f34d-11f0-80d8-0255ac12193b, , , , , , ,	 107.35744, , , , , ,	 192, , , , , , , , 1d562951-16df-11f1-9eb3-0255ac1218dd, 32KWG_0039, , true,	 1786017797177, 2026-08-06 12:03:17, e703fcc2-e165-11f0-a9fb-0255ac121097, , , , , , , TBG, , , , , No, No, No, , 
 25426cff-f362-11f0-8722-0255ac1208c5, , , , , , f343d1fb-e165-11f0-90da-0255ac121938, , , , f0a18f4d-6bd2-11f1-8cac-0255ac120ff9, , , , , 4c39cbb3-f34e-11f0-8246-0255ac120944, TBG_TAMANSARI_DRINGU, , a73bf14a-1797-11f1-a4c0-0255ac12094c, 35PBL_0028, ,	 113.25551, , , 0, , , , No, , , -7.77377, , , , , , , , , , , -7.77377, ce1d6700-f34d-11f0-80d8-0255ac12193b, , , , , , ,	 113.25551, , , , , , 52, , , , , , , , 1d5a2160-16df-11f1-9eb3-0255ac1218dd, 35PBL_0028, , true,	 1786017797297, 2026-08-06 12:03:17, e703fcc2-e165-11f0-a9fb-0255ac121097, , , , , , , TBG, , , , , No, No, No, , 
 1ac88c88-0300-11f1-bdcd-0255ac121084, , , , , , f343d1fb-e165-11f0-90da-0255ac121938, , , , f0a18f4d-6bd2-11f1-8cac-0255ac120ff9, , , , , 24e4dfff-5b4b-11f1-8fdf-0255ac12109b, TBG_LOSARI_UTARA_PENGABEAN, , ce2b4a23-74a7-11f1-9cdd-0255ac1211fc, 33BBS_0037, ,	 108.82684, , , 0, , , , No, , , -6.83651, , , , , , , , , , , -6.83651, ce1d6700-f34d-11f0-80d8-0255ac12193b, , , , , , ,	 108.82684, , , , , ,	 811, , , , , , , , 1d5abdb2-16df-11f1-9eb3-0255ac1218dd, 33BBS_0037, , true,	 1786017797131, 2026-08-06 12:03:17, b48c3ea5-fb2f-11f0-be90-0255ac120057, , , , , , , TBG, , , , , No, No, No, , 
 25426cff-f362-11f0-8722-0255ac1208c5, , , , , , f343d1fb-e165-11f0-90da-0255ac121938, , , , f0a18f4d-6bd2-11f1-8cac-0255ac120ff9, , , , , 0980097b-f34e-11f0-80d8-0255ac12193b, TBG_IBS_GAMPING_KRIAN, , 9784a8b3-1797-11f1-8e49-0255ac121206, 35SDA_0100, ,	 112.59537, , , 0, , , , No, , , -7.41873, , , , , , , , , , , -7.41873, ce1d6700-f34d-11f0-80d8-0255ac12193b, , , , , , ,	 112.59537, , , , , , 21, , , , , , , , 1d5c1d6d-16df-11f1-9eb3-0255ac1218dd, 35SDA_0100, , true,	 1786017797300, 2026-08-06 12:03:17, e703fcc2-e165-11f0-a9fb-0255ac121097, , , , , , , TBG, , , , , No, No, No, , 
 1ac88c88-0300-11f1-bdcd-0255ac121084, , , , , , f343d1fb-e165-11f0-90da-0255ac121938, , , , f0a18f4d-6bd2-11f1-8cac-0255ac120ff9, , , , , 2586ec26-5b4b-11f1-8fdf-0255ac12109b, TBG_BEDUG, , 590d86e8-2cb4-11f1-ab67-0255ac1208c4, 33TGL_0051, ,	 109.14384, , , 0, , , , No, , , -6.95194, , , , , , , , , , , -6.95194, ce1d6700-f34d-11f0-80d8-0255ac12193b, , , , , , ,	 109.14384, , , , , ,	 646, , , , , , , , 1d5c4482-16df-11f1-9eb3-0255ac1218dd, 33TGL_0051, , true,	 1786017797382, 2026-08-06 12:03:17, b48c3ea5-fb2f-11f0-be90-0255ac120057, , , , , , , TBG, , , , , No, No, No, , 
 2df57184-f362-11f0-82f8-0255ac12021f, , , , , , f343d1fb-e165-11f0-90da-0255ac121938, , , , f0a18f4d-6bd2-11f1-8cac-0255ac120ff9, , , , , 5da072b9-f34e-11f0-8fd3-0255ac121dca, TBG_RELOCTMPRAMUKA, , 9ffbdd8f-1797-11f1-b3b6-0255ac120212, 32BDG_0150, ,	 107.63034, , , 0, , , , No, , , -6.91072, , , , , , , , , , , -6.91072, ce1d6700-f34d-11f0-80d8-0255ac12193b, , , , , , ,	 107.63034, , , , , , 25, , , , , , , , 1d5cb9c4-16df-11f1-9eb3-0255ac1218dd, 32BDG_0150, , true,	 1786017797325, 2026-08-06 12:03:17, e703fcc2-e165-11f0-a9fb-0255ac121097, , , , , , , TBG, , , , , No, No, No, , 
 2df57184-f362-11f0-82f8-0255ac12021f, , , , , , f343d1fb-e165-11f0-90da-0255ac121938, , , , f0a18f4d-6bd2-11f1-8cac-0255ac120ff9, , , , , 258f50c2-5b4b-11f1-8fdf-0255ac12109b, TBG_MIC_TERMINAL_BEKASI_BARAT, , 47b0e452-4eb8-11f1-a63d-0255ac1203fc, 32BKS_0106, ,	 107.01362, , , 0, , , , No, , , -6.2487, , , , , , , , , , , -6.2487, ce1d6700-f34d-11f0-80d8-0255ac12193b, , , , , , ,	 107.01362, , , , , ,	 133, , , , , , , , 1d61e9a2-16df-11f1-9eb3-0255ac1218dd, 32BKS_0106, , true,	 1786017797374, 2026-08-06 12:03:17, e703fcc2-e165-11f0-a9fb-0255ac121097, , , , , , , TBG, , , , , No, No, No, , 
 28c4b082-0303-11f1-b97b-0255ac120084, , , , , , f343d1fb-e165-11f0-90da-0255ac121938, , , , f0a18f4d-6bd2-11f1-8cac-0255ac120ff9, , , , , 259459e6-5b4b-11f1-8fdf-0255ac12109b, TBG_BUYUT_ARMAN_RAMANUJU, , 47c35b4e-4eb8-11f1-a63d-0255ac1203fc, 36CLG_0006, ,	 106.03915, , , 0, , , , No, , , -6.01492, , , , , , , , , , , -6.01492, ce1d6700-f34d-11f0-80d8-0255ac12193b, , , , , , ,	 106.03915, , , , , ,	 789, , , , , , , , 1d625eeb-16df-11f1-9eb3-0255ac1218dd, 36CLG_0006, , true,	 1786017797338, 2026-08-06 12:03:17, e703fcc2-e165-11f0-a9fb-0255ac121097, , , , , , , TBG, , , , , No, No, No, , 
 1ac88c88-0300-11f1-bdcd-0255ac121084, , , , , , f343d1fb-e165-11f0-90da-0255ac121938, , , , f0a18f4d-6bd2-11f1-8cac-0255ac120ff9, , , , , 24f3d44b-5b4b-11f1-8fdf-0255ac12109b, TBG_GABUS_GROBOGAN_2, , a7b36c07-74a7-11f1-a3a3-0255ac1211e2, 33PWD_0025, ,	 111.18032, , , 0, , , , No, , , -7.12692, , , , , , , , , , , -7.12692, ce1d6700-f34d-11f0-80d8-0255ac12193b, , , , , , ,	 111.18032, , , , , , 7, , , , , , , , 1d637075-16df-11f1-9eb3-0255ac1218dd, 33PWD_0025, , true,	 1786017797301, 2026-08-06 12:03:17, e70a8cd9-e165-11f0-a9fb-0255ac121097, , , , , , , TBG, , , , , No, No, No, , 
 2df57184-f362-11f0-82f8-0255ac12021f, , , , , , f343d1fb-e165-11f0-90da-0255ac121938, , , , f0a18f4d-6bd2-11f1-8cac-0255ac120ff9, , , , , 205c3714-5d7f-11f1-a63d-0255ac1203fc, TBG_LEMAHWUNGKUK, , 58ca3c25-2cb4-11f1-ab67-0255ac1208c4, 32CBN_0013, ,	 108.57047, , , 0, , , , No, , , -6.72049, , , , , , , , , , , -6.72049, ce1d6700-f34d-11f0-80d8-0255ac12193b, , , , , , ,	 108.57047, , , , , , 54, , , , , , , , 1d654471-16df-11f1-9eb3-0255ac1218dd, 32CBN_0013, , true,	 1786017797325, 2026-08-06 12:03:17, e703fcc2-e165-11f0-a9fb-0255ac121097, , , , , , , TBG, , , , , No, No, No, , 
 1ac88c88-0300-11f1-bdcd-0255ac121084, , , , , , f343d1fb-e165-11f0-90da-0255ac121938, , , , f0a18f4d-6bd2-11f1-8cac-0255ac120ff9, , , , , 24f3d44b-5b4b-11f1-8fdf-0255ac12109b, TBG_KARANGREJO_GROBOGAN, , a7b36c07-74a7-11f1-a3a3-0255ac1211e2, 33PWD_0026, ,	 111.16518, , , 0, , , , No, , , -7.1387, , , , , , , , , , , -7.1387, ce1d6700-f34d-11f0-80d8-0255ac12193b, , , , , , ,	 111.16518, , , , , , 18, , , , , , , , 1d65929c-16df-11f1-9eb3-0255ac1218dd, 33PWD_0026, , true,	 1786017797434, 2026-08-06 12:03:17, e70a8cd9-e165-11f0-a9fb-0255ac121097, , , , , , , TBG, , , , , No, No, No, , 
 1ac88c88-0300-11f1-bdcd-0255ac121084, , , , , , f343d1fb-e165-11f0-90da-0255ac121938, , , , f0a18f4d-6bd2-11f1-8cac-0255ac120ff9, , , , , 2552bc93-5b4b-11f1-8fdf-0255ac12109b, TBG_PLANTARAN, , 9120c34a-1797-11f1-be90-0255ac120057, 33KDL_0020, ,	 110.24007, , , 0, , , , No, , , -6.95313, , , , , , , , , , , -6.95313, ce1d6700-f34d-11f0-80d8-0255ac12193b, , , , , , ,	 110.24007, , , , , ,	 113, , , , , , , , 1d682ad6-16df-11f1-9eb3-0255ac1218dd, 33KDL_0020, , true,	 1786017797380, 2026-08-06 12:03:17, b48c3ea5-fb2f-11f0-be90-0255ac120057, , , , , , , TBG, , , , , No, No, No, , 
 28c4b082-0303-11f1-b97b-0255ac120084, , , , , , f343d1fb-e165-11f0-90da-0255ac121938, , , , f0a18f4d-6bd2-11f1-8cac-0255ac120ff9, , , , , 25a5e65d-5b4b-11f1-8fdf-0255ac12109b, TBG_PENGAMPELANWALANTAKA, , 47c35b4e-4eb8-11f1-a63d-0255ac1203fc, 36SRG_0027, ,	 106.23322, , , 0, , , , No, , , -6.1495, , , , , , , , , , , -6.1495, ce1d6700-f34d-11f0-80d8-0255ac12193b, , , , , , ,	 106.23322, , , , , ,	 507, , , , , , , , 1d69b1b3-16df-11f1-9eb3-0255ac1218dd, 36SRG_0027, , true,	 1786017797390, 2026-08-06 12:03:17, e703fcc2-e165-11f0-a9fb-0255ac121097, , , , , , , TBG, , , , , No, No, No, , 
 25426cff-f362-11f0-8722-0255ac1208c5, , , , , , f343d1fb-e165-11f0-90da-0255ac121938, , , , f0a18f4d-6bd2-11f1-8cac-0255ac120ff9, , , , , 51cdb63a-f34e-11f0-8246-0255ac120944, TBG_SONO_PATIK, , eea6dfb1-74a7-11f1-9425-0255ac12100a, 35NJK_0022, ,	 111.88449, , , 0, , , , No, , , -7.61623, , , , , , , , , , , -7.61623, ce1d6700-f34d-11f0-80d8-0255ac12193b, , , , , , ,	 111.88449, , , , , , 9, , , , , , , , 1d6a26f1-16df-11f1-9eb3-0255ac1218dd, 35NJK_0022, , true,	 1786017798307, 2026-08-06 12:03:18, e703fcc2-e165-11f0-a9fb-0255ac121097, , , , , , , TBG, , , , , No, No, No, , 
 2df57184-f362-11f0-82f8-0255ac12021f, , , , , , f343d1fb-e165-11f0-90da-0255ac121938, , , , f0a18f4d-6bd2-11f1-8cac-0255ac120ff9, , , , , 7baa6b5b-f34e-11f0-a8cb-0255ac1211f7, TBG_SUKADANAU_1, , 47b0e452-4eb8-11f1-a63d-0255ac1203fc, 32BKS_0077, ,	 107.10548, , , 0, , , , No, , , -6.27361, , , , , , , , , , , -6.27361, ce1d6700-f34d-11f0-80d8-0255ac12193b, , , , , , ,	 107.10548, , , , , ,	 813, , , , , , , , 1d6aea55-16df-11f1-9eb3-0255ac1218dd, 32BKS_0077, , true,	 1786017797521, 2026-08-06 12:03:17, e703fcc2-e165-11f0-a9fb-0255ac121097, , , , , , , TBG, , , , , No, No, No, , 
 25426cff-f362-11f0-8722-0255ac1208c5, , , , , , f343d1fb-e165-11f0-90da-0255ac121938, , , , f0a18f4d-6bd2-11f1-8cac-0255ac120ff9, , , , , 0f09bb51-f34e-11f0-b617-0255ac1205c2, TBG_UNEJ_(EX_JEMBER), , a73bf14a-1797-11f1-a4c0-0255ac12094c, 35JMR_0059, ,	 113.7228, , , 0, , , , No, , , -8.16306, , , , , , , , , , , -8.16306, ce1d6700-f34d-11f0-80d8-0255ac12193b, , , , , , ,	 113.7228, , , , , , 69, , , , , , , , 1d6b116b-16df-11f1-9eb3-0255ac1218dd, 35JMR_0059, , true,	 1786017797502, 2026-08-06 12:03:17, e703fcc2-e165-11f0-a9fb-0255ac121097, , , , , , , TBG, , , , , No, No, No, , 
 1ac88c88-0300-11f1-bdcd-0255ac121084, , , , , , f343d1fb-e165-11f0-90da-0255ac121938, , , , f0a18f4d-6bd2-11f1-8cac-0255ac120ff9, , , , , 24eb6fb8-5b4b-11f1-8fdf-0255ac12109b, TBG_KARANG_TALUN, , 4780acb3-4eb8-11f1-a63d-0255ac1203fc, 33CLP_0019, ,	 109.02527, , , 0, , , , No, , , -7.67386, , , , , , , , , , , -7.67386, ce1d6700-f34d-11f0-80d8-0255ac12193b, , , , , , ,	 109.02527, , , , , , 23, , , , , , , , 1d6bd4dd-16df-11f1-9eb3-0255ac1218dd, 33CLP_0019, , true,	 1786017797504, 2026-08-06 12:03:17, b48c3ea5-fb2f-11f0-be90-0255ac120057, , , , , , , TBG, , , , , No, No, No, , 
 2d1992c8-0300-11f1-8f47-0255ac121dc0, , , , , , f343d1fb-e165-11f0-90da-0255ac121938, , , , f0a18f4d-6bd2-11f1-8cac-0255ac120ff9, , , , , 24dddb08-5b4b-11f1-8fdf-0255ac12109b, TBG_BANUWITAN_BANGUNTAPAN, , 8dbc3c11-1797-11f1-8caf-0255ac1211f5, 34BTL_0030, ,	 110.41721, , , 0, , , , No, , , -7.83283, , , , , , , , , , , -7.83283, ce1d6700-f34d-11f0-80d8-0255ac12193b, , , , , , ,	 110.41721, , , , , ,	 102, , , , , , , , 1d6c9843-16df-11f1-9eb3-0255ac1218dd, 34BTL_0030, , true,	 1786017797501, 2026-08-06 12:03:17, b493b903-fb2f-11f0-be90-0255ac120057, , , , , , , TBG, , , , , No, No, No, , 
 1ac88c88-0300-11f1-bdcd-0255ac121084, , , , , , f343d1fb-e165-11f0-90da-0255ac121938, , , , f0a18f4d-6bd2-11f1-8cac-0255ac120ff9, , , , , 24f3d44b-5b4b-11f1-8fdf-0255ac12109b, TBG_KARANGAYUNG_BISSTEL, , 58d9a589-2cb4-11f1-ab67-0255ac1208c4, 33PWD_0027, ,	 110.77953, , , 0, , , , No, , , -7.11298, , , , , , , , , , , -7.11298, ce1d6700-f34d-11f0-80d8-0255ac12193b, , , , , , ,	 110.77953, , , , , , 49, , , , , , , , 1d6da8cc-16df-11f1-9eb3-0255ac1218dd, 33PWD_0027, , true,	 1786017797488, 2026-08-06 12:03:17, b48c3ea5-fb2f-11f0-be90-0255ac120057, , , , , , , TBG, , , , , No, No, No, , 
 2df57184-f362-11f0-82f8-0255ac12021f, , , , , , f343d1fb-e165-11f0-90da-0255ac121938, , , , f0a18f4d-6bd2-11f1-8cac-0255ac120ff9, , , , , 258dca15-5b4b-11f1-8fdf-0255ac12109b, TBG_IBS_BANJAR, , 9a1a95b2-1797-11f1-b470-0255ac120236, 32BJR_0013, ,	 108.53117, , , 0, , , , No, , , -7.36808, , , , , , , , , , , -7.36808, ce1d6700-f34d-11f0-80d8-0255ac12193b, , , , , , ,	 108.53117, , , , , ,	 354, , , , , , , , 1d6eba5f-16df-11f1-9eb3-0255ac1218dd, 32BJR_0013, , true,	 1786017797500, 2026-08-06 12:03:17, e703fcc2-e165-11f0-a9fb-0255ac121097, , , , , , , TBG, , , , , No, No, No, , 
 634ac5ad-e61d-11f0-89c1-0255ac120225, , , , , , f343d1fb-e165-11f0-90da-0255ac121938, , , , f0a18f4d-6bd2-11f1-8cac-0255ac120ff9, , , , , 67c07475-f34e-11f0-8fd3-0255ac121dca, TBG_SULTAN GUNTUR MC-T-GF, , 47be792a-4eb8-11f1-a63d-0255ac1203fc, 31JKS_0018, ,	 106.83995, , , 0, , , , No, , , -6.20667, , , , , , , , , , , -6.20667, ce1d6700-f34d-11f0-80d8-0255ac12193b, , , , , , ,	 106.83995, , , , , ,	 139, , , , , , , , 1d706844-16df-11f1-9eb3-0255ac1218dd, 31JKS_0018, , true,	 1786017797493, 2026-08-06 12:03:17, e703fcc2-e165-11f0-a9fb-0255ac121097, , , , , , , TBG, , , , , No, No, No, , 
 25426cff-f362-11f0-8722-0255ac1208c5, , , , , , f343d1fb-e165-11f0-90da-0255ac121938, , , , f0a18f4d-6bd2-11f1-8cac-0255ac120ff9, , , , , 0980097b-f34e-11f0-80d8-0255ac12193b, TBG_TENGGULANANNDKRELOC, , 9784a8b3-1797-11f1-8e49-0255ac121206, 35SDA_0158, ,	 112.70407, , , 0, , , , No, , , -7.48073, , , , , , , , , , , -7.48073, ce1d6700-f34d-11f0-80d8-0255ac12193b, , , , , , ,	 112.70407, , , , , ,	 312, , , , , , , , 1d721630-16df-11f1-9eb3-0255ac1218dd, 35SDA_0158, , true,	 1786017797499, 2026-08-06 12:03:17, e703fcc2-e165-11f0-a9fb-0255ac121097, , , , , , , TBG, , , , , No, No, No, , 
 1ac88c88-0300-11f1-bdcd-0255ac121084, , , , , , f343d1fb-e165-11f0-90da-0255ac121938, , , , f0a18f4d-6bd2-11f1-8cac-0255ac120ff9, , , , , 25820a13-5b4b-11f1-8fdf-0255ac12109b, TBG_JOHO_SUKOHARJO, , b3f5645d-1797-11f1-b289-0255ac12100b, 33SKH_0032, ,	 110.85245, , , 0, , , , No, , , -7.70226, , , , , , , , , , , -7.70226, ce1d6700-f34d-11f0-80d8-0255ac12193b, , , , , , ,	 110.85245, , , , , ,	 134, , , , , , , , 1d7327b8-16df-11f1-9eb3-0255ac1218dd, 33SKH_0032, , true,	 1786017797504, 2026-08-06 12:03:17, b48c3ea5-fb2f-11f0-be90-0255ac120057, , , , , , , TBG, , , , , No, No, No, , 
 2df57184-f362-11f0-82f8-0255ac12021f, , , , , , f343d1fb-e165-11f0-90da-0255ac121938, , , , f0a18f4d-6bd2-11f1-8cac-0255ac120ff9, , , , , 25800e37-5b4b-11f1-8fdf-0255ac12109b, TBG_KADUDAMPIT_KUTASARI, , aa157741-1797-11f1-bdcd-0255ac121084, 32SKB_0038, ,	 106.88481, , , 0, , , , No, , , -6.89101, , , , , , , , , , , -6.89101, ce1d6700-f34d-11f0-80d8-0255ac12193b, , , , , , ,	 106.88481, , , , , , 42, , , , , , , , 1d743947-16df-11f1-9eb3-0255ac1218dd, 32SKB_0038, , true,	 1786017797680, 2026-08-06 12:03:17, e703fcc2-e165-11f0-a9fb-0255ac121097, , , , , , , TBG, , , , , No, No, No, , 
 2df57184-f362-11f0-82f8-0255ac12021f, , , , , , f343d1fb-e165-11f0-90da-0255ac121938, , , , f0a18f4d-6bd2-11f1-8cac-0255ac120ff9, , , , , 24ed6b96-5b4b-11f1-8fdf-0255ac12109b, TBG_IBS_KLAYAN, , 58ca3c25-2cb4-11f1-ab67-0255ac1208c4, 32CBN_0019, ,	 108.54291, , , 0, , , , No, , , -6.67535, , , , , , , , , , , -6.67535, ce1d6700-f34d-11f0-80d8-0255ac12193b, , , , , , ,	 108.54291, , , , , , 73, , , , , , , , 1d74605a-16df-11f1-9eb3-0255ac1218dd, 32CBN_0019, , true,	 1786017797521, 2026-08-06 12:03:17, e703fcc2-e165-11f0-a9fb-0255ac121097, , , , , , , TBG, , , , , No, No, No, , 
 2df57184-f362-11f0-82f8-0255ac12021f, , , , , , f343d1fb-e165-11f0-90da-0255ac121938, , , , f0a18f4d-6bd2-11f1-8cac-0255ac120ff9, , , , , 2576c00a-5b4b-11f1-8fdf-0255ac12109b, TBG_BUNDER_PURWAKARTA, , 58bfb47e-2cb4-11f1-ab67-0255ac1208c4, 32PWK_0030, ,	 107.427694, , , 0, , , , No, , , -6.550722, , , , , , , , , , , -6.550722, ce1d6700-f34d-11f0-80d8-0255ac12193b, , , , , , ,	 107.427694, , , , , ,	 129, , , , , , , , 1d754adb-16df-11f1-9eb3-0255ac1218dd, 32PWK_0030, , true,	 1786017797521, 2026-08-06 12:03:17, e703fcc2-e165-11f0-a9fb-0255ac121097, , , , , , , TBG, , , , , No, No, No, , 
 25426cff-f362-11f0-8722-0255ac1208c5, , , , , , f343d1fb-e165-11f0-90da-0255ac121938, , , , f0a18f4d-6bd2-11f1-8cac-0255ac120ff9, , , , , 254a57fc-5b4b-11f1-8fdf-0255ac12109b, TBG_SUMBERMULYO, , eea6dfb1-74a7-11f1-9425-0255ac12100a, 35JBG_0029, ,	 112.25562, , , 0, , , , No, , , -7.55374, , , , , , , , , , , -7.55374, ce1d6700-f34d-11f0-80d8-0255ac12193b, , , , , , ,	 112.25562, , , , , ,	 459, , , , , , , , 1d75c00d-16df-11f1-9eb3-0255ac1218dd, 35JBG_0029, , true,	 1786017797611, 2026-08-06 12:03:17, e703fcc2-e165-11f0-a9fb-0255ac121097, , , , , , , TBG, , , , , No, No, No, , 
 25426cff-f362-11f0-8722-0255ac1208c5, , , , , , f343d1fb-e165-11f0-90da-0255ac121938, , , , f0a18f4d-6bd2-11f1-8cac-0255ac120ff9, , , , , 259c7057-5b4b-11f1-8fdf-0255ac12109b, TBG_MADIUN_CITY, , acf2ce12-1797-11f1-9066-0255ac121cb3, 35MAD_0007, ,	 111.5053, , , 0, , , , No, , , -7.62953, , , , , , , , , , , -7.62953, ce1d6700-f34d-11f0-80d8-0255ac12193b, , , , , , ,	 111.5053, , , , , , 28, , , , , , , , 1d785756-16df-11f1-9eb3-0255ac1218dd, 35MAD_0007, , true,	 1786017797590, 2026-08-06 12:03:17, e703fcc2-e165-11f0-a9fb-0255ac121097, , , , , , , TBG, , , , , No, No, No, , 
 2df57184-f362-11f0-82f8-0255ac12021f, , , , , , f343d1fb-e165-11f0-90da-0255ac121938, , , , f0a18f4d-6bd2-11f1-8cac-0255ac120ff9, , , , , 24f58204-5b4b-11f1-8fdf-0255ac12109b, TBG_KEDUNGWUNGU, , 81efa9e8-58b8-11f1-a63d-0255ac1203fc, 32IDM_0030, ,	 107.95866, , , 0, , , , No, , , -6.416684, , , , , , , , , , , -6.416684, ce1d6700-f34d-11f0-80d8-0255ac12193b, , , , , , ,	 107.95866, , , , , , 38, , , , , , , , 1d7bda37-16df-11f1-9eb3-0255ac1218dd, 32IDM_0030, , true,	 1786017797596, 2026-08-06 12:03:17, e703fcc2-e165-11f0-a9fb-0255ac121097, , , , , , , TBG, , , , , No, No, No, , 
 2d1992c8-0300-11f1-8f47-0255ac121dc0, , , , , , f343d1fb-e165-11f0-90da-0255ac121938, , , , f0a18f4d-6bd2-11f1-8cac-0255ac120ff9, , , , , 257a68bf-5b4b-11f1-8fdf-0255ac12109b, TBG_TAMBAK_BAYAN, , 8dbc3c11-1797-11f1-8caf-0255ac1211f5, 34SMN_0051, ,	 110.41633, , , 0, , , , No, , , -7.78211, , , , , , , , , , , -7.78211, ce1d6700-f34d-11f0-80d8-0255ac12193b, , , , , , ,	 110.41633, , , , , , 79, , , , , , , , 1d7bda3b-16df-11f1-9eb3-0255ac1218dd, 34SMN_0051, , true,	 1786017797620, 2026-08-06 12:03:17, b493b903-fb2f-11f0-be90-0255ac120057, , , , , , , TBG, , , , , No, No, No, , 
 25426cff-f362-11f0-8722-0255ac1208c5, , , , , , f343d1fb-e165-11f0-90da-0255ac121938, , , , f0a18f4d-6bd2-11f1-8cac-0255ac120ff9, , , , , 258899e6-5b4b-11f1-8fdf-0255ac12109b, TBG_GENDINGAN, , 47a4af2f-4eb8-11f1-a63d-0255ac1203fc, 35TLG_0053, ,	 111.91104, , , 0, , , , No, , , -8.02937, , , , , , , , , , , -8.02937, ce1d6700-f34d-11f0-80d8-0255ac12193b, , , , , , ,	 111.91104, , , , , , 32, , , , , , , , 1d852913-16df-11f1-9eb3-0255ac1218dd, 35TLG_0053, , true,	 1786017797614, 2026-08-06 12:03:17, e703fcc2-e165-11f0-a9fb-0255ac121097, , , , , , , TBG, , , , , No, No, No, , 
 25426cff-f362-11f0-8722-0255ac1208c5, , , , , , f343d1fb-e165-11f0-90da-0255ac121938, , , , f0a18f4d-6bd2-11f1-8cac-0255ac120ff9, , , , , 205e0bf4-5d7f-11f1-a63d-0255ac1203fc, TBG_KEDIRI, , 47a4af2f-4eb8-11f1-a63d-0255ac1203fc, 35KDR_0054, ,	 112.0319131, , , 0, , , , No, , , -7.82157, , , , , , , , , , , -7.82157, ce1d6700-f34d-11f0-80d8-0255ac12193b, , , , , , ,	 112.0319131, , , , , , 59, , , , , , , , 1d855026-16df-11f1-9eb3-0255ac1218dd, 35KDR_0054, , true,	 1786017797625, 2026-08-06 12:03:17, e703fcc2-e165-11f0-a9fb-0255ac121097, , , , , , , TBG, , , , , No, No, No, , 
 25426cff-f362-11f0-8722-0255ac1208c5, , , , , , f343d1fb-e165-11f0-90da-0255ac121938, , , , f0a18f4d-6bd2-11f1-8cac-0255ac120ff9, , , , , 0f09bb51-f34e-11f0-b617-0255ac1205c2, TBG_SUKORAMBI, , a73bf14a-1797-11f1-a4c0-0255ac12094c, 35JMR_0061, ,	 113.66733, , , 0, , , , No, , , -8.15409, , , , , , , , , , , -8.15409, ce1d6700-f34d-11f0-80d8-0255ac12193b, , , , , , ,	 113.66733, , , , , , 18, , , , , , , , 1d8aa703-16df-11f1-9eb3-0255ac1218dd, 35JMR_0061, , true,	 1786017797710, 2026-08-06 12:03:17, e703fcc2-e165-11f0-a9fb-0255ac121097, , , , , , , TBG, , , , , No, No, No, , 
 2df57184-f362-11f0-82f8-0255ac12021f, , , , , , f343d1fb-e165-11f0-90da-0255ac121938, , , , f0a18f4d-6bd2-11f1-8cac-0255ac120ff9, , , , , 24da5886-5b4b-11f1-8fdf-0255ac12109b, TBG_CIKANCUNG_BANDUNG, , 9ffbdd8f-1797-11f1-b3b6-0255ac120212, 32BDG_0081, ,	 107.82029, , , 0, , , , No, , , -6.99389, , , , , , , , , , , -6.99389, ce1d6700-f34d-11f0-80d8-0255ac12193b, , , , , , ,	 107.82029, , , , , ,	 282, , , , , , , , 1d8ddbaf-16df-11f1-9eb3-0255ac1218dd, 32BDG_0081, , true,	 1786017797690, 2026-08-06 12:03:17, e703fcc2-e165-11f0-a9fb-0255ac121097, , , , , , , TBG, , , , , No, No, No, , 
 1ac88c88-0300-11f1-bdcd-0255ac121084, , , , , , f343d1fb-e165-11f0-90da-0255ac121938, , , , f0a18f4d-6bd2-11f1-8cac-0255ac120ff9, , , , , 24f3d44b-5b4b-11f1-8fdf-0255ac12109b, TBG_JATIHARJO_RELOC, , 58d9a589-2cb4-11f1-ab67-0255ac1208c4, 33PWD_0028, ,	 111.06383, , , 0, , , , No, , , -7.15111, , , , , , , , , , , -7.15111, ce1d6700-f34d-11f0-80d8-0255ac12193b, , , , , , ,	 111.06383, , , , , ,	 305, , , , , , , , 1d8fd6e4-16df-11f1-9eb3-0255ac1218dd, 33PWD_0028, , true,	 1786017797679, 2026-08-06 12:03:17, b48c3ea5-fb2f-11f0-be90-0255ac120057, , , , , , , TBG, , , , , No, No, No, , 
 2df57184-f362-11f0-82f8-0255ac12021f, , , , , , f343d1fb-e165-11f0-90da-0255ac121938, , , , f0a18f4d-6bd2-11f1-8cac-0255ac120ff9, , , , , 5da072b9-f34e-11f0-8fd3-0255ac121dca, TBG_CIMINDI, , 9ffbdd8f-1797-11f1-b3b6-0255ac120212, 32BDG_0194, ,	 107.55852, , , 0, , , , No, , , -6.8893, , , , , , , , , , , -6.8893, ce1d6700-f34d-11f0-80d8-0255ac12193b, , , , , , ,	 107.55852, , , , , ,	 429, , , , , , , , 1d90250b-16df-11f1-9eb3-0255ac1218dd, 32BDG_0194, , true,	 1786017797687, 2026-08-06 12:03:17, e703fcc2-e165-11f0-a9fb-0255ac121097, , , , , , , TBG, , , , , No, No, No, , 
 1ac88c88-0300-11f1-bdcd-0255ac121084, , , , , , f343d1fb-e165-11f0-90da-0255ac121938, , , , f0a18f4d-6bd2-11f1-8cac-0255ac120ff9, , , , , 24e2bd14-5b4b-11f1-8fdf-0255ac12109b, TBG_CEPU, , a7b36c07-74a7-11f1-a3a3-0255ac1211e2, 33BLA_0008, ,	 111.59586, , , 0, , , , No, , , -7.14427, , , , , , , , , , , -7.14427, ce1d6700-f34d-11f0-80d8-0255ac12193b, , , , , , ,	 111.59586, , , , , ,	 1329, , , , , , , , 1d952e9a-16df-11f1-9eb3-0255ac1218dd, 33BLA_0008, , true,	 1786017797632, 2026-08-06 12:03:17, b48c3ea5-fb2f-11f0-be90-0255ac120057, , , , , , , TBG, , , , , No, No, No, , 
 2df57184-f362-11f0-82f8-0255ac12021f, , , , , , f343d1fb-e165-11f0-90da-0255ac121938, , , , f0a18f4d-6bd2-11f1-8cac-0255ac120ff9, , , , , 254d8c60-5b4b-11f1-8fdf-0255ac12109b, TBG_KLARI_LAPANGAN_BOLA, , a40cd1fc-1797-11f1-bdcd-0255ac121084, 32KWG_0010, ,	 107.35751, , , 0, , , , No, , , -6.34836, , , , , , , , , , , -6.34836, ce1d6700-f34d-11f0-80d8-0255ac12193b, , , , , , ,	 107.35751, , , , , ,	 183, , , , , , , , 1d96b572-16df-11f1-9eb3-0255ac1218dd, 32KWG_0010, , true,	 1786017797679, 2026-08-06 12:03:17, e703fcc2-e165-11f0-a9fb-0255ac121097, , , , , , , TBG, , , , , No, No, No, , 
 1ac88c88-0300-11f1-bdcd-0255ac121084, , , , , , f343d1fb-e165-11f0-90da-0255ac121938, , , , f0a18f4d-6bd2-11f1-8cac-0255ac120ff9, , , , , 2552bc93-5b4b-11f1-8fdf-0255ac12109b, TBG_RUMAH_SAKIT_MUHAMMADIYAH, , 9120c34a-1797-11f1-be90-0255ac120057, 33KDL_0021, ,	 110.24471, , , 0, , , , No, , , -6.96673, , , , , , , , , , , -6.96673, ce1d6700-f34d-11f0-80d8-0255ac12193b, , , , , , ,	 110.24471, , , , , , 62, , , , , , , , 1d97ed24-16df-11f1-9eb3-0255ac1218dd, 33KDL_0021, , true,	 1786017797718, 2026-08-06 12:03:17, e70a8cd9-e165-11f0-a9fb-0255ac121097, , , , , , , TBG, , , , , No, No, No, , 
 28c4b082-0303-11f1-b97b-0255ac120084, , , , , , f343d1fb-e165-11f0-90da-0255ac121938, , , , f0a18f4d-6bd2-11f1-8cac-0255ac120ff9, , , , , 25a5e65d-5b4b-11f1-8fdf-0255ac12109b, TBG_LEBAK_SILI_GEMPOL, , 47c35b4e-4eb8-11f1-a63d-0255ac1203fc, 36SRG_0006, ,	 106.17031, , , 0, , , , No, , , -6.0951, , , , , , , , , , , -6.0951, ce1d6700-f34d-11f0-80d8-0255ac12193b, , , , , , ,	 106.17031, , , , , ,	 181, , , , , , , , 1d994ce5-16df-11f1-9eb3-0255ac1218dd, 36SRG_0006, , true,	 1786017797728, 2026-08-06 12:03:17, b489f5a1-fb2f-11f0-be90-0255ac120057, , , , , , , TBG, , , , , No, No, No, , 
 2df57184-f362-11f0-82f8-0255ac12021f, , , , , , f343d1fb-e165-11f0-90da-0255ac121938, , , , f0a18f4d-6bd2-11f1-8cac-0255ac120ff9, , , , , 2576c00a-5b4b-11f1-8fdf-0255ac12109b, TBG_MUNJULJAYA_PURWAKARTA, , 58bfb47e-2cb4-11f1-ab67-0255ac1208c4, 32PWK_0031, ,	 107.45437, , , 0, , , , No, , , -6.54367, , , , , , , , , , , -6.54367, ce1d6700-f34d-11f0-80d8-0255ac12193b, , , , , , ,	 107.45437, , , , , ,	 172, , , , , , , , 1d9b972f-16df-11f1-9eb3-0255ac1218dd, 32PWK_0031, , true,	 1786017797709, 2026-08-06 12:03:17, e703fcc2-e165-11f0-a9fb-0255ac121097, , , , , , , TBG, , , , , No, No, No, , 
 1ac88c88-0300-11f1-bdcd-0255ac121084, , , , , , f343d1fb-e165-11f0-90da-0255ac121938, , , , f0a18f4d-6bd2-11f1-8cac-0255ac120ff9, , , , , 2056434e-5d7f-11f1-a63d-0255ac1203fc, TBG_JUWANGI, , 58d9a589-2cb4-11f1-ab67-0255ac1208c4, 33BYL_0012, ,	 110.75529, , , 0, , , , No, , , -7.18315, , , , , , , , , , , -7.18315, ce1d6700-f34d-11f0-80d8-0255ac12193b, , , , , , ,	 110.75529, , , , , , 79, , , , , , , , 1d9cf6f2-16df-11f1-9eb3-0255ac1218dd, 33BYL_0012, , true,	 1786017797736, 2026-08-06 12:03:17, b48c3ea5-fb2f-11f0-be90-0255ac120057, , , , , , , TBG, , , , , No, No, No, , 
 2df57184-f362-11f0-82f8-0255ac12021f, , , , , , f343d1fb-e165-11f0-90da-0255ac121938, , , , f0a18f4d-6bd2-11f1-8cac-0255ac120ff9, , , , , 25800e37-5b4b-11f1-8fdf-0255ac12109b, TBG_PASAR_CICURUG, , aa157741-1797-11f1-bdcd-0255ac121084, 32SKB_0040, ,	 106.78632, , , 0, , , , No, , , -6.77233, , , , , , , , , , , -6.77233, ce1d6700-f34d-11f0-80d8-0255ac12193b, , , , , , ,	 106.78632, , , , , , 7, , , , , , , , 1d9d1e06-16df-11f1-9eb3-0255ac1218dd, 32SKB_0040, , true,	 1786017797793, 2026-08-06 12:03:17, e703fcc2-e165-11f0-a9fb-0255ac121097, , , , , , , TBG, , , , , No, No, No, , 
 25426cff-f362-11f0-8722-0255ac1208c5, , , , , , f343d1fb-e165-11f0-90da-0255ac121938, , , , f0a18f4d-6bd2-11f1-8cac-0255ac120ff9, , , , , 259df6fa-5b4b-11f1-8fdf-0255ac12109b, TBG_TAMBAKASRI_TAJINAN, , 9d3fcabe-1797-11f1-8d29-0255ac1218e4, 35MLG_0126, ,	 112.636525, , , 0, , , , No, , , -8.034208, , , , , , , , , , , -8.034208, ce1d6700-f34d-11f0-80d8-0255ac12193b, , , , , , ,	 112.636525, , , , , , 60, , , , , , , , 1d9e7cda-16df-11f1-9eb3-0255ac1218dd, 35MLG_0126, , true,	 1786017797809, 2026-08-06 12:03:17, e703fcc2-e165-11f0-a9fb-0255ac121097, , , , , , , TBG, , , , , No, No, No, , 
 2df57184-f362-11f0-82f8-0255ac12021f, , , , , , f343d1fb-e165-11f0-90da-0255ac121938, , , , f0a18f4d-6bd2-11f1-8cac-0255ac120ff9, , , , , 24ed6b96-5b4b-11f1-8fdf-0255ac12109b, TBG_KLANGENAN_JAMARASKIDUL, , 58ca3c25-2cb4-11f1-ab67-0255ac1208c4, 32CBN_0071, ,	 108.46722, , , 0, , , , No, , , -6.67343, , , , , , , , , , , -6.67343, ce1d6700-f34d-11f0-80d8-0255ac12193b, , , , , , ,	 108.46722, , , , , ,	 295, , , , , , , , 1da0c723-16df-11f1-9eb3-0255ac1218dd, 32CBN_0071, , true,	 1786017797879, 2026-08-06 12:03:17, e703fcc2-e165-11f0-a9fb-0255ac121097, , , , , , , TBG, , , , , No, No, No, , 
 2d1992c8-0300-11f1-8f47-0255ac121dc0, , , , , , f343d1fb-e165-11f0-90da-0255ac121938, , , , f0a18f4d-6bd2-11f1-8cac-0255ac120ff9, , , , , 257a68bf-5b4b-11f1-8fdf-0255ac12109b, TBG_YOG_TDDINFILL_47, , 8dbc3c11-1797-11f1-8caf-0255ac1211f5, 34SMN_0052, ,	 110.41438, , , 0, , , , No, , , -7.76559, , , , , , , , , , , -7.76559, ce1d6700-f34d-11f0-80d8-0255ac12193b, , , , , , ,	 110.41438, , , , , , 54, , , , , , , , 1da1d8c7-16df-11f1-9eb3-0255ac1218dd, 34SMN_0052, , true,	 1786017797884, 2026-08-06 12:03:17, b493b903-fb2f-11f0-be90-0255ac120057, , , , , , , TBG, , , , , No, No, No, , 
 2df57184-f362-11f0-82f8-0255ac12021f, , , , , , f343d1fb-e165-11f0-90da-0255ac121938, , , , f0a18f4d-6bd2-11f1-8cac-0255ac120ff9, , , , , 2576c00a-5b4b-11f1-8fdf-0255ac12109b, TBG_SADANG_RELOC, , 58bfb47e-2cb4-11f1-ab67-0255ac1208c4, 32PWK_0032, ,	 107.46757, , , 0, , , , No, , , -6.51446, , , , , , , , , , , -6.51446, ce1d6700-f34d-11f0-80d8-0255ac12193b, , , , , , ,	 107.46757, , , , , ,	 714, , , , , , , , 1da4e640-16df-11f1-9eb3-0255ac1218dd, 32PWK_0032, , true,	 1786017797876, 2026-08-06 12:03:17, e703fcc2-e165-11f0-a9fb-0255ac121097, , , , , , , TBG, , , , , No, No, No, , 
 2df57184-f362-11f0-82f8-0255ac12021f, , , , , , f343d1fb-e165-11f0-90da-0255ac121938, , , , f0a18f4d-6bd2-11f1-8cac-0255ac120ff9, , , , , 2576c00a-5b4b-11f1-8fdf-0255ac12109b, TBG_PURWAKARTA, , 58bfb47e-2cb4-11f1-ab67-0255ac1208c4, 32PWK_0002, ,	 107.441, , , 0, , , , No, , , -6.54989, , , , , , , , , , , -6.54989, ce1d6700-f34d-11f0-80d8-0255ac12193b, , , , , , ,	 107.441, , , , , ,	 621, , , , , , , , 1da61df5-16df-11f1-9eb3-0255ac1218dd, 32PWK_0002, , true,	 1786017797890, 2026-08-06 12:03:17, e703fcc2-e165-11f0-a9fb-0255ac121097, , , , , , , TBG, , , , , No, No, No, , 
 1ac88c88-0300-11f1-bdcd-0255ac121084, , , , , , f343d1fb-e165-11f0-90da-0255ac121938, , , , f0a18f4d-6bd2-11f1-8cac-0255ac120ff9, , , , , 24eb6fb8-5b4b-11f1-8fdf-0255ac12109b, TBG_MERTASINGA, , 4780acb3-4eb8-11f1-a63d-0255ac1203fc, 33CLP_0063, ,	 109.05947, , , 0, , , , No, , , -7.68899, , , , , , , , , , , -7.68899, ce1d6700-f34d-11f0-80d8-0255ac12193b, , , , , , ,	 109.05947, , , , , , 52, , , , , , , , 1da7f30a-16df-11f1-9eb3-0255ac1218dd, 33CLP_0063, , true,	 1786017797819, 2026-08-06 12:03:17, b48c3ea5-fb2f-11f0-be90-0255ac120057, , , , , , , TBG, , , , , No, No, No, , 
 2df57184-f362-11f0-82f8-0255ac12021f, , , , , , f343d1fb-e165-11f0-90da-0255ac121938, , , , f0a18f4d-6bd2-11f1-8cac-0255ac120ff9, , , , , 24f58204-5b4b-11f1-8fdf-0255ac12109b, TBG_JATIBARANG, , 81efa9e8-58b8-11f1-a63d-0255ac1203fc, 32IDM_0031, ,	 108.30664, , , 0, , , , No, , , -6.4847, , , , , , , , , , , -6.4847, ce1d6700-f34d-11f0-80d8-0255ac12193b, , , , , , ,	 108.30664, , , , , , 37, , , , , , , , 1da952c8-16df-11f1-9eb3-0255ac1218dd, 32IDM_0031, , true,	 1786017797811, 2026-08-06 12:03:17, e703fcc2-e165-11f0-a9fb-0255ac121097, , , , , , , TBG, , , , , No, No, No, , 
 28c4b082-0303-11f1-b97b-0255ac120084, , , , , , f343d1fb-e165-11f0-90da-0255ac121938, , , , f0a18f4d-6bd2-11f1-8cac-0255ac120ff9, , , , , 259459e6-5b4b-11f1-8fdf-0255ac12109b, TBG_BENDUNGAN_CILEGON, , 47c35b4e-4eb8-11f1-a63d-0255ac1203fc, 36CLG_0027, ,	 106.05128, , , 0, , , , No, , , -6.0365, , , , , , , , , , , -6.0365, ce1d6700-f34d-11f0-80d8-0255ac12193b, , , , , , ,	 106.05128, , , , , ,	 163, , , , , , , , 1daa3d3c-16df-11f1-9eb3-0255ac1218dd, 36CLG_0027, , true,	 1786017797888, 2026-08-06 12:03:17, e703fcc2-e165-11f0-a9fb-0255ac121097, , , , , , , TBG, , , , , No, No, No, , 
 25426cff-f362-11f0-8722-0255ac1208c5, , , , , , f343d1fb-e165-11f0-90da-0255ac121938, , , , f0a18f4d-6bd2-11f1-8cac-0255ac120ff9, , , , , 258899e6-5b4b-11f1-8fdf-0255ac12109b, TBG_REJOAGUNG_KEDUNGWARU, , 47a4af2f-4eb8-11f1-a63d-0255ac1203fc, 35TLG_0009, ,	 111.914806, , , 0, , , , No, , , -8.040317, , , , , , , , , , , -8.040317, ce1d6700-f34d-11f0-80d8-0255ac12193b, , , , , , ,	 111.914806, , , , , , 49, , , , , , , , 1daa8b66-16df-11f1-9eb3-0255ac1218dd, 35TLG_0009, , true,	 1786017797813, 2026-08-06 12:03:17, e703fcc2-e165-11f0-a9fb-0255ac121097, , , , , , , TBG, , , , , No, No, No, , 
 28c4b082-0303-11f1-b97b-0255ac120084, , , , , , f343d1fb-e165-11f0-90da-0255ac121938, , , , f0a18f4d-6bd2-11f1-8cac-0255ac120ff9, , , , , 259459e6-5b4b-11f1-8fdf-0255ac12109b, TBG_CILEGON, , 47c35b4e-4eb8-11f1-a63d-0255ac1203fc, 36CLG_0030, ,	 105.999, , , 0, , , , No, , , -6.01334, , , , , , , , , , , -6.01334, ce1d6700-f34d-11f0-80d8-0255ac12193b, , , , , , ,	 105.999, , , , , ,	 685, , , , , , , , 1dab9cff-16df-11f1-9eb3-0255ac1218dd, 36CLG_0030, , true,	 1786017797905, 2026-08-06 12:03:17, e703fcc2-e165-11f0-a9fb-0255ac121097, , , , , , , TBG, , , , , No, No, No, , 
 28c4b082-0303-11f1-b97b-0255ac120084, , , , , , f343d1fb-e165-11f0-90da-0255ac121938, , , , f0a18f4d-6bd2-11f1-8cac-0255ac120ff9, , , , , 25a5e65d-5b4b-11f1-8fdf-0255ac12109b, TBG_TRONDOL, , 47c35b4e-4eb8-11f1-a63d-0255ac1203fc, 36SRG_0005, ,	 106.18181, , , 0, , , , No, , , -6.09472, , , , , , , , , , , -6.09472, ce1d6700-f34d-11f0-80d8-0255ac12193b, , , , , , ,	 106.18181, , , , , ,	 126, , , , , , , , 1dad22d6-16df-11f1-9eb3-0255ac1218dd, 36SRG_0005, , true,	 1786017797880, 2026-08-06 12:03:17, b489f5a1-fb2f-11f0-be90-0255ac120057, , , , , , , TBG, , , , , No, No, No, , 
 1ac88c88-0300-11f1-bdcd-0255ac121084, , , , , , f343d1fb-e165-11f0-90da-0255ac121938, , , , f0a18f4d-6bd2-11f1-8cac-0255ac120ff9, , , , , 24eb6fb8-5b4b-11f1-8fdf-0255ac12109b, TBG_KROYA, , 4780acb3-4eb8-11f1-a63d-0255ac1203fc, 33CLP_0064, ,	 109.2406, , , 0, , , , No, , , -7.63118, , , , , , , , , , , -7.63118, ce1d6700-f34d-11f0-80d8-0255ac12193b, , , , , , ,	 109.2406, , , , , ,	 283, , , , , , , , 1dad49ea-16df-11f1-9eb3-0255ac1218dd, 33CLP_0064, , true,	 1786017797898, 2026-08-06 12:03:17, b48c3ea5-fb2f-11f0-be90-0255ac120057, , , , , , , TBG, , , , , No, No, No, , 
 25426cff-f362-11f0-8722-0255ac1208c5, , , , , , f343d1fb-e165-11f0-90da-0255ac121938, , , , f0a18f4d-6bd2-11f1-8cac-0255ac120ff9, , , , , 25a2d90c-5b4b-11f1-8fdf-0255ac12109b, TBG_KANIGARAN_KEBONSARIWETAN, , a73bf14a-1797-11f1-a4c0-0255ac12094c, 35PBL_0020, ,	 113.22951, , , 0, , , , No, , , -7.77091, , , , , , , , , , , -7.77091, ce1d6700-f34d-11f0-80d8-0255ac12193b, , , , , , ,	 113.22951, , , , , ,	 207, , , , , , , , 1db14217-16df-11f1-9eb3-0255ac1218dd, 35PBL_0020, , true,	 1786017797896, 2026-08-06 12:03:17, e703fcc2-e165-11f0-a9fb-0255ac121097, , , , , , , TBG, , , , , No, No, No, , 
 1ac88c88-0300-11f1-bdcd-0255ac121084, , , , , , f343d1fb-e165-11f0-90da-0255ac121938, , , , f0a18f4d-6bd2-11f1-8cac-0255ac120ff9, , , , , 2586ec26-5b4b-11f1-8fdf-0255ac12109b, TBG_BOJONGSANA, , 590d86e8-2cb4-11f1-ab67-0255ac1208c4, 33TGL_0015, ,	 109.29961, , , 0, , , , No, , , -6.87504, , , , , , , , , , , -6.87504, ce1d6700-f34d-11f0-80d8-0255ac12193b, , , , , , ,	 109.29961, , , , , , 29, , , , , , , , 1db58738-16df-11f1-9eb3-0255ac1218dd, 33TGL_0015, , true,	 1786017797880, 2026-08-06 12:03:17, e70a8cd9-e165-11f0-a9fb-0255ac121097, , , , , , , TBG, , , , , No, No, No, , 
 1ac88c88-0300-11f1-bdcd-0255ac121084, , , , , , f343d1fb-e165-11f0-90da-0255ac121938, , , , f0a18f4d-6bd2-11f1-8cac-0255ac120ff9, , , , , 25820a13-5b4b-11f1-8fdf-0255ac12109b, TBG_IBS_ASMI_SOLO, , b3f5645d-1797-11f1-b289-0255ac12100b, 33SKH_0006, ,	 110.86671, , , 0, , , , No, , , -7.56763, , , , , , , , , , , -7.56763, ce1d6700-f34d-11f0-80d8-0255ac12193b, , , , , , ,	 110.86671, , , , , ,	 273, , , , , , , , 1db5fc76-16df-11f1-9eb3-0255ac1218dd, 33SKH_0006, , true,	 1786017798007, 2026-08-06 12:03:17, b48c3ea5-fb2f-11f0-be90-0255ac120057, , , , , , , TBG, , , , , No, No, No, , 
 1ac88c88-0300-11f1-bdcd-0255ac121084, , , , , , f343d1fb-e165-11f0-90da-0255ac121938, , , , f0a18f4d-6bd2-11f1-8cac-0255ac120ff9, , , , , 2586ec26-5b4b-11f1-8fdf-0255ac12109b, TBG_SURADADI_TEGAL, , 590d86e8-2cb4-11f1-ab67-0255ac1208c4, 33TGL_0052, ,	 109.24013, , , 0, , , , No, , , -6.88362, , , , , , , , , , , -6.88362, ce1d6700-f34d-11f0-80d8-0255ac12193b, , , , , , ,	 109.24013, , , , , , 4, , , , , , , , 1db70dfc-16df-11f1-9eb3-0255ac1218dd, 33TGL_0052, , true,	 1786017797929, 2026-08-06 12:03:17, b493b903-fb2f-11f0-be90-0255ac120057, , , , , , , TBG, , , , , No, No, No, , 
 25426cff-f362-11f0-8722-0255ac1208c5, , , , , , f343d1fb-e165-11f0-90da-0255ac121938, , , , f0a18f4d-6bd2-11f1-8cac-0255ac120ff9, , , , , 0980097b-f34e-11f0-80d8-0255ac12193b, TBG_TANGGULANGIN, , 9784a8b3-1797-11f1-8e49-0255ac121206, 35SDA_0163, ,	 112.6914, , , 0, , , , No, , , -7.50886, , , , , , , , , , , -7.50886, ce1d6700-f34d-11f0-80d8-0255ac12193b, , , , , , ,	 112.6914, , , , , ,	 120, , , , , , , , 1db93132-16df-11f1-9eb3-0255ac1218dd, 35SDA_0163, , true,	 1786017797976, 2026-08-06 12:03:17, e703fcc2-e165-11f0-a9fb-0255ac121097, , , , , , , TBG, , , , , No, No, No, , 
 2df57184-f362-11f0-82f8-0255ac12021f, , , , , , f343d1fb-e165-11f0-90da-0255ac121938, , , , f0a18f4d-6bd2-11f1-8cac-0255ac120ff9, , , , , 2576c00a-5b4b-11f1-8fdf-0255ac12109b, TBG_CIKUMPAI, , 58bfb47e-2cb4-11f1-ab67-0255ac1208c4, 32PWK_0033, ,	 107.49131, , , 0, , , , No, , , -6.49889, , , , , , , , , , , -6.49889, ce1d6700-f34d-11f0-80d8-0255ac12193b, , , , , , ,	 107.49131, , , , , ,	 167, , , , , , , , 1db9a671-16df-11f1-9eb3-0255ac1218dd, 32PWK_0033, , true,	 1786017797996, 2026-08-06 12:03:17, e703fcc2-e165-11f0-a9fb-0255ac121097, , , , , , , TBG, , , , , No, No, No, , 
 25426cff-f362-11f0-8722-0255ac1208c5, , , , , , f343d1fb-e165-11f0-90da-0255ac121938, , , , f0a18f4d-6bd2-11f1-8cac-0255ac120ff9, , , , , 581ba28d-f34e-11f0-a8cb-0255ac1211f7, TBG_WATUKOSEK_GEMPOL, , 9d3fcabe-1797-11f1-8d29-0255ac1218e4, 35PSN_0062, ,	 112.679594, , , 0, , , , No, , , -7.583972, , , , , , , , , , , -7.583972, ce1d6700-f34d-11f0-80d8-0255ac12193b, , , , , , ,	 112.679594, , , , , ,	 106, , , , , , , , 1dbe880d-16df-11f1-9eb3-0255ac1218dd, 35PSN_0062, , true,	 1786017797992, 2026-08-06 12:03:17, e703fcc2-e165-11f0-a9fb-0255ac121097, , , , , , , TBG, , , , , No, No, No, , 
 2df57184-f362-11f0-82f8-0255ac12021f, , , , , , f343d1fb-e165-11f0-90da-0255ac121938, , , , f0a18f4d-6bd2-11f1-8cac-0255ac120ff9, , , , , 254d8c60-5b4b-11f1-8fdf-0255ac12109b, TBG_BENGLEMAJALAYA, , a40cd1fc-1797-11f1-bdcd-0255ac121084, 32KWG_0040, ,	 107.34996, , , 0, , , , No, , , -6.31867, , , , , , , , , , , -6.31867, ce1d6700-f34d-11f0-80d8-0255ac12193b, , , , , , ,	 107.34996, , , , , ,	 144, , , , , , , , 1dbed635-16df-11f1-9eb3-0255ac1218dd, 32KWG_0040, , true,	 1786017797988, 2026-08-06 12:03:17, e703fcc2-e165-11f0-a9fb-0255ac121097, , , , , , , TBG, , , , , No, No, No, , 
 1ac88c88-0300-11f1-bdcd-0255ac121084, , , , , , f343d1fb-e165-11f0-90da-0255ac121938, , , , f0a18f4d-6bd2-11f1-8cac-0255ac120ff9, , , , , 257cd9dc-5b4b-11f1-8fdf-0255ac12109b, TBG_SRAGEN_RELOCATION, , 06887636-74a8-11f1-abfb-0255ac121dc0, 33SGN_0033, ,	 111.01881, , , 0, , , , No, , , -7.41758, , , , , , , , , , , -7.41758, ce1d6700-f34d-11f0-80d8-0255ac12193b, , , , , , ,	 111.01881, , , , , , 50, , , , , , , , 1dc36a6e-16df-11f1-9eb3-0255ac1218dd, 33SGN_0033, , true,	 1786017798020, 2026-08-06 12:03:18, b48c3ea5-fb2f-11f0-be90-0255ac120057, , , , , , , TBG, , , , , No, No, No, , 
 1ac88c88-0300-11f1-bdcd-0255ac121084, , , , , , f343d1fb-e165-11f0-90da-0255ac121938, , , , f0a18f4d-6bd2-11f1-8cac-0255ac120ff9, , , , , 2554433a-5b4b-11f1-8fdf-0255ac12109b, TBG_BARENGLOR_KLATEN, , 8dbc3c11-1797-11f1-8caf-0255ac1211f5, 33KLN_0027, ,	 110.61001, , , 0, , , , No, , , -7.70416, , , , , , , , , , , -7.70416, ce1d6700-f34d-11f0-80d8-0255ac12193b, , , , , , ,	 110.61001, , , , , ,	 345, , , , , , , , 1dc4f13d-16df-11f1-9eb3-0255ac1218dd, 33KLN_0027, , true,	 1786017798006, 2026-08-06 12:03:17, b48c3ea5-fb2f-11f0-be90-0255ac120057, , , , , , , TBG, , , , , No, No, No, , 
 2df57184-f362-11f0-82f8-0255ac12021f, , , , , , f343d1fb-e165-11f0-90da-0255ac121938, , , , f0a18f4d-6bd2-11f1-8cac-0255ac120ff9, , , , , 2576c00a-5b4b-11f1-8fdf-0255ac12109b, TBG_BUNDER_JATILUHUR, , 58bfb47e-2cb4-11f1-ab67-0255ac1208c4, 32PWK_0034, ,	 107.42923, , , 0, , , , No, , , -6.55811, , , , , , , , , , , -6.55811, ce1d6700-f34d-11f0-80d8-0255ac12193b, , , , , , ,	 107.42923, , , , , ,	 151, , , , , , , , 1dc8c14c-16df-11f1-9eb3-0255ac1218dd, 32PWK_0034, , true,	 1786017798018, 2026-08-06 12:03:17, e703fcc2-e165-11f0-a9fb-0255ac121097, , , , , , , TBG, , , , , No, No, No, , 
 1ac88c88-0300-11f1-bdcd-0255ac121084, , , , , , f343d1fb-e165-11f0-90da-0255ac121938, , , , f0a18f4d-6bd2-11f1-8cac-0255ac120ff9, , , , , 24e4dfff-5b4b-11f1-8fdf-0255ac12109b, TBG_KALIGANSA_TMR, , ce2b4a23-74a7-11f1-9cdd-0255ac1211fc, 33BBS_0004, ,	 109.06752, , , 0, , , , No, , , -6.87403, , , , , , , , , , , -6.87403, ce1d6700-f34d-11f0-80d8-0255ac12193b, , , , , , ,	 109.06752, , , , , ,	 948, , , , , , , , 1dc93685-16df-11f1-9eb3-0255ac1218dd, 33BBS_0004, , true,	 1786017798020, 2026-08-06 12:03:18, b48c3ea5-fb2f-11f0-be90-0255ac120057, , , , , , , TBG, , , , , No, No, No, , 
 1ac88c88-0300-11f1-bdcd-0255ac121084, , , , , , f343d1fb-e165-11f0-90da-0255ac121938, , , , f0a18f4d-6bd2-11f1-8cac-0255ac120ff9, , , , , 2056434e-5d7f-11f1-a63d-0255ac1203fc, TBG_DONOHUDAN_BOYOLALI, , b3f5645d-1797-11f1-b289-0255ac12100b, 33BYL_0003, ,	 110.78305, , , 0, , , , No, , , -7.51669, , , , , , , , , , , -7.51669, ce1d6700-f34d-11f0-80d8-0255ac12193b, , , , , , ,	 110.78305, , , , , ,	 145, , , , , , , , 1dc95d99-16df-11f1-9eb3-0255ac1218dd, 33BYL_0003, , true,	 1786017798011, 2026-08-06 12:03:18, b48c3ea5-fb2f-11f0-be90-0255ac120057, , , , , , , TBG, , , , , No, No, No, , 
 2df57184-f362-11f0-82f8-0255ac12021f, , , , , , f343d1fb-e165-11f0-90da-0255ac121938, , , , f0a18f4d-6bd2-11f1-8cac-0255ac120ff9, , , , , 2576c00a-5b4b-11f1-8fdf-0255ac12109b, TBG_CITALANG, , 58bfb47e-2cb4-11f1-ab67-0255ac1208c4, 32PWK_0035, ,	 107.46764, , , 0, , , , No, , , -6.5332, , , , , , , , , , , -6.5332, ce1d6700-f34d-11f0-80d8-0255ac12193b, , , , , , ,	 107.46764, , , , , , 77, , , , , , , , 1dcbf5f6-16df-11f1-9eb3-0255ac1218dd, 32PWK_0035, , true,	 1786017798021, 2026-08-06 12:03:18, e703fcc2-e165-11f0-a9fb-0255ac121097, , , , , , , TBG, , , , , No, No, No, , 
 1ac88c88-0300-11f1-bdcd-0255ac121084, , , , , , f343d1fb-e165-11f0-90da-0255ac121938, , , , f0a18f4d-6bd2-11f1-8cac-0255ac120ff9, , , , , 24eb6fb8-5b4b-11f1-8fdf-0255ac12109b, TBG_DS._PUCUNG_MERGOWATI, , 4780acb3-4eb8-11f1-a63d-0255ac1203fc, 33CLP_0065, ,	 109.25723, , , 0, , , , No, , , -7.6323, , , , , , , , , , , -7.6323, ce1d6700-f34d-11f0-80d8-0255ac12193b, , , , , , ,	 109.25723, , , , , ,	 250, , , , , , , , 1dceb567-16df-11f1-9eb3-0255ac1218dd, 33CLP_0065, , true,	 1786017798074, 2026-08-06 12:03:18, b48c3ea5-fb2f-11f0-be90-0255ac120057, , , , , , , TBG, , , , , No, No, No, , 
 25426cff-f362-11f0-8722-0255ac1208c5, , , , , , f343d1fb-e165-11f0-90da-0255ac121938, , , , f0a18f4d-6bd2-11f1-8cac-0255ac120ff9, , , , , 3ac87689-f34e-11f0-8722-0255ac1208c5, TBG_LOH_MANIS, , 835ac3d2-74a7-11f1-b24a-0255ac120ffd, 35MLG_0127, ,	 112.67464, , , 0, , , , No, , , -7.93509, , , , , , , , , , , -7.93509, ce1d6700-f34d-11f0-80d8-0255ac12193b, , , , , , ,	 112.67464, , , , , , 92, , , , , , , , 1dd2ac45-16df-11f1-9eb3-0255ac1218dd, 35MLG_0127, , true,	 1786017798080, 2026-08-06 12:03:18, e703fcc2-e165-11f0-a9fb-0255ac121097, , , , , , , TBG, , , , , No, No, No, , 
 2d1992c8-0300-11f1-8f47-0255ac121dc0, , , , , , f343d1fb-e165-11f0-90da-0255ac121938, , , , f0a18f4d-6bd2-11f1-8cac-0255ac120ff9, , , , , 24dddb08-5b4b-11f1-8fdf-0255ac12109b, TBG_PLAKARAN_LOR_BATURETNO, , 8dbc3c11-1797-11f1-8caf-0255ac1211f5, 34BTL_0031, ,	 110.42387, , , 0, , , , No, , , -7.82924, , , , , , , , , , , -7.82924, ce1d6700-f34d-11f0-80d8-0255ac12193b, , , , , , ,	 110.42387, , , , , ,	 170, , , , , , , , 1dd2fa75-16df-11f1-9eb3-0255ac1218dd, 34BTL_0031, , true,	 1786017798019, 2026-08-06 12:03:18, b493b903-fb2f-11f0-be90-0255ac120057, , , , , , , TBG, , , , , No, No, No, , 
 25426cff-f362-11f0-8722-0255ac1208c5, , , , , , f343d1fb-e165-11f0-90da-0255ac121938, , , , f0a18f4d-6bd2-11f1-8cac-0255ac120ff9, , , , , 0980097b-f34e-11f0-80d8-0255ac12193b, TBG_KALIMATI_SDJ, , 9784a8b3-1797-11f1-8e49-0255ac121206, 35SDA_0164, ,	 112.54935, , , 0, , , , No, , , -7.45878, , , , , , , , , , , -7.45878, ce1d6700-f34d-11f0-80d8-0255ac12193b, , , , , , ,	 112.54935, , , , , , 34, , , , , , , , 1dd78edb-16df-11f1-9eb3-0255ac1218dd, 35SDA_0164, , true,	 1786017798088, 2026-08-06 12:03:18, e703fcc2-e165-11f0-a9fb-0255ac121097, , , , , , , TBG, , , , , No, No, No, , 
 2df57184-f362-11f0-82f8-0255ac12021f, , , , , , f343d1fb-e165-11f0-90da-0255ac121938, , , , f0a18f4d-6bd2-11f1-8cac-0255ac120ff9, , , , , 2576c00a-5b4b-11f1-8fdf-0255ac12109b, TBG_CIWARENG_PURWAKARTA, , 58bfb47e-2cb4-11f1-ab67-0255ac1208c4, 32PWK_0007, ,	 107.43613, , , 0, , , , No, , , -6.53289, , , , , , , , , , , -6.53289, ce1d6700-f34d-11f0-80d8-0255ac12193b, , , , , , ,	 107.43613, , , , , ,	 207, , , , , , , , 1dd8794e-16df-11f1-9eb3-0255ac1218dd, 32PWK_0007, , true,	 1786017798083, 2026-08-06 12:03:18, e703fcc2-e165-11f0-a9fb-0255ac121097, , , , , , , TBG, , , , , No, No, No, , 
 25426cff-f362-11f0-8722-0255ac1208c5, , , , , , f343d1fb-e165-11f0-90da-0255ac121938, , , , f0a18f4d-6bd2-11f1-8cac-0255ac120ff9, , , , , 258899e6-5b4b-11f1-8fdf-0255ac12109b, TBG_SUKOWIDODO, , 47a4af2f-4eb8-11f1-a63d-0255ac1203fc, 35TLG_0054, ,	 111.88939, , , 0, , , , No, , , -8.02467, , , , , , , , , , , -8.02467, ce1d6700-f34d-11f0-80d8-0255ac12193b, , , , , , ,	 111.88939, , , , , , 39, , , , , , , , 1ddd33e3-16df-11f1-9eb3-0255ac1218dd, 35TLG_0054, , true,	 1786017798114, 2026-08-06 12:03:18, e703fcc2-e165-11f0-a9fb-0255ac121097, , , , , , , TBG, , , , , No, No, No, , 
 1ac88c88-0300-11f1-bdcd-0255ac121084, , , , , , f343d1fb-e165-11f0-90da-0255ac121938, , , , f0a18f4d-6bd2-11f1-8cac-0255ac120ff9, , , , , 2552bc93-5b4b-11f1-8fdf-0255ac12109b, TBG_KENDAL_KALIWUNGU, , 9120c34a-1797-11f1-be90-0255ac120057, 33KDL_0024, ,	 110.26276, , , 0, , , , No, , , -6.97115, , , , , , , , , , , -6.97115, ce1d6700-f34d-11f0-80d8-0255ac12193b, , , , , , ,	 110.26276, , , , , , 13, , , , , , , , 1dde939c-16df-11f1-9eb3-0255ac1218dd, 33KDL_0024, , true,	 1786017798105, 2026-08-06 12:03:18, b48c3ea5-fb2f-11f0-be90-0255ac120057, , , , , , , TBG, , , , , No, No, No, , 
 25426cff-f362-11f0-8722-0255ac1208c5, , , , , , f343d1fb-e165-11f0-90da-0255ac121938, , , , f0a18f4d-6bd2-11f1-8cac-0255ac120ff9, , , , , 46fb2d0a-f34e-11f0-b679-0255ac1211e3, TBG_KERTOSARI, , 479e1f50-4eb8-11f1-a63d-0255ac1203fc, 35BYW_0013, ,	 114.37344, , , 0, , , , No, , , -8.23602, , , , , , , , , , , -8.23602, ce1d6700-f34d-11f0-80d8-0255ac12193b, , , , , , ,	 114.37344, , , , , , 3, , , , , , , , 1ddee1c1-16df-11f1-9eb3-0255ac1218dd, 35BYW_0013, , true,	 1786017798116, 2026-08-06 12:03:18, e703fcc2-e165-11f0-a9fb-0255ac121097, , , , , , , TBG, , , , , No, No, No, , 
 1ac88c88-0300-11f1-bdcd-0255ac121084, , , , , , f343d1fb-e165-11f0-90da-0255ac121938, , , , f0a18f4d-6bd2-11f1-8cac-0255ac120ff9, , , , , 24f3d44b-5b4b-11f1-8fdf-0255ac12109b, TBG_GABUS_GROBOGAN_3, , a7b36c07-74a7-11f1-a3a3-0255ac1211e2, 33PWD_0034, ,	 111.17251, , , 0, , , , No, , , -7.14583, , , , , , , , , , , -7.14583, ce1d6700-f34d-11f0-80d8-0255ac12193b, , , , , , ,	 111.17251, , , , , ,	 104, , , , , , , , 1ddf7e12-16df-11f1-9eb3-0255ac1218dd, 33PWD_0034, , true,	 1786017798123, 2026-08-06 12:03:18, b48c3ea5-fb2f-11f0-be90-0255ac120057, , , , , , , TBG, , , , , No, No, No, , 
 1ac88c88-0300-11f1-bdcd-0255ac121084, , , , , , f343d1fb-e165-11f0-90da-0255ac121938, , , , f0a18f4d-6bd2-11f1-8cac-0255ac120ff9, , , , , 257cd9dc-5b4b-11f1-8fdf-0255ac12109b, TBG_GEMOLONG_III, , 06887636-74a8-11f1-abfb-0255ac121dc0, 33SGN_0034, ,	 110.83851, , , 0, , , , No, , , -7.39846, , , , , , , , , , , -7.39846, ce1d6700-f34d-11f0-80d8-0255ac12193b, , , , , , ,	 110.83851, , , , , , 87, , , , , , , , 1de39c3d-16df-11f1-9eb3-0255ac1218dd, 33SGN_0034, , true,	 1786017798129, 2026-08-06 12:03:18, b48c3ea5-fb2f-11f0-be90-0255ac120057, , , , , , , TBG, , , , , No, No, No, , 
 2df57184-f362-11f0-82f8-0255ac12021f, , , , , , f343d1fb-e165-11f0-90da-0255ac121938, , , , f0a18f4d-6bd2-11f1-8cac-0255ac120ff9, , , , , 7baa6b5b-f34e-11f0-a8cb-0255ac1211f7, TBG_IBS_JAYA_RAGA, , 47b0e452-4eb8-11f1-a63d-0255ac1203fc, 32BKS_0064, ,	 107.119, , , 0, , , , No, , , -6.2718, , , , , , , , , , , -6.2718, ce1d6700-f34d-11f0-80d8-0255ac12193b, , , , , , ,	 107.119, , , , , , , , , , , , , , 1de54a26-16df-11f1-9eb3-0255ac1218dd, 32BKS_0064, , true,	 1786017798128, 2026-08-06 12:03:18, e703fcc2-e165-11f0-a9fb-0255ac121097, , , , , , , TBG, , , , , No, No, No, , 
 25426cff-f362-11f0-8722-0255ac1208c5, , , , , , f343d1fb-e165-11f0-90da-0255ac121938, , , , f0a18f4d-6bd2-11f1-8cac-0255ac120ff9, , , , , 254a57fc-5b4b-11f1-8fdf-0255ac12109b, TBG_PALREJO, , eea6dfb1-74a7-11f1-9425-0255ac12100a, 35JBG_0012, ,	 112.30638, , , 0, , , , No, , , -7.55506, , , , , , , , , , , -7.55506, ce1d6700-f34d-11f0-80d8-0255ac12193b, , , , , , ,	 112.30638, , , , , , 29, , , , , , , , 1de634a3-16df-11f1-9eb3-0255ac1218dd, 35JBG_0012, , true,	 1786017798190, 2026-08-06 12:03:18, e703fcc2-e165-11f0-a9fb-0255ac121097, , , , , , , TBG, , , , , No, No, No, , 
 28c4b082-0303-11f1-b97b-0255ac120084, , , , , , f343d1fb-e165-11f0-90da-0255ac121938, , , , f0a18f4d-6bd2-11f1-8cac-0255ac120ff9, , , , , 259459e6-5b4b-11f1-8fdf-0255ac12109b, TBG_BENDUNG_KRAMAT_WATU, , 47c35b4e-4eb8-11f1-a63d-0255ac1203fc, 36CLG_0005, ,	 106.03802, , , 0, , , , No, , , -6.0342, , , , , , , , , , , -6.0342, ce1d6700-f34d-11f0-80d8-0255ac12193b, , , , , , ,	 106.03802, , , , , , 23, , , , , , , , 1de634a4-16df-11f1-9eb3-0255ac1218dd, 36CLG_0005, , true,	 1786017798207, 2026-08-06 12:03:18, b489f5a1-fb2f-11f0-be90-0255ac120057, , , , , , , TBG, , , , , No, No, No, , 
 25426cff-f362-11f0-8722-0255ac1208c5, , , , , , f343d1fb-e165-11f0-90da-0255ac121938, , , , f0a18f4d-6bd2-11f1-8cac-0255ac120ff9, , , , , 25a7ba22-5b4b-11f1-8fdf-0255ac12109b, TBG_SUMUR_WELUT, , 9784a8b3-1797-11f1-8e49-0255ac121206, 35SBY_0166, ,	 112.68699, , , 0, , , , No, , , -7.332, , , , , , , , , , , -7.332, ce1d6700-f34d-11f0-80d8-0255ac12193b, , , , , , ,	 112.68699, , , , , , 33, , , , , , , , 1de74631-16df-11f1-9eb3-0255ac1218dd, 35SBY_0166, , true,	 1786017798210, 2026-08-06 12:03:18, e703fcc2-e165-11f0-a9fb-0255ac121097, , , , , , , TBG, , , , , No, No, No, , 
 1ac88c88-0300-11f1-bdcd-0255ac121084, , , , , , f343d1fb-e165-11f0-90da-0255ac121938, , , , f0a18f4d-6bd2-11f1-8cac-0255ac120ff9, , , , , 254bdea6-5b4b-11f1-8fdf-0255ac12109b, TBG_MACANAN, , 06887636-74a8-11f1-abfb-0255ac121dc0, 33KRG_0030, ,	 110.92861, , , 0, , , , No, , , -7.547, , , , , , , , , , , -7.547, ce1d6700-f34d-11f0-80d8-0255ac12193b, , , , , , ,	 110.92861, , , , , , 84, , , , , , , , 1de830ae-16df-11f1-9eb3-0255ac1218dd, 33KRG_0030, , true,	 1786017798178, 2026-08-06 12:03:18, b48c3ea5-fb2f-11f0-be90-0255ac120057, , , , , , , TBG, , , , , No, No, No, , 
 1ac88c88-0300-11f1-bdcd-0255ac121084, , , , , , f343d1fb-e165-11f0-90da-0255ac121938, , , , f0a18f4d-6bd2-11f1-8cac-0255ac120ff9, , , , , 24f3d44b-5b4b-11f1-8fdf-0255ac12109b, TBG_KEDUNGJATI, , 58d9a589-2cb4-11f1-ab67-0255ac1208c4, 33PWD_0035, ,	 110.63253, , , 0, , , , No, , , -7.15853, , , , , , , , , , , -7.15853, ce1d6700-f34d-11f0-80d8-0255ac12193b, , , , , , ,	 110.63253, , , , , ,	 281, , , , , , , , 1de8a5e8-16df-11f1-9eb3-0255ac1218dd, 33PWD_0035, , true,	 1786017798186, 2026-08-06 12:03:18, b48c3ea5-fb2f-11f0-be90-0255ac120057, , , , , , , TBG, , , , , No, No, No, , 
 25426cff-f362-11f0-8722-0255ac1208c5, , , , , , f343d1fb-e165-11f0-90da-0255ac121938, , , , f0a18f4d-6bd2-11f1-8cac-0255ac120ff9, , , , , 036a92c2-f34e-11f0-bb3c-0255ac12003a, TBG_GUNUNG_SARI, , 58aaf430-2cb4-11f1-ab67-0255ac1208c4, 35BJN_0010, ,	 112.13824, , , 0, , , , No, , , -7.12741, , , , , , , , , , , -7.12741, ce1d6700-f34d-11f0-80d8-0255ac12193b, , , , , , ,	 112.13824, , , , , , 69, , , , , , , , 1de9423c-16df-11f1-9eb3-0255ac1218dd, 35BJN_0010, , true,	 1786017798197, 2026-08-06 12:03:18, e703fcc2-e165-11f0-a9fb-0255ac121097, , , , , , , TBG, , , , , No, No, No, , 
 25426cff-f362-11f0-8722-0255ac1208c5, , , , , , f343d1fb-e165-11f0-90da-0255ac121938, , , , f0a18f4d-6bd2-11f1-8cac-0255ac120ff9, , , , , 4c39cbb3-f34e-11f0-8246-0255ac120944, TBG_SUMBERBULU_TEGAL_SIWALAN_TBG, , a73bf14a-1797-11f1-a4c0-0255ac12094c, 35PBL_0029, ,	 113.23829, , , 0, , , , No, , , -7.82231, , , , , , , , , , , -7.82231, ce1d6700-f34d-11f0-80d8-0255ac12193b, , , , , , ,	 113.23829, , , , , , 46, , , , , , , , 1ded8790-16df-11f1-9eb3-0255ac1218dd, 35PBL_0029, , true,	 1786017798213, 2026-08-06 12:03:18, e703fcc2-e165-11f0-a9fb-0255ac121097, , , , , , , TBG, , , , , No, No, No, , 
 25426cff-f362-11f0-8722-0255ac1208c5, , , , , , f343d1fb-e165-11f0-90da-0255ac121938, , , , f0a18f4d-6bd2-11f1-8cac-0255ac120ff9, , , , , 0980097b-f34e-11f0-80d8-0255ac12193b, TBG_SAMBIROTO, , 9784a8b3-1797-11f1-8e49-0255ac121206, 35SDA_0166, ,	 112.70184, , , 0, , , , No, , , -7.4902, , , , , , , , , , , -7.4902, ce1d6700-f34d-11f0-80d8-0255ac12193b, , , , , , ,	 112.70184, , , , , , 92, , , , , , , , 1def0e5f-16df-11f1-9eb3-0255ac1218dd, 35SDA_0166, , true,	 1786017798215, 2026-08-06 12:03:18, e703fcc2-e165-11f0-a9fb-0255ac121097, , , , , , , TBG, , , , , No, No, No, , 
 2df57184-f362-11f0-82f8-0255ac12021f, , , , , , f343d1fb-e165-11f0-90da-0255ac121938, , , , f0a18f4d-6bd2-11f1-8cac-0255ac120ff9, , , , , 24f09ff3-5b4b-11f1-8fdf-0255ac12109b, TBG_BANYURESMI, , 9a1a95b2-1797-11f1-b470-0255ac120236, 32GRT_0016, ,	 107.95188, , , 0, , , , No, , , -7.16644, , , , , , , , , , , -7.16644, ce1d6700-f34d-11f0-80d8-0255ac12193b, , , , , , ,	 107.95188, , , , , ,	 148, , , , , , , , 1df06e12-16df-11f1-9eb3-0255ac1218dd, 32GRT_0016, , true,	 1786017798208, 2026-08-06 12:03:18, e703fcc2-e165-11f0-a9fb-0255ac121097, , , , , , , TBG, , , , , No, No, No, , 
 1ac88c88-0300-11f1-bdcd-0255ac121084, , , , , , f343d1fb-e165-11f0-90da-0255ac121938, , , , f0a18f4d-6bd2-11f1-8cac-0255ac120ff9, , , , , 2573649e-5b4b-11f1-8fdf-0255ac12109b, TBG_SRAGI, , 590d86e8-2cb4-11f1-ab67-0255ac1208c4, 33PKL_0014, ,	 109.56543, , , 0, , , , No, , , -6.92601, , , , , , , , , , , -6.92601, ce1d6700-f34d-11f0-80d8-0255ac12193b, , , , , , ,	 109.56543, , , , , , 44, , , , , , , , 1df09526-16df-11f1-9eb3-0255ac1218dd, 33PKL_0014, , true,	 1786017798218, 2026-08-06 12:03:18, e70a8cd9-e165-11f0-a9fb-0255ac121097, , , , , , , TBG, , , , , No, No, No, , 
 2d1992c8-0300-11f1-8f47-0255ac121dc0, , , , , , f343d1fb-e165-11f0-90da-0255ac121938, , , , f0a18f4d-6bd2-11f1-8cac-0255ac120ff9, , , , , 257a68bf-5b4b-11f1-8fdf-0255ac12109b, TBG_JL_WONGSO_DIRYO_BERBAH, , 8dbc3c11-1797-11f1-8caf-0255ac1211f5, 34SMN_0002, ,	 110.43224, , , 0, , , , No, , , -7.81468, , , , , , , , , , , -7.81468, ce1d6700-f34d-11f0-80d8-0255ac12193b, , , , , , ,	 110.43224, , , , , ,	 141, , , , , , , , 1df1f4d8-16df-11f1-9eb3-0255ac1218dd, 34SMN_0002, , true,	 1786017798221, 2026-08-06 12:03:18, b493b903-fb2f-11f0-be90-0255ac120057, , , , , , , TBG, , , , , No, No, No, , 
 1ac88c88-0300-11f1-bdcd-0255ac121084, , , , , , f343d1fb-e165-11f0-90da-0255ac121938, , , , f0a18f4d-6bd2-11f1-8cac-0255ac120ff9, , , , , 2056434e-5d7f-11f1-a63d-0255ac1203fc, TBG_BOYOLALI_NGEMPLAK, , b3f5645d-1797-11f1-b289-0255ac12100b, 33BYL_0013, ,	 110.767, , , 0, , , , No, , , -7.50267, , , , , , , , , , , -7.50267, ce1d6700-f34d-11f0-80d8-0255ac12193b, , , , , , ,	 110.767, , , , , , 2, , , , , , , , 1df30575-16df-11f1-9eb3-0255ac1218dd, 33BYL_0013, , true,	 1786017798295, 2026-08-06 12:03:18, b48c3ea5-fb2f-11f0-be90-0255ac120057, , , , , , , TBG, , , , , No, No, No, , 
 2d1992c8-0300-11f1-8f47-0255ac121dc0, , , , , , f343d1fb-e165-11f0-90da-0255ac121938, , , , f0a18f4d-6bd2-11f1-8cac-0255ac120ff9, , , , , 24dddb08-5b4b-11f1-8fdf-0255ac12109b, TBG_PIYUNGAN_2, , 8dbc3c11-1797-11f1-8caf-0255ac1211f5, 34BTL_0032, ,	 110.43057, , , 0, , , , No, , , -7.83925, , , , , , , , , , , -7.83925, ce1d6700-f34d-11f0-80d8-0255ac12193b, , , , , , ,	 110.43057, , , , , ,	 110, , , , , , , , 1df46545-16df-11f1-9eb3-0255ac1218dd, 34BTL_0032, , true,	 1786017798286, 2026-08-06 12:03:18, b493b903-fb2f-11f0-be90-0255ac120057, , , , , , , TBG, , , , , No, No, No, , 
 2df57184-f362-11f0-82f8-0255ac12021f, , , , , , f343d1fb-e165-11f0-90da-0255ac121938, , , , f0a18f4d-6bd2-11f1-8cac-0255ac120ff9, , , , , 24ed6b96-5b4b-11f1-8fdf-0255ac12109b, TBG_BUNTET, , 58ca3c25-2cb4-11f1-ab67-0255ac1208c4, 32CBN_0074, ,	 108.61368, , , 0, , , , No, , , -6.80812, , , , , , , , , , , -6.80812, ce1d6700-f34d-11f0-80d8-0255ac12193b, , , , , , ,	 108.61368, , , , , ,	 428, , , , , , , , 1df4b36a-16df-11f1-9eb3-0255ac1218dd, 32CBN_0074, , true,	 1786017798325, 2026-08-06 12:03:18, e703fcc2-e165-11f0-a9fb-0255ac121097, , , , , , , TBG, , , , , No, No, No, , 
 25426cff-f362-11f0-8722-0255ac1208c5, , , , , , f343d1fb-e165-11f0-90da-0255ac121938, , , , f0a18f4d-6bd2-11f1-8cac-0255ac120ff9, , , , , 3ac87689-f34e-11f0-8722-0255ac1208c5, TBG_ARDIREJO_TBG, , 9d3fcabe-1797-11f1-8d29-0255ac1218e4, 35MLG_0029, ,	 112.57464, , , 0, , , , No, , , -8.11683, , , , , , , , , , , -8.11683, ce1d6700-f34d-11f0-80d8-0255ac12193b, , , , , , ,	 112.57464, , , , , , 88, , , , , , , , 1df724b1-16df-11f1-9eb3-0255ac1218dd, 35MLG_0029, , true,	 1786017798293, 2026-08-06 12:03:18, e703fcc2-e165-11f0-a9fb-0255ac121097, , , , , , , TBG, , , , , No, No, No, , 
 2df57184-f362-11f0-82f8-0255ac12021f, , , , , , f343d1fb-e165-11f0-90da-0255ac121938, , , , f0a18f4d-6bd2-11f1-8cac-0255ac120ff9, , , , , 24e86274-5b4b-11f1-8fdf-0255ac12109b, TBG_GUNTENG_KARANGTENGAH, , aa157741-1797-11f1-bdcd-0255ac121084, 32CJR_0015, ,	 107.1689, , , 0, , , , No, , , -6.81275, , , , , , , , , , , -6.81275, ce1d6700-f34d-11f0-80d8-0255ac12193b, , , , , , ,	 107.1689, , , , , ,	 290, , , , , , , , 1df799ef-16df-11f1-9eb3-0255ac1218dd, 32CJR_0015, , true,	 1786017798313, 2026-08-06 12:03:18, e703fcc2-e165-11f0-a9fb-0255ac121097, , , , , , , TBG, , , , , No, No, No, , 
 2d1992c8-0300-11f1-8f47-0255ac121dc0, , , , , , f343d1fb-e165-11f0-90da-0255ac121938, , , , f0a18f4d-6bd2-11f1-8cac-0255ac120ff9, , , , , 257a68bf-5b4b-11f1-8fdf-0255ac12109b, TBG_BABARSARI, , 8dbc3c11-1797-11f1-8caf-0255ac1211f5, 34SMN_0053, ,	 110.4137, , , 0, , , , No, , , -7.77457, , , , , , , , , , , -7.77457, ce1d6700-f34d-11f0-80d8-0255ac12193b, , , , , , ,	 110.4137, , , , , , 26, , , , , , , , 1df8364a-16df-11f1-9eb3-0255ac1218dd, 34SMN_0053, , true,	 1786017798330, 2026-08-06 12:03:18, b493b903-fb2f-11f0-be90-0255ac120057, , , , , , , TBG, , , , , No, No, No, , 
 2d1992c8-0300-11f1-8f47-0255ac121dc0, , , , , , f343d1fb-e165-11f0-90da-0255ac121938, , , , f0a18f4d-6bd2-11f1-8cac-0255ac120ff9, , , , , 24dddb08-5b4b-11f1-8fdf-0255ac12109b, TBG_PIYUNGAN_1, , 8dbc3c11-1797-11f1-8caf-0255ac1211f5, 34BTL_0033, ,	 110.42556, , , 0, , , , No, , , -7.85626, , , , , , , , , , , -7.85626, ce1d6700-f34d-11f0-80d8-0255ac12193b, , , , , , ,	 110.42556, , , , , , 66, , , , , , , , 1df9e42f-16df-11f1-9eb3-0255ac1218dd, 34BTL_0033, , true,	 1786017798306, 2026-08-06 12:03:18, b493b903-fb2f-11f0-be90-0255ac120057, , , , , , , TBG, , , , , No, No, No, , 
 2df57184-f362-11f0-82f8-0255ac12021f, , , , , , f343d1fb-e165-11f0-90da-0255ac121938, , , , f0a18f4d-6bd2-11f1-8cac-0255ac120ff9, , , , , 2576c00a-5b4b-11f1-8fdf-0255ac12109b, TBG_BENTENG_CAMPKA, , 58bfb47e-2cb4-11f1-ab67-0255ac1208c4, 32PWK_0037, ,	 107.48631, , , 0, , , , No, , , -6.50636, , , , , , , , , , , -6.50636, ce1d6700-f34d-11f0-80d8-0255ac12193b, , , , , , ,	 107.48631, , , , , ,	 438, , , , , , , , 1dfa587c-16df-11f1-9eb3-0255ac1218dd, 32PWK_0037, , true,	 1786017798332, 2026-08-06 12:03:18, e703fcc2-e165-11f0-a9fb-0255ac121097, , , , , , , TBG, , , , , No, No, No, , 
 25426cff-f362-11f0-8722-0255ac1208c5, , , , , , f343d1fb-e165-11f0-90da-0255ac121938, , , , f0a18f4d-6bd2-11f1-8cac-0255ac120ff9, , , , , 0980097b-f34e-11f0-80d8-0255ac12193b, TBG_SAWOTRATAP, , 9784a8b3-1797-11f1-8e49-0255ac121206, 35SDA_0167, ,	 112.72811, , , 0, , , , No, , , -7.369347, , , , , , , , , , , -7.369347, ce1d6700-f34d-11f0-80d8-0255ac12193b, , , , , , ,	 112.72811, , , , , , 18, , , , , , , , 1dfbb837-16df-11f1-9eb3-0255ac1218dd, 35SDA_0167, , true,	 1786017798387, 2026-08-06 12:03:18, e703fcc2-e165-11f0-a9fb-0255ac121097, , , , , , , TBG, , , , , No, No, No, , 
 2df57184-f362-11f0-82f8-0255ac12021f, , , , , , f343d1fb-e165-11f0-90da-0255ac121938, , , , f0a18f4d-6bd2-11f1-8cac-0255ac120ff9, , , , , 24f09ff3-5b4b-11f1-8fdf-0255ac12109b, TBG_PEPABRI_PATARUMAN, , 9a1a95b2-1797-11f1-b470-0255ac120236, 32GRT_0049, ,	 107.89417, , , 0, , , , No, , , -7.19229, , , , , , , , , , , -7.19229, ce1d6700-f34d-11f0-80d8-0255ac12193b, , , , , , ,	 107.89417, , , , , , 64, , , , , , , , 1dfc5483-16df-11f1-9eb3-0255ac1218dd, 32GRT_0049, , true,	 1786017798380, 2026-08-06 12:03:18, e703fcc2-e165-11f0-a9fb-0255ac121097, , , , , , , TBG, , , , , No, No, No, , 
 2df57184-f362-11f0-82f8-0255ac12021f, , , , , , f343d1fb-e165-11f0-90da-0255ac121938, , , , f0a18f4d-6bd2-11f1-8cac-0255ac120ff9, , , , , 24e68db1-5b4b-11f1-8fdf-0255ac12109b, TBG_STOCIAMIS_STDNGALUHCMS, , 9a1a95b2-1797-11f1-b470-0255ac120236, 32CMS_0011, ,	 108.34844, , , 0, , , , No, , , -7.33181, , , , , , , , , , , -7.33181, ce1d6700-f34d-11f0-80d8-0255ac12193b, , , , , , ,	 108.34844, , , , , , , , , , , , , , 1dfd661a-16df-11f1-9eb3-0255ac1218dd, 32CMS_0011, , true,	 1786017798380, 2026-08-06 12:03:18, e703fcc2-e165-11f0-a9fb-0255ac121097, , , , , , , TBG, , , , , No, No, No, , 
 2d1992c8-0300-11f1-8f47-0255ac121dc0, , , , , , f343d1fb-e165-11f0-90da-0255ac121938, , , , f0a18f4d-6bd2-11f1-8cac-0255ac120ff9, , , , , 24dddb08-5b4b-11f1-8fdf-0255ac12109b, TBG_YOG_TDDINFILL_46, , 8dbc3c11-1797-11f1-8caf-0255ac1211f5, 34BTL_0034, ,	 110.33286, , , 0, , , , No, , , -7.80252, , , , , , , , , , , -7.80252, ce1d6700-f34d-11f0-80d8-0255ac12193b, , , , , , ,	 110.33286, , , , , , 21, , , , , , , , 1e00258f-16df-11f1-9eb3-0255ac1218dd, 34BTL_0034, , true,	 1786017798384, 2026-08-06 12:03:18, b493b903-fb2f-11f0-be90-0255ac120057, , , , , , , TBG, , , , , No, No, No, , 
 2df57184-f362-11f0-82f8-0255ac12021f, , , , , , f343d1fb-e165-11f0-90da-0255ac121938, , , , f0a18f4d-6bd2-11f1-8cac-0255ac120ff9, , , , , 2576c00a-5b4b-11f1-8fdf-0255ac12109b, TBG_MALANGNENGAH_SUKAMAJU, , 58bfb47e-2cb4-11f1-ab67-0255ac1208c4, 32PWK_0038, ,	 107.40255, , , 0, , , , No, , , -6.60742, , , , , , , , , , , -6.60742, ce1d6700-f34d-11f0-80d8-0255ac12193b, , , , , , ,	 107.40255, , , , , ,	 248, , , , , , , , 1e002593-16df-11f1-9eb3-0255ac1218dd, 32PWK_0038, , true,	 1786017798385, 2026-08-06 12:03:18, e703fcc2-e165-11f0-a9fb-0255ac121097, , , , , , , TBG, , , , , No, No, No, , 
 25426cff-f362-11f0-8722-0255ac1208c5, , , , , , f343d1fb-e165-11f0-90da-0255ac121938, , , , f0a18f4d-6bd2-11f1-8cac-0255ac120ff9, , , , , 25510edf-5b4b-11f1-8fdf-0255ac12109b, TBG_DUKUH_KEDIRI, , 47a4af2f-4eb8-11f1-a63d-0255ac1203fc, 35KDR_0057, ,	 112.01403, , , 0, , , , No, , , -7.9029, , , , , , , , , , , -7.9029, ce1d6700-f34d-11f0-80d8-0255ac12193b, , , , , , ,	 112.01403, , , , , , 20, , , , , , , , 1e015d45-16df-11f1-9eb3-0255ac1218dd, 35KDR_0057, , true,	 1786017798386, 2026-08-06 12:03:18, e703fcc2-e165-11f0-a9fb-0255ac121097, , , , , , , TBG, , , , , No, No, No, , 
 25426cff-f362-11f0-8722-0255ac1208c5, , , , , , f343d1fb-e165-11f0-90da-0255ac121938, , , , f0a18f4d-6bd2-11f1-8cac-0255ac120ff9, , , , , 413b289d-f34e-11f0-9ab3-0255ac1205b4, TBG_KLEMUNAN_WLINGI, , 835ac3d2-74a7-11f1-b24a-0255ac120ffd, 35BLT_0034, ,	 112.32148, , , 0, , , , No, , , -8.1122, , , , , , , , , , , -8.1122, ce1d6700-f34d-11f0-80d8-0255ac12193b, , , , , , ,	 112.32148, , , , , ,	 213, , , , , , , , 1e0247ba-16df-11f1-9eb3-0255ac1218dd, 35BLT_0034, , true,	 1786017798416, 2026-08-06 12:03:18, e703fcc2-e165-11f0-a9fb-0255ac121097, , , , , , , TBG, , , , , No, No, No, , 
 1ac88c88-0300-11f1-bdcd-0255ac121084, , , , , , f343d1fb-e165-11f0-90da-0255ac121938, , , , f0a18f4d-6bd2-11f1-8cac-0255ac120ff9, , , , , 24e4dfff-5b4b-11f1-8fdf-0255ac12109b, TBG_LOSARI_UTARA, , ce2b4a23-74a7-11f1-9cdd-0255ac1211fc, 33BBS_0039, ,	 108.8151, , , 0, , , , No, , , -6.8433, , , , , , , , , , , -6.8433, ce1d6700-f34d-11f0-80d8-0255ac12193b, , , , , , ,	 108.8151, , , , , ,	 888, , , , , , , , 1e03ce94-16df-11f1-9eb3-0255ac1218dd, 33BBS_0039, , true,	 1786017798383, 2026-08-06 12:03:18, b48c3ea5-fb2f-11f0-be90-0255ac120057, , , , , , , TBG, , , , , No, No, No, , 
 28c4b082-0303-11f1-b97b-0255ac120084, , , , , , f343d1fb-e165-11f0-90da-0255ac121938, , , , f0a18f4d-6bd2-11f1-8cac-0255ac120ff9, , , , , 25a5e65d-5b4b-11f1-8fdf-0255ac12109b, TBG_DALUNGRAYACIPETIR, , 47c35b4e-4eb8-11f1-a63d-0255ac1203fc, 36SRG_0002, ,	 106.17494, , , 0, , , , No, , , -6.14366, , , , , , , , , , , -6.14366, ce1d6700-f34d-11f0-80d8-0255ac12193b, , , , , , ,	 106.17494, , , , , ,	 192, , , , , , , , 1e04e021-16df-11f1-9eb3-0255ac1218dd, 36SRG_0002, , true,	 1786017798421, 2026-08-06 12:03:18, e703fcc2-e165-11f0-a9fb-0255ac121097, , , , , , , TBG, , , , , No, No, No, , 
 25426cff-f362-11f0-8722-0255ac1208c5, , , , , , f343d1fb-e165-11f0-90da-0255ac121938, , , , f0a18f4d-6bd2-11f1-8cac-0255ac120ff9, , , , , 259c7057-5b4b-11f1-8fdf-0255ac12109b, TBG_WINONGO, , acf2ce12-1797-11f1-9066-0255ac121cb3, 35MAD_0026, ,	 111.51727, , , 0, , , , No, , , -7.60744, , , , , , , , , , , -7.60744, ce1d6700-f34d-11f0-80d8-0255ac12193b, , , , , , ,	 111.51727, , , , , , 9, , , , , , , , 1e072a5d-16df-11f1-9eb3-0255ac1218dd, 35MAD_0026, , true,	 1786017798419, 2026-08-06 12:03:18, e703fcc2-e165-11f0-a9fb-0255ac121097, , , , , , , TBG, , , , , No, No, No, , 
 2df57184-f362-11f0-82f8-0255ac12021f, , , , , , f343d1fb-e165-11f0-90da-0255ac121938, , , , f0a18f4d-6bd2-11f1-8cac-0255ac120ff9, , , , , 24f58204-5b4b-11f1-8fdf-0255ac12109b, TBG_CIBERENG_CIKEDUNG, , 81efa9e8-58b8-11f1-a63d-0255ac1203fc, 32IDM_0032, ,	 108.1688, , , 0, , , , No, , , -6.45292, , , , , , , , , , , -6.45292, ce1d6700-f34d-11f0-80d8-0255ac12193b, , , , , , ,	 108.1688, , , , , ,	 208, , , , , , , , 1e07c6b3-16df-11f1-9eb3-0255ac1218dd, 32IDM_0032, , true,	 1786017798476, 2026-08-06 12:03:18, e703fcc2-e165-11f0-a9fb-0255ac121097, , , , , , , TBG, , , , , No, No, No, , 
 25426cff-f362-11f0-8722-0255ac1208c5, , , , , , f343d1fb-e165-11f0-90da-0255ac121938, , , , f0a18f4d-6bd2-11f1-8cac-0255ac120ff9, , , , , 14ec6276-f34e-11f0-9622-0255ac120228, TBG_BARAT_2, , acf2ce12-1797-11f1-9066-0255ac121cb3, 35MGT_0006, ,	 111.43759, , , 0, , , , No, , , -7.56207, , , , , , , , , , , -7.56207, ce1d6700-f34d-11f0-80d8-0255ac12193b, , , , , , ,	 111.43759, , , , , ,	 209, , , , , , , , 1e07c6b4-16df-11f1-9eb3-0255ac1218dd, 35MGT_0006, , true,	 1786017798487, 2026-08-06 12:03:18, e703fcc2-e165-11f0-a9fb-0255ac121097, , , , , , , TBG, , , , , No, No, No, , 
 1ac88c88-0300-11f1-bdcd-0255ac121084, , , , , , f343d1fb-e165-11f0-90da-0255ac121938, , , , f0a18f4d-6bd2-11f1-8cac-0255ac120ff9, , , , , 254f3a14-5b4b-11f1-8fdf-0255ac12109b, TBG_PEMUDA_PATRA, , 58e31b1a-2cb4-11f1-ab67-0255ac1208c4, 33KBM_0020, ,	 109.66397, , , 0, , , , No, , , -7.67617, , , , , , , , , , , -7.67617, ce1d6700-f34d-11f0-80d8-0255ac12193b, , , , , , ,	 109.66397, , , , , ,	 372, , , , , , , , 1e08ff66-16df-11f1-9eb3-0255ac1218dd, 33KBM_0020, , true,	 1786017798483, 2026-08-06 12:03:18, b48c3ea5-fb2f-11f0-be90-0255ac120057, , , , , , , TBG, , , , , No, No, No, , 
 28c4b082-0303-11f1-b97b-0255ac120084, , , , , , f343d1fb-e165-11f0-90da-0255ac121938, , , , f0a18f4d-6bd2-11f1-8cac-0255ac120ff9, , , , , 259459e6-5b4b-11f1-8fdf-0255ac12109b, TBG_PULO_MERAK, , 47c35b4e-4eb8-11f1-a63d-0255ac1203fc, 36CLG_0003, ,	 106.0087, , , 0, , , , No, , , -5.93162, , , , , , , , , , , -5.93162, ce1d6700-f34d-11f0-80d8-0255ac12193b, , , , , , ,	 106.0087, , , , , ,	 328, , , , , , , , 1e092583-16df-11f1-9eb3-0255ac1218dd, 36CLG_0003, , true,	 1786017798484, 2026-08-06 12:03:18, b489f5a1-fb2f-11f0-be90-0255ac120057, , , , , , , TBG, , , , , No, No, No, , 
 1ac88c88-0300-11f1-bdcd-0255ac121084, , , , , , f343d1fb-e165-11f0-90da-0255ac121938, , , , f0a18f4d-6bd2-11f1-8cac-0255ac120ff9, , , , , 254bdea6-5b4b-11f1-8fdf-0255ac12109b, TBG_GONILAN_UTARA, , b3f5645d-1797-11f1-b289-0255ac12100b, 33KRG_0004, ,	 110.76833, , , 0, , , , No, , , -7.52772, , , , , , , , , , , -7.52772, ce1d6700-f34d-11f0-80d8-0255ac12193b, , , , , , ,	 110.76833, , , , , , 35, , , , , , , , 1e0a8542-16df-11f1-9eb3-0255ac1218dd, 33KRG_0004, , true,	 1786017798493, 2026-08-06 12:03:18, b48c3ea5-fb2f-11f0-be90-0255ac120057, , , , , , , TBG, , , , , No, No, No, , 
 2d1992c8-0300-11f1-8f47-0255ac121dc0, , , , , , f343d1fb-e165-11f0-90da-0255ac121938, , , , f0a18f4d-6bd2-11f1-8cac-0255ac120ff9, , , , , 257a68bf-5b4b-11f1-8fdf-0255ac12109b, TBG_IBS_TEGAL_TIRTO_I, , 8dbc3c11-1797-11f1-8caf-0255ac1211f5, 34SMN_0003, ,	 110.44241, , , 0, , , , No, , , -7.807545, , , , , , , , , , , -7.807545, ce1d6700-f34d-11f0-80d8-0255ac12193b, , , , , , ,	 110.44241, , , , , ,	 108, , , , , , , , 1e0ad372-16df-11f1-9eb3-0255ac1218dd, 34SMN_0003, , true,	 1786017798499, 2026-08-06 12:03:18, b493b903-fb2f-11f0-be90-0255ac120057, , , , , , , TBG, , , , , No, No, No, , 
 1ac88c88-0300-11f1-bdcd-0255ac121084, , , , , , f343d1fb-e165-11f0-90da-0255ac121938, , , , f0a18f4d-6bd2-11f1-8cac-0255ac120ff9, , , , , 24eb6fb8-5b4b-11f1-8fdf-0255ac12109b, TBG_JERUKLEGI_WETAN_JERUKLEGI, , 477bca99-4eb8-11f1-a63d-0255ac1203fc, 33CLP_0066, ,	 109.01866, , , 0, , , , No, , , -7.61915, , , , , , , , , , , -7.61915, ce1d6700-f34d-11f0-80d8-0255ac12193b, , , , , , ,	 109.01866, , , , , ,	 120, , , , , , , , 1e0c332a-16df-11f1-9eb3-0255ac1218dd, 33CLP_0066, , true,	 1786017798511, 2026-08-06 12:03:18, b48c3ea5-fb2f-11f0-be90-0255ac120057, , , , , , , TBG, , , , , No, No, No, , 
 1ac88c88-0300-11f1-bdcd-0255ac121084, , , , , , f343d1fb-e165-11f0-90da-0255ac121938, , , , f0a18f4d-6bd2-11f1-8cac-0255ac120ff9, , , , , 2552bc93-5b4b-11f1-8fdf-0255ac12109b, TBG_KUTOHARJO, , 9120c34a-1797-11f1-be90-0255ac120057, 33KDL_0026, ,	 110.26329, , , 0, , , , No, , , -6.96237, , , , , , , , , , , -6.96237, ce1d6700-f34d-11f0-80d8-0255ac12193b, , , , , , ,	 110.26329, , , , , , 98, , , , , , , , 1e0d92f1-16df-11f1-9eb3-0255ac1218dd, 33KDL_0026, , true,	 1786017798498, 2026-08-06 12:03:18, b48c3ea5-fb2f-11f0-be90-0255ac120057, , , , , , , TBG, , , , , No, No, No, , 
 2df57184-f362-11f0-82f8-0255ac12021f, , , , , , f343d1fb-e165-11f0-90da-0255ac121938, , , , f0a18f4d-6bd2-11f1-8cac-0255ac120ff9, , , , , 25853e71-5b4b-11f1-8fdf-0255ac12109b, TBG_CIAWI, , 9a1a95b2-1797-11f1-b470-0255ac120236, 32TSM_0019, ,	 108.15429, , , 0, , , , No, , , -7.16772, , , , , , , , , , , -7.16772, ce1d6700-f34d-11f0-80d8-0255ac12193b, , , , , , ,	 108.15429, , , , , ,	 301, , , , , , , , 1e122653-16df-11f1-9eb3-0255ac1218dd, 32TSM_0019, , true,	 1786017798497, 2026-08-06 12:03:18, e703fcc2-e165-11f0-a9fb-0255ac121097, , , , , , , TBG, , , , , No, No, No, , 
 2df57184-f362-11f0-82f8-0255ac12021f, , , , , , f343d1fb-e165-11f0-90da-0255ac121938, , , , f0a18f4d-6bd2-11f1-8cac-0255ac120ff9, , , , , 2576c00a-5b4b-11f1-8fdf-0255ac12109b, TBG_PURNAWARMAN_CIKEDOKAN_(JATILUHUR), , 58bfb47e-2cb4-11f1-ab67-0255ac1208c4, 32PWK_0039, ,	 107.4401, , , 0, , , , No, , , -6.56428, , , , , , , , , , , -6.56428, ce1d6700-f34d-11f0-80d8-0255ac12193b, , , , , , ,	 107.4401, , , , , ,	 255, , , , , , , , 1e127483-16df-11f1-9eb3-0255ac1218dd, 32PWK_0039, , true,	 1786017798712, 2026-08-06 12:03:18, e703fcc2-e165-11f0-a9fb-0255ac121097, , , , , , , TBG, , , , , No, No, No, , 
 25426cff-f362-11f0-8722-0255ac1208c5, , , , , , f343d1fb-e165-11f0-90da-0255ac121938, , , , f0a18f4d-6bd2-11f1-8cac-0255ac120ff9, , , , , 344c00e0-f34e-11f0-b679-0255ac1211e3, TBG_GERIH_2, , acf2ce12-1797-11f1-9066-0255ac121cb3, 35NGW_0007, ,	 111.40159, , , 0, , , , No, , , -7.51532, , , , , , , , , , , -7.51532, ce1d6700-f34d-11f0-80d8-0255ac12193b, , , , , , ,	 111.40159, , , , , ,	 233, , , , , , , , 1e15821e-16df-11f1-9eb3-0255ac1218dd, 35NGW_0007, , true,	 1786017798511, 2026-08-06 12:03:18, e703fcc2-e165-11f0-a9fb-0255ac121097, , , , , , , TBG, , , , , No, No, No, , 
 28c4b082-0303-11f1-b97b-0255ac120084, , , , , , f343d1fb-e165-11f0-90da-0255ac121938, , , , f0a18f4d-6bd2-11f1-8cac-0255ac120ff9, , , , , 2583b7cb-5b4b-11f1-8fdf-0255ac12109b, TBG_CIKUYA_SOLEAR, , b74886dc-1797-11f1-8f47-0255ac121dc0, 36TNG_0003, ,	 106.42992, , , 0, , , , No, , , -6.32489, , , , , , , , , , , -6.32489, ce1d6700-f34d-11f0-80d8-0255ac12193b, , , , , , ,	 106.42992, , , , , ,	 998, , , , , , , , 1e161e77-16df-11f1-9eb3-0255ac1218dd, 36TNG_0003, , true,	 1786017798528, 2026-08-06 12:03:18, e703fcc2-e165-11f0-a9fb-0255ac121097, , , , , , , TBG, , , , , No, No, No, , 
 1ac88c88-0300-11f1-bdcd-0255ac121084, , , , , , f343d1fb-e165-11f0-90da-0255ac121938, , , , f0a18f4d-6bd2-11f1-8cac-0255ac120ff9, , , , , 24e4dfff-5b4b-11f1-8fdf-0255ac12109b, TBG_LARANGAN_BREBES, , ce2b4a23-74a7-11f1-9cdd-0255ac1211fc, 33BBS_0041, ,	 108.96926, , , 0, , , , No, , , -6.99935, , , , , , , , , , , -6.99935, ce1d6700-f34d-11f0-80d8-0255ac12193b, , , , , , ,	 108.96926, , , , , , 36, , , , , , , , 1e16458a-16df-11f1-9eb3-0255ac1218dd, 33BBS_0041, , true,	 1786017798525, 2026-08-06 12:03:18, b493b903-fb2f-11f0-be90-0255ac120057, , , , , , , TBG, , , , , No, No, No, , 
 1ac88c88-0300-11f1-bdcd-0255ac121084, , , , , , f343d1fb-e165-11f0-90da-0255ac121938, , , , f0a18f4d-6bd2-11f1-8cac-0255ac120ff9, , , , , 24eb6fb8-5b4b-11f1-8fdf-0255ac12109b, TBG_TEGALKATILAYU, , 477bca99-4eb8-11f1-a63d-0255ac1203fc, 33CLP_0067, ,	 109.04072, , , 0, , , , No, , , -7.70204, , , , , , , , , , , -7.70204, ce1d6700-f34d-11f0-80d8-0255ac12193b, , , , , , ,	 109.04072, , , , , ,	 291, , , , , , , , 1e16458c-16df-11f1-9eb3-0255ac1218dd, 33CLP_0067, , true,	 1786017798577, 2026-08-06 12:03:18, b48c3ea5-fb2f-11f0-be90-0255ac120057, , , , , , , TBG, , , , , No, No, No, , 
 28c4b082-0303-11f1-b97b-0255ac120084, , , , , , f343d1fb-e165-11f0-90da-0255ac121938, , , , f0a18f4d-6bd2-11f1-8cac-0255ac120ff9, , , , , 25a5e65d-5b4b-11f1-8fdf-0255ac12109b, TBG_NAWAWI_AL_BANTANI, , 47c35b4e-4eb8-11f1-a63d-0255ac1203fc, 36SRG_0003, ,	 106.1882, , , 0, , , , No, , , -6.14818, , , , , , , , , , , -6.14818, ce1d6700-f34d-11f0-80d8-0255ac12193b, , , , , , ,	 106.1882, , , , , ,	 352, , , , , , , , 1e1840a1-16df-11f1-9eb3-0255ac1218dd, 36SRG_0003, , true,	 1786017798730, 2026-08-06 12:03:18, e703fcc2-e165-11f0-a9fb-0255ac121097, , , , , , , TBG, , , , , No, No, No, , 
 2df57184-f362-11f0-82f8-0255ac12021f, , , , , , f343d1fb-e165-11f0-90da-0255ac121938, , , , f0a18f4d-6bd2-11f1-8cac-0255ac120ff9, , , , , 2576c00a-5b4b-11f1-8fdf-0255ac12109b, TBG_JATI_LUHUR, , 58bfb47e-2cb4-11f1-ab67-0255ac1208c4, 32PWK_0040, ,	 107.41655, , , 0, , , , No, , , -6.52742, , , , , , , , , , , -6.52742, ce1d6700-f34d-11f0-80d8-0255ac12193b, , , , , , ,	 107.41655, , , , , , 58, , , , , , , , 1e1867ba-16df-11f1-9eb3-0255ac1218dd, 32PWK_0040, , true,	 1786017798574, 2026-08-06 12:03:18, e703fcc2-e165-11f0-a9fb-0255ac121097, , , , , , , TBG, , , , , No, No, No, , 
 1ac88c88-0300-11f1-bdcd-0255ac121084, , , , , , f343d1fb-e165-11f0-90da-0255ac121938, , , , f0a18f4d-6bd2-11f1-8cac-0255ac120ff9, , , , , 25820a13-5b4b-11f1-8fdf-0255ac12109b, TBG_JOYOTAKAN_SERENGAN, , b3f5645d-1797-11f1-b289-0255ac12100b, 33SKH_0033, ,	 110.82812, , , 0, , , , No, , , -7.59445, , , , , , , , , , , -7.59445, ce1d6700-f34d-11f0-80d8-0255ac12193b, , , , , , ,	 110.82812, , , , , ,	 172, , , , , , , , 1e1d2358-16df-11f1-9eb3-0255ac1218dd, 33SKH_0033, , true,	 1786017798596, 2026-08-06 12:03:18, b48c3ea5-fb2f-11f0-be90-0255ac120057, , , , , , , TBG, , , , , No, No, No, , 
 1ac88c88-0300-11f1-bdcd-0255ac121084, , , , , , f343d1fb-e165-11f0-90da-0255ac121938, , , , f0a18f4d-6bd2-11f1-8cac-0255ac120ff9, , , , , 2552bc93-5b4b-11f1-8fdf-0255ac12109b, TBG_MOJO, , afde0691-1797-11f1-b148-0255ac1210a3, 33KDL_0027, ,	 110.12733, , , 0, , , , No, , , -6.97878, , , , , , , , , , , -6.97878, ce1d6700-f34d-11f0-80d8-0255ac12193b, , , , , , ,	 110.12733, , , , , , 48, , , , , , , , 1e1d7181-16df-11f1-9eb3-0255ac1218dd, 33KDL_0027, , true,	 1786017798591, 2026-08-06 12:03:18, b48c3ea5-fb2f-11f0-be90-0255ac120057, , , , , , , TBG, , , , , No, No, No, , 
 1ac88c88-0300-11f1-bdcd-0255ac121084, , , , , , f343d1fb-e165-11f0-90da-0255ac121938, , , , f0a18f4d-6bd2-11f1-8cac-0255ac120ff9, , , , , 2554433a-5b4b-11f1-8fdf-0255ac12109b, TBG_TRASAN_JUWIRING, , 8dbc3c11-1797-11f1-8caf-0255ac1211f5, 33KLN_0028, ,	 110.69398, , , 0, , , , No, , , -7.6555, , , , , , , , , , , -7.6555, ce1d6700-f34d-11f0-80d8-0255ac12193b, , , , , , ,	 110.69398, , , , , ,	 314, , , , , , , , 1e1d7182-16df-11f1-9eb3-0255ac1218dd, 33KLN_0028, , true,	 1786017798615, 2026-08-06 12:03:18, b48c3ea5-fb2f-11f0-be90-0255ac120057, , , , , , , TBG, , , , , No, No, No, , 
 25426cff-f362-11f0-8722-0255ac1208c5, , , , , , f343d1fb-e165-11f0-90da-0255ac121938, , , , f0a18f4d-6bd2-11f1-8cac-0255ac120ff9, , , , , 036a92c2-f34e-11f0-bb3c-0255ac12003a, TBG_SUMBER_TLASEH, , 58aaf430-2cb4-11f1-ab67-0255ac1208c4, 35BJN_0005, ,	 111.87157, , , 0, , , , No, , , -7.17379, , , , , , , , , , , -7.17379, ce1d6700-f34d-11f0-80d8-0255ac12193b, , , , , , ,	 111.87157, , , , , ,	 580, , , , , , , , 1e1de6c7-16df-11f1-9eb3-0255ac1218dd, 35BJN_0005, , true,	 1786017798622, 2026-08-06 12:03:18, e703fcc2-e165-11f0-a9fb-0255ac121097, , , , , , , TBG, , , , , No, No, No, , 
 25426cff-f362-11f0-8722-0255ac1208c5, , , , , , f343d1fb-e165-11f0-90da-0255ac121938, , , , f0a18f4d-6bd2-11f1-8cac-0255ac120ff9, , , , , 3ac87689-f34e-11f0-8722-0255ac1208c5, TBG_GUNUNG_REJO, , 9d3fcabe-1797-11f1-8d29-0255ac1218e4, 35MLG_0130, ,	 112.63736, , , 0, , , , No, , , -7.87579, , , , , , , , , , , -7.87579, ce1d6700-f34d-11f0-80d8-0255ac12193b, , , , , , ,	 112.63736, , , , , , 15, , , , , , , , 1e218fbc-16df-11f1-9eb3-0255ac1218dd, 35MLG_0130, , true,	 1786017798598, 2026-08-06 12:03:18, e703fcc2-e165-11f0-a9fb-0255ac121097, , , , , , , TBG, , , , , No, No, No, , 
 2df57184-f362-11f0-82f8-0255ac12021f, , , , , , f343d1fb-e165-11f0-90da-0255ac121938, , , , f0a18f4d-6bd2-11f1-8cac-0255ac120ff9, , , , , 24f09ff3-5b4b-11f1-8fdf-0255ac12109b, TBG_RNC_KRPAWITAN, , 9a1a95b2-1797-11f1-b470-0255ac120236, 32GRT_0013, ,	 107.98714, , , 0, , , , No, , , -7.04413, , , , , , , , , , , -7.04413, ce1d6700-f34d-11f0-80d8-0255ac12193b, , , , , , ,	 107.98714, , , , , , 45, , , , , , , , 1e218fbd-16df-11f1-9eb3-0255ac1218dd, 32GRT_0013, , true,	 1786017798620, 2026-08-06 12:03:18, e703fcc2-e165-11f0-a9fb-0255ac121097, , , , , , , TBG, , , , , No, No, No, , 
 25426cff-f362-11f0-8722-0255ac1208c5, , , , , , f343d1fb-e165-11f0-90da-0255ac121938, , , , f0a18f4d-6bd2-11f1-8cac-0255ac120ff9, , , , , 25510edf-5b4b-11f1-8fdf-0255ac12109b, TBG_PURWOASRIJANTOK1, , 47a4af2f-4eb8-11f1-a63d-0255ac1203fc, 35KDR_0058, ,	 112.10826, , , 0, , , , No, , , -7.66411, , , , , , , , , , , -7.66411, ce1d6700-f34d-11f0-80d8-0255ac12193b, , , , , , ,	 112.10826, , , , , , 36, , , , , , , , 1e222c01-16df-11f1-9eb3-0255ac1218dd, 35KDR_0058, , true,	 1786017798617, 2026-08-06 12:03:18, e703fcc2-e165-11f0-a9fb-0255ac121097, , , , , , , TBG, , , , , No, No, No, , 
 2df57184-f362-11f0-82f8-0255ac12021f, , , , , , f343d1fb-e165-11f0-90da-0255ac121938, , , , f0a18f4d-6bd2-11f1-8cac-0255ac120ff9, , , , , 24f58204-5b4b-11f1-8fdf-0255ac12109b, TBG_KEDUNGDAWA, , 81efa9e8-58b8-11f1-a63d-0255ac1203fc, 32IDM_0034, ,	 108.02915, , , 0, , , , No, , , -6.44045, , , , , , , , , , , -6.44045, ce1d6700-f34d-11f0-80d8-0255ac12193b, , , , , , ,	 108.02915, , , , , ,	 273, , , , , , , , 1e225315-16df-11f1-9eb3-0255ac1218dd, 32IDM_0034, , true,	 1786017798626, 2026-08-06 12:03:18, e703fcc2-e165-11f0-a9fb-0255ac121097, , , , , , , TBG, , , , , No, No, No, , 
 1ac88c88-0300-11f1-bdcd-0255ac121084, , , , , , f343d1fb-e165-11f0-90da-0255ac121938, , , , f0a18f4d-6bd2-11f1-8cac-0255ac120ff9, , , , , 24df61ac-5b4b-11f1-8fdf-0255ac12109b, TBG_KALISALAK_SAWANGAN, , 93d8b78c-1797-11f1-be90-0255ac120057, 33PWT_0014, ,	 109.21506, , , 0, , , , No, , , -7.54932, , , , , , , , , , , -7.54932, ce1d6700-f34d-11f0-80d8-0255ac12193b, , , , , , ,	 109.21506, , , , , ,	 279, , , , , , , , 1e227a27-16df-11f1-9eb3-0255ac1218dd, 33PWT_0014, , true,	 1786017798625, 2026-08-06 12:03:18, b48c3ea5-fb2f-11f0-be90-0255ac120057, , , , , , , TBG, , , , , No, No, No, , 
 1ac88c88-0300-11f1-bdcd-0255ac121084, , , , , , f343d1fb-e165-11f0-90da-0255ac121938, , , , f0a18f4d-6bd2-11f1-8cac-0255ac120ff9, , , , , 24eb6fb8-5b4b-11f1-8fdf-0255ac12109b, TBG_KALI_BANJAR, , 477bca99-4eb8-11f1-a63d-0255ac1203fc, 33CLP_0068, ,	 109.02164, , , 0, , , , No, , , -7.6255, , , , , , , , , , , -7.6255, ce1d6700-f34d-11f0-80d8-0255ac12193b, , , , , , ,	 109.02164, , , , , , 75, , , , , , , , 1e25d5fb-16df-11f1-9eb3-0255ac1218dd, 33CLP_0068, , true,	 1786017798627, 2026-08-06 12:03:18, b48c3ea5-fb2f-11f0-be90-0255ac120057, , , , , , , TBG, , , , , No, No, No, , 
 28c4b082-0303-11f1-b97b-0255ac120084, , , , , , f343d1fb-e165-11f0-90da-0255ac121938, , , , f0a18f4d-6bd2-11f1-8cac-0255ac120ff9, , , , , 25a5e65d-5b4b-11f1-8fdf-0255ac12109b, TBG_PEMDA_BANTEN, , 47c35b4e-4eb8-11f1-a63d-0255ac1203fc, 36SRG_0029, ,	 106.15975, , , 0, , , , No, , , -6.14129, , , , , , , , , , , -6.14129, ce1d6700-f34d-11f0-80d8-0255ac12193b, , , , , , ,	 106.15975, , , , , , 33, , , , , , , , 1e27d110-16df-11f1-9eb3-0255ac1218dd, 36SRG_0029, , true,	 1786017798628, 2026-08-06 12:03:18, b489f5a1-fb2f-11f0-be90-0255ac120057, , , , , , , TBG, , , , , No, No, No, , 
 2df57184-f362-11f0-82f8-0255ac12021f, , , , , , f343d1fb-e165-11f0-90da-0255ac121938, , , , f0a18f4d-6bd2-11f1-8cac-0255ac120ff9, , , , , 24e86274-5b4b-11f1-8fdf-0255ac12109b, TBG_CIANJUR_CIBEBER_03, , aa157741-1797-11f1-bdcd-0255ac121084, 32CJR_0017, ,	 107.13661, , , 0, , , , No, , , -6.917333, , , , , , , , , , , -6.917333, ce1d6700-f34d-11f0-80d8-0255ac12193b, , , , , , ,	 107.13661, , , , , ,	 532, , , , , , , , 1e2909b7-16df-11f1-9eb3-0255ac1218dd, 32CJR_0017, , true,	 1786017798631, 2026-08-06 12:03:18, e703fcc2-e165-11f0-a9fb-0255ac121097, , , , , , , TBG, , , , , No, No, No, , 
 1ac88c88-0300-11f1-bdcd-0255ac121084, , , , , , f343d1fb-e165-11f0-90da-0255ac121938, , , , f0a18f4d-6bd2-11f1-8cac-0255ac120ff9, , , , , 2554433a-5b4b-11f1-8fdf-0255ac12109b, TBG_GANTIWARNO_KLATEN, , 8dbc3c11-1797-11f1-8caf-0255ac1211f5, 33KLN_0029, ,	 110.56219, , , 0, , , , No, , , -7.75159, , , , , , , , , , , -7.75159, ce1d6700-f34d-11f0-80d8-0255ac12193b, , , , , , ,	 110.56219, , , , , ,	 155, , , , , , , , 1e29f43b-16df-11f1-9eb3-0255ac1218dd, 33KLN_0029, , true,	 1786017798698, 2026-08-06 12:03:18, b48c3ea5-fb2f-11f0-be90-0255ac120057, , , , , , , TBG, , , , , No, No, No, , 
 2df57184-f362-11f0-82f8-0255ac12021f, , , , , , f343d1fb-e165-11f0-90da-0255ac121938, , , , f0a18f4d-6bd2-11f1-8cac-0255ac120ff9, , , , , 24da5886-5b4b-11f1-8fdf-0255ac12109b, TBG_LUNGVICTORY, , 9ffbdd8f-1797-11f1-b3b6-0255ac120212, 32BDG_0086, ,	 107.83372, , , 0, , , , No, , , -6.97286, , , , , , , , , , , -6.97286, ce1d6700-f34d-11f0-80d8-0255ac12193b, , , , , , ,	 107.83372, , , , , , 65, , , , , , , , 1e2adea6-16df-11f1-9eb3-0255ac1218dd, 32BDG_0086, , true,	 1786017798691, 2026-08-06 12:03:18, e703fcc2-e165-11f0-a9fb-0255ac121097, , , , , , , TBG, , , , , No, No, No, , 
 2d1992c8-0300-11f1-8f47-0255ac121dc0, , , , , , f343d1fb-e165-11f0-90da-0255ac121938, , , , f0a18f4d-6bd2-11f1-8cac-0255ac120ff9, , , , , 24dddb08-5b4b-11f1-8fdf-0255ac12109b, TBG_GEMBIRALOKA, , 8dbc3c11-1797-11f1-8caf-0255ac1211f5, 34BTL_0004, ,	 110.39964, , , 0, , , , No, , , -7.8018, , , , , , , , , , , -7.8018, ce1d6700-f34d-11f0-80d8-0255ac12193b, , , , , , ,	 110.39964, , , , , , 48, , , , , , , , 1e2bc915-16df-11f1-9eb3-0255ac1218dd, 34BTL_0004, , true,	 1786017798697, 2026-08-06 12:03:18, b493b903-fb2f-11f0-be90-0255ac120057, , , , , , , TBG, , , , , No, No, No, , 
 1ac88c88-0300-11f1-bdcd-0255ac121084, , , , , , f343d1fb-e165-11f0-90da-0255ac121938, , , , f0a18f4d-6bd2-11f1-8cac-0255ac120ff9, , , , , 24eb6fb8-5b4b-11f1-8fdf-0255ac12109b, TBG_KARANGASEM_SAMPANG, , 4780acb3-4eb8-11f1-a63d-0255ac1203fc, 33CLP_0069, ,	 109.21505, , , 0, , , , No, , , -7.57318, , , , , , , , , , , -7.57318, ce1d6700-f34d-11f0-80d8-0255ac12193b, , , , , , ,	 109.21505, , , , , , 2, , , , , , , , 1e2d28b3-16df-11f1-9eb3-0255ac1218dd, 33CLP_0069, , true,	 1786017798709, 2026-08-06 12:03:18, b48c3ea5-fb2f-11f0-be90-0255ac120057, , , , , , , TBG, , , , , No, No, No, , 
 25426cff-f362-11f0-8722-0255ac1208c5, , , , , , f343d1fb-e165-11f0-90da-0255ac121938, , , , f0a18f4d-6bd2-11f1-8cac-0255ac120ff9, , , , , 3ac87689-f34e-11f0-8722-0255ac1208c5, TBG_MANGUNREJO, , 835ac3d2-74a7-11f1-b24a-0255ac120ffd, 35MLG_0131, ,	 112.55904, , , 0, , , , No, , , -8.1527, , , , , , , , , , , -8.1527, ce1d6700-f34d-11f0-80d8-0255ac12193b, , , , , , ,	 112.55904, , , , , ,	 370, , , , , , , , 1e8cadc9-16df-11f1-a4c0-0255ac12094c, 35MLG_0131, , true,	 1786017798714, 2026-08-06 12:03:18, e703fcc2-e165-11f0-a9fb-0255ac121097, , , , , , , TBG, , , , , No, No, No, , 
 2df57184-f362-11f0-82f8-0255ac12021f, , , , , , f343d1fb-e165-11f0-90da-0255ac121938, , , , f0a18f4d-6bd2-11f1-8cac-0255ac120ff9, , , , , 24dc2d51-5b4b-11f1-8fdf-0255ac12109b, TBG_STACILAME_TAGOGAPU, , 58bfb47e-2cb4-11f1-ab67-0255ac1208c4, 32BDG_0205, ,	 107.46578, , , 0, , , , No, , , -6.81225, , , , , , , , , , , -6.81225, ce1d6700-f34d-11f0-80d8-0255ac12193b, , , , , , ,	 107.46578, , , , , ,	 133, , , , , , , , 1e8cd4db-16df-11f1-a4c0-0255ac12094c, 32BDG_0205, , true,	 1786017798724, 2026-08-06 12:03:18, e703fcc2-e165-11f0-a9fb-0255ac121097, , , , , , , TBG, , , , , No, No, No, , 
 2df57184-f362-11f0-82f8-0255ac12021f, , , , , , f343d1fb-e165-11f0-90da-0255ac121938, , , , f0a18f4d-6bd2-11f1-8cac-0255ac120ff9, , , , , 24ed6b96-5b4b-11f1-8fdf-0255ac12109b, TBG_ARJAWINANGUN_CRB, , 58ca3c25-2cb4-11f1-ab67-0255ac1208c4, 32CBN_0076, ,	 108.40431, , , 0, , , , No, , , -6.64891, , , , , , , , , , , -6.64891, ce1d6700-f34d-11f0-80d8-0255ac12193b, , , , , , ,	 108.40431, , , , , , 68, , , , , , , , 1e8cd4dd-16df-11f1-a4c0-0255ac12094c, 32CBN_0076, , true,	 1786017798732, 2026-08-06 12:03:18, e703fcc2-e165-11f0-a9fb-0255ac121097, , , , , , , TBG, , , , , No, No, No, , 
 1ac88c88-0300-11f1-bdcd-0255ac121084, , , , , , f343d1fb-e165-11f0-90da-0255ac121938, , , , f0a18f4d-6bd2-11f1-8cac-0255ac120ff9, , , , , 24e2bd14-5b4b-11f1-8fdf-0255ac12109b, TBG_SOGO_KEDUNGTUBAN, , a7b36c07-74a7-11f1-a3a3-0255ac1211e2, 33BLA_0010, ,	 111.49483, , , 0, , , , No, , , -7.16688, , , , , , , , , , , -7.16688, ce1d6700-f34d-11f0-80d8-0255ac12193b, , , , , , ,	 111.49483, , , , , , 65, , , , , , , , 1e8cd4de-16df-11f1-a4c0-0255ac12094c, 33BLA_0010, , true,	 1786017798783, 2026-08-06 12:03:18, e70a8cd9-e165-11f0-a9fb-0255ac121097, , , , , , , TBG, , , , , No, No, No, , 
 25426cff-f362-11f0-8722-0255ac1208c5, , , , , , f343d1fb-e165-11f0-90da-0255ac121938, , , , f0a18f4d-6bd2-11f1-8cac-0255ac120ff9, , , , , 581ba28d-f34e-11f0-a8cb-0255ac1211f7, TBG_GEMPOL, , 9d3fcabe-1797-11f1-8d29-0255ac1218e4, 35PSN_0067, ,	 112.71215, , , 0, , , , No, , , -7.55909, , , , , , , , , , , -7.55909, ce1d6700-f34d-11f0-80d8-0255ac12193b, , , , , , ,	 112.71215, , , , , ,	 210, , , , , , , , 1e8cfbf2-16df-11f1-a4c0-0255ac12094c, 35PSN_0067, , true,	 1786017798786, 2026-08-06 12:03:18, e703fcc2-e165-11f0-a9fb-0255ac121097, , , , , , , TBG, , , , , No, No, No, , 
 25426cff-f362-11f0-8722-0255ac1208c5, , , , , , f343d1fb-e165-11f0-90da-0255ac121938, , , , f0a18f4d-6bd2-11f1-8cac-0255ac120ff9, , , , , 2590fe7a-5b4b-11f1-8fdf-0255ac12109b, TBG_SANAN_BENDO, , 835ac3d2-74a7-11f1-b24a-0255ac120ffd, 35BLT_0016, ,	 112.180667, , , 0, , , , No, , , -8.082806, , , , , , , , , , , -8.082806, ce1d6700-f34d-11f0-80d8-0255ac12193b, , , , , , ,	 112.180667, , , , , ,	 293, , , , , , , , 1e8cfbf4-16df-11f1-a4c0-0255ac12094c, 35BLT_0016, , true,	 1786017798731, 2026-08-06 12:03:18, e703fcc2-e165-11f0-a9fb-0255ac121097, , , , , , , TBG, , , , , No, No, No, , 
 2df57184-f362-11f0-82f8-0255ac12021f, , , , , , f343d1fb-e165-11f0-90da-0255ac121938, , , , f0a18f4d-6bd2-11f1-8cac-0255ac120ff9, , , , , 24f58204-5b4b-11f1-8fdf-0255ac12109b, TBG_NUNUK_INDRAMAYU, , 81efa9e8-58b8-11f1-a63d-0255ac1203fc, 32IDM_0035, ,	 108.22013, , , 0, , , , No, , , -6.48545, , , , , , , , , , , -6.48545, ce1d6700-f34d-11f0-80d8-0255ac12193b, , , , , , ,	 108.22013, , , , , , 80, , , , , , , , 1e8d4a17-16df-11f1-a4c0-0255ac12094c, 32IDM_0035, , true,	 1786017798779, 2026-08-06 12:03:18, e703fcc2-e165-11f0-a9fb-0255ac121097, , , , , , , TBG, , , , , No, No, No, , 
 2df57184-f362-11f0-82f8-0255ac12021f, , , , , , f343d1fb-e165-11f0-90da-0255ac121938, , , , f0a18f4d-6bd2-11f1-8cac-0255ac120ff9, , , , , 2576c00a-5b4b-11f1-8fdf-0255ac12109b, TBG_PASIRMUNJUL_PASIRTAMIANG, , 58bfb47e-2cb4-11f1-ab67-0255ac1208c4, 32PWK_0041, ,	 107.42011, , , 0, , , , No, , , -6.60913, , , , , , , , , , , -6.60913, ce1d6700-f34d-11f0-80d8-0255ac12193b, , , , , , ,	 107.42011, , , , , ,	 238, , , , , , , , 1e9698d0-16df-11f1-a4c0-0255ac12094c, 32PWK_0041, , true,	 1786017798784, 2026-08-06 12:03:18, e703fcc2-e165-11f0-a9fb-0255ac121097, , , , , , , TBG, , , , , No, No, No, , 
 25426cff-f362-11f0-8722-0255ac1208c5, , , , , , f343d1fb-e165-11f0-90da-0255ac121938, , , , f0a18f4d-6bd2-11f1-8cac-0255ac120ff9, , , , , fe211e91-f34d-11f0-b617-0255ac1205c2, TBG_MADE_6, , 58aaf430-2cb4-11f1-ab67-0255ac1208c4, 35LMG_0010, ,	 112.38922, , , 0, , , , No, , , -7.11529, , , , , , , , , , , -7.11529, ce1d6700-f34d-11f0-80d8-0255ac12193b, , , , , , ,	 112.38922, , , , , , 90, , , , , , , , 1e970e05-16df-11f1-a4c0-0255ac12094c, 35LMG_0010, , true,	 1786017798789, 2026-08-06 12:03:18, e703fcc2-e165-11f0-a9fb-0255ac121097, , , , , , , TBG, , , , , No, No, No, , 
 2df57184-f362-11f0-82f8-0255ac12021f, , , , , , f343d1fb-e165-11f0-90da-0255ac121938, , , , f0a18f4d-6bd2-11f1-8cac-0255ac120ff9, , , , , 257e8792-5b4b-11f1-8fdf-0255ac12109b, TBG_IBS_PABUARAN, , a40cd1fc-1797-11f1-bdcd-0255ac121084, 32SNG_0004, ,	 107.55871, , , 0, , , , No, , , -6.41984, , , , , , , , , , , -6.41984, ce1d6700-f34d-11f0-80d8-0255ac12193b, , , , , , ,	 107.55871, , , , , , 9, , , , , , , , 1e973516-16df-11f1-a4c0-0255ac12094c, 32SNG_0004, , true,	 1786017798787, 2026-08-06 12:03:18, e703fcc2-e165-11f0-a9fb-0255ac121097, , , , , , , TBG, , , , , No, No, No, , 
 25426cff-f362-11f0-8722-0255ac1208c5, , , , , , f343d1fb-e165-11f0-90da-0255ac121938, , , , f0a18f4d-6bd2-11f1-8cac-0255ac120ff9, , , , , 255b6f44-5b4b-11f1-8fdf-0255ac12109b, TBG_MADIUN_WAYUT, , acf2ce12-1797-11f1-9066-0255ac121cb3, 35MAD_0027, ,	 111.5113269, , , 0, , , , No, , , -7.60329, , , , , , , , , , , -7.60329, ce1d6700-f34d-11f0-80d8-0255ac12193b, , , , , , ,	 111.5113269, , , , , , 10, , , , , , , , 1e973517-16df-11f1-a4c0-0255ac12094c, 35MAD_0027, , true,	 1786017799008, 2026-08-06 12:03:18, e703fcc2-e165-11f0-a9fb-0255ac121097, , , , , , , TBG, , , , , No, No, No, , 
 2df57184-f362-11f0-82f8-0255ac12021f, , , , , , f343d1fb-e165-11f0-90da-0255ac121938, , , , f0a18f4d-6bd2-11f1-8cac-0255ac120ff9, , , , , 24f58204-5b4b-11f1-8fdf-0255ac12109b, TBG_TERISI_BLOKBOJONG, , 81efa9e8-58b8-11f1-a63d-0255ac1203fc, 32IDM_0036, ,	 108.15628, , , 0, , , , No, , , -6.48091, , , , , , , , , , , -6.48091, ce1d6700-f34d-11f0-80d8-0255ac12193b, , , , , , ,	 108.15628, , , , , ,	 239, , , , , , , , 1e975c2b-16df-11f1-a4c0-0255ac12094c, 32IDM_0036, , true,	 1786017798819, 2026-08-06 12:03:18, e703fcc2-e165-11f0-a9fb-0255ac121097, , , , , , , TBG, , , , , No, No, No, , 
 1ac88c88-0300-11f1-bdcd-0255ac121084, , , , , , f343d1fb-e165-11f0-90da-0255ac121938, , , , f0a18f4d-6bd2-11f1-8cac-0255ac120ff9, , , , , 257cd9dc-5b4b-11f1-8fdf-0255ac12109b, TBG_JATI, , 06887636-74a8-11f1-abfb-0255ac121dc0, 33SGN_0035, ,	 110.91319, , , 0, , , , No, , , -7.46612, , , , , , , , , , , -7.46612, ce1d6700-f34d-11f0-80d8-0255ac12193b, , , , , , ,	 110.91319, , , , , ,	 180, , , , , , , , 1e978340-16df-11f1-a4c0-0255ac12094c, 33SGN_0035, , true,	 1786017799025, 2026-08-06 12:03:19, b48c3ea5-fb2f-11f0-be90-0255ac120057, , , , , , , TBG, , , , , No, No, No, , 
 25426cff-f362-11f0-8722-0255ac1208c5, , , , , , f343d1fb-e165-11f0-90da-0255ac121938, , , , f0a18f4d-6bd2-11f1-8cac-0255ac120ff9, , , , , fe211e91-f34d-11f0-b617-0255ac1205c2, TBG_PUCUK, , 58aaf430-2cb4-11f1-ab67-0255ac1208c4, 35LMG_0011, ,	 112.2602, , , 0, , , , No, , , -7.09793, , , , , , , , , , , -7.09793, ce1d6700-f34d-11f0-80d8-0255ac12193b, , , , , , ,	 112.2602, , , , , ,	 176, , , , , , , , 1e97aa52-16df-11f1-a4c0-0255ac12094c, 35LMG_0011, , true,	 1786017798809, 2026-08-06 12:03:18, e703fcc2-e165-11f0-a9fb-0255ac121097, , , , , , , TBG, , , , , No, No, No, , 
 2df57184-f362-11f0-82f8-0255ac12021f, , , , , , f343d1fb-e165-11f0-90da-0255ac121938, , , , f0a18f4d-6bd2-11f1-8cac-0255ac120ff9, , , , , 24f09ff3-5b4b-11f1-8fdf-0255ac12109b, TBG_SUKAHAJI_GARUT, , 9a1a95b2-1797-11f1-b470-0255ac120236, 32GRT_0050, ,	 107.99133, , , 0, , , , No, , , -7.12681, , , , , , , , , , , -7.12681, ce1d6700-f34d-11f0-80d8-0255ac12193b, , , , , , ,	 107.99133, , , , , ,	 154, , , , , , , , 1e984695-16df-11f1-a4c0-0255ac12094c, 32GRT_0050, , true,	 1786017798804, 2026-08-06 12:03:18, e703fcc2-e165-11f0-a9fb-0255ac121097, , , , , , , TBG, , , , , No, No, No, , 
 25426cff-f362-11f0-8722-0255ac1208c5, , , , , , f343d1fb-e165-11f0-90da-0255ac121938, , , , f0a18f4d-6bd2-11f1-8cac-0255ac120ff9, , , , , 24f24da7-5b4b-11f1-8fdf-0255ac12109b, IBS_GLINTUNG, , 9784a8b3-1797-11f1-8e49-0255ac121206, GSK0001, ,	 112.57985, , , 0, , , , No, , , -7.24347, , , , , , , , , , , -7.24347, ce1d6700-f34d-11f0-80d8-0255ac12193b, , , , , , ,	 112.57985, , , , , ,	 399, , , , , , , , 1e98bbcd-16df-11f1-a4c0-0255ac12094c, GSK0001, , true,	 1786017798828, 2026-08-06 12:03:18, e703fcc2-e165-11f0-a9fb-0255ac121097, , , , , , , TBG, , , , , No, No, No, , 
 2df57184-f362-11f0-82f8-0255ac12021f, , , , , , f343d1fb-e165-11f0-90da-0255ac121938, , , , f0a18f4d-6bd2-11f1-8cac-0255ac120ff9, , , , , 2576c00a-5b4b-11f1-8fdf-0255ac12109b, TBG_CILALAWI_LIANTING_UTARA_SUKATANI, , 58bfb47e-2cb4-11f1-ab67-0255ac1208c4, 32PWK_0042, ,	 107.40385, , , 0, , , , No, , , -6.62417, , , , , , , , , , , -6.62417, ce1d6700-f34d-11f0-80d8-0255ac12193b, , , , , , ,	 107.40385, , , , , ,	 642, , , , , , , , 1e9d4f6e-16df-11f1-a4c0-0255ac12094c, 32PWK_0042, , true,	 1786017798821, 2026-08-06 12:03:18, e703fcc2-e165-11f0-a9fb-0255ac121097, , , , , , , TBG, , , , , No, No, No, , 
 1ac88c88-0300-11f1-bdcd-0255ac121084, , , , , , f343d1fb-e165-11f0-90da-0255ac121938, , , , f0a18f4d-6bd2-11f1-8cac-0255ac120ff9, , , , , 24eb6fb8-5b4b-11f1-8fdf-0255ac12109b, TBG_GUMILIR, , 477bca99-4eb8-11f1-a63d-0255ac1203fc, 33CLP_0020, ,	 109.04224, , , 0, , , , No, , , -7.67442, , , , , , , , , , , -7.67442, ce1d6700-f34d-11f0-80d8-0255ac12193b, , , , , , ,	 109.04224, , , , , ,	 176, , , , , , , , 1e9d9d97-16df-11f1-a4c0-0255ac12094c, 33CLP_0020, , true,	 1786017798827, 2026-08-06 12:03:18, b48c3ea5-fb2f-11f0-be90-0255ac120057, , , , , , , TBG, , , , , No, No, No, , 
 2df57184-f362-11f0-82f8-0255ac12021f, , , , , , f343d1fb-e165-11f0-90da-0255ac121938, , , , f0a18f4d-6bd2-11f1-8cac-0255ac120ff9, , , , , 24e68db1-5b4b-11f1-8fdf-0255ac12109b, TBG_CIAMIS_MALEBER, , 9a1a95b2-1797-11f1-b470-0255ac120236, 32CMS_0012, ,	 108.34387, , , 0, , , , No, , , -7.32322, , , , , , , , , , , -7.32322, ce1d6700-f34d-11f0-80d8-0255ac12193b, , , , , , ,	 108.34387, , , , , ,	 116, , , , , , , , 1e9dc4a9-16df-11f1-a4c0-0255ac12094c, 32CMS_0012, , true,	 1786017798883, 2026-08-06 12:03:18, e703fcc2-e165-11f0-a9fb-0255ac121097, , , , , , , TBG, , , , , No, No, No, , 
 2df57184-f362-11f0-82f8-0255ac12021f, , , , , , f343d1fb-e165-11f0-90da-0255ac121938, , , , f0a18f4d-6bd2-11f1-8cac-0255ac120ff9, , , , , 2576c00a-5b4b-11f1-8fdf-0255ac12109b, TBG_KUSUMATMAJA, , 58bfb47e-2cb4-11f1-ab67-0255ac1208c4, 32PWK_0043, ,	 107.44466, , , 0, , , , No, , , -6.55628, , , , , , , , , , , -6.55628, ce1d6700-f34d-11f0-80d8-0255ac12193b, , , , , , ,	 107.44466, , , , , ,	 341, , , , , , , , 1e9dc4ab-16df-11f1-a4c0-0255ac12094c, 32PWK_0043, , true,	 1786017798883, 2026-08-06 12:03:18, e703fcc2-e165-11f0-a9fb-0255ac121097, , , , , , , TBG, , , , , No, No, No, , 
 1ac88c88-0300-11f1-bdcd-0255ac121084, , , , , , f343d1fb-e165-11f0-90da-0255ac121938, , , , f0a18f4d-6bd2-11f1-8cac-0255ac120ff9, , , , , 24f3d44b-5b4b-11f1-8fdf-0255ac12109b, TBG_KRADENAN_GROBOGAN_SEM0332, , a7b36c07-74a7-11f1-a3a3-0255ac1211e2, 33PWD_0039, ,	 111.1425, , , 0, , , , No, , , -7.15075, , , , , , , , , , , -7.15075, ce1d6700-f34d-11f0-80d8-0255ac12193b, , , , , , ,	 111.1425, , , , , ,	 230, , , , , , , , 1e9debbd-16df-11f1-a4c0-0255ac12094c, 33PWD_0039, , true,	 1786017798883, 2026-08-06 12:03:18, b48c3ea5-fb2f-11f0-be90-0255ac120057, , , , , , , TBG, , , , , No, No, No, , 
 2df57184-f362-11f0-82f8-0255ac12021f, , , , , , f343d1fb-e165-11f0-90da-0255ac121938, , , , f0a18f4d-6bd2-11f1-8cac-0255ac120ff9, , , , , 25800e37-5b4b-11f1-8fdf-0255ac12109b, TBG_MUTIARALIDO, , aa157741-1797-11f1-bdcd-0255ac121084, 32SKB_0043, ,	 106.79572, , , 0, , , , No, , , -6.75466, , , , , , , , , , , -6.75466, ce1d6700-f34d-11f0-80d8-0255ac12193b, , , , , , ,	 106.79572, , , , , ,	 194, , , , , , , , 1e9e60f5-16df-11f1-a4c0-0255ac12094c, 32SKB_0043, , true,	 1786017798887, 2026-08-06 12:03:18, e703fcc2-e165-11f0-a9fb-0255ac121097, , , , , , , TBG, , , , , No, No, No, , 
 25426cff-f362-11f0-8722-0255ac1208c5, , , , , , f343d1fb-e165-11f0-90da-0255ac121938, , , , f0a18f4d-6bd2-11f1-8cac-0255ac120ff9, , , , , 0980097b-f34e-11f0-80d8-0255ac12193b, TBG_TERUNG_WETAN, , 9784a8b3-1797-11f1-8e49-0255ac121206, 35SDA_0101, ,	 112.59929, , , 0, , , , No, , , -7.4108, , , , , , , , , , , -7.4108, ce1d6700-f34d-11f0-80d8-0255ac12193b, , , , , , ,	 112.59929, , , , , , 59, , , , , , , , 1e9e60f6-16df-11f1-a4c0-0255ac12094c, 35SDA_0101, , true,	 1786017798882, 2026-08-06 12:03:18, e703fcc2-e165-11f0-a9fb-0255ac121097, , , , , , , TBG, , , , , No, No, No, , 
 1ac88c88-0300-11f1-bdcd-0255ac121084, , , , , , f343d1fb-e165-11f0-90da-0255ac121938, , , , f0a18f4d-6bd2-11f1-8cac-0255ac120ff9, , , , , 2586ec26-5b4b-11f1-8fdf-0255ac12109b, TBG_TRAYEMAN, , 590d86e8-2cb4-11f1-ab67-0255ac1208c4, 33TGL_0055, ,	 109.13203, , , 0, , , , No, , , -6.96516, , , , , , , , , , , -6.96516, ce1d6700-f34d-11f0-80d8-0255ac12193b, , , , , , ,	 109.13203, , , , , ,	 264, , , , , , , , 1e9e60f7-16df-11f1-a4c0-0255ac12094c, 33TGL_0055, , true,	 1786017799009, 2026-08-06 12:03:19, b48c3ea5-fb2f-11f0-be90-0255ac120057, , , , , , , TBG, , , , , No, No, No, , 
 1ac88c88-0300-11f1-bdcd-0255ac121084, , , , , , f343d1fb-e165-11f0-90da-0255ac121938, , , , f0a18f4d-6bd2-11f1-8cac-0255ac120ff9, , , , , 254f3a14-5b4b-11f1-8fdf-0255ac12109b, TBG_LOGEDE_PEJAGOAN, , 58e31b1a-2cb4-11f1-ab67-0255ac1208c4, 33KBM_0021, ,	 109.62782, , , 0, , , , No, , , -7.68526, , , , , , , , , , , -7.68526, ce1d6700-f34d-11f0-80d8-0255ac12193b, , , , , , ,	 109.62782, , , , , ,	 260, , , , , , , , 1e9f7274-16df-11f1-a4c0-0255ac12094c, 33KBM_0021, , true,	 1786017799028, 2026-08-06 12:03:19, b48c3ea5-fb2f-11f0-be90-0255ac120057, , , , , , , TBG, , , , , No, No, No, , 
 2df57184-f362-11f0-82f8-0255ac12021f, , , , , , f343d1fb-e165-11f0-90da-0255ac121938, , , , f0a18f4d-6bd2-11f1-8cac-0255ac120ff9, , , , , 24da5886-5b4b-11f1-8fdf-0255ac12109b, TBG_NAGREK, , 9ffbdd8f-1797-11f1-b3b6-0255ac120212, 32BDG_0078, ,	 107.87634, , , 0, , , , No, , , -7.01447, , , , , , , , , , , -7.01447, ce1d6700-f34d-11f0-80d8-0255ac12193b, , , , , , ,	 107.87634, , , , , ,	 195, , , , , , , , 1ea4a24b-16df-11f1-a4c0-0255ac12094c, 32BDG_0078, , true,	 1786017799023, 2026-08-06 12:03:19, e703fcc2-e165-11f0-a9fb-0255ac121097, , , , , , , TBG, , , , , No, No, No, , 
 25426cff-f362-11f0-8722-0255ac1208c5, , , , , , f343d1fb-e165-11f0-90da-0255ac121938, , , , f0a18f4d-6bd2-11f1-8cac-0255ac120ff9, , , , , fe211e91-f34d-11f0-b617-0255ac1205c2, TBG_LAMONGAN, , 58aaf430-2cb4-11f1-ab67-0255ac1208c4, 35LMG_0012, ,	 112.40334, , , 0, , , , No, , , -7.11446, , , , , , , , , , , -7.11446, ce1d6700-f34d-11f0-80d8-0255ac12193b, , , , , , ,	 112.40334, , , , , , 83, , , , , , , , 1ea628f9-16df-11f1-a4c0-0255ac12094c, 35LMG_0012, , true,	 1786017799026, 2026-08-06 12:03:19, e703fcc2-e165-11f0-a9fb-0255ac121097, , , , , , , TBG, , , , , No, No, No, , 
 1ac88c88-0300-11f1-bdcd-0255ac121084, , , , , , f343d1fb-e165-11f0-90da-0255ac121938, , , , f0a18f4d-6bd2-11f1-8cac-0255ac120ff9, , , , , 2056434e-5d7f-11f1-a63d-0255ac1203fc, TBG_MANGGUNG, , b3f5645d-1797-11f1-b289-0255ac12100b, 33BYL_0004, ,	 110.77887, , , 0, , , , No, , , -7.48969, , , , , , , , , , , -7.48969, ce1d6700-f34d-11f0-80d8-0255ac12193b, , , , , , ,	 110.77887, , , , , , 31, , , , , , , , 1ea6500a-16df-11f1-a4c0-0255ac12094c, 33BYL_0004, , true,	 1786017799017, 2026-08-06 12:03:19, b48c3ea5-fb2f-11f0-be90-0255ac120057, , , , , , , TBG, , , , , No, No, No, , 
 2df57184-f362-11f0-82f8-0255ac12021f, , , , , , f343d1fb-e165-11f0-90da-0255ac121938, , , , f0a18f4d-6bd2-11f1-8cac-0255ac120ff9, , , , , 24e68db1-5b4b-11f1-8fdf-0255ac12109b, TBG_CIANDA, , 9a1a95b2-1797-11f1-b470-0255ac120236, 32CMS_0013, ,	 108.20322, , , 0, , , , No, , , -7.27627, , , , , , , , , , , -7.27627, ce1d6700-f34d-11f0-80d8-0255ac12193b, , , , , , ,	 108.20322, , , , , ,	 247, , , , , , , , 1ea6771e-16df-11f1-a4c0-0255ac12094c, 32CMS_0013, , true,	 1786017799014, 2026-08-06 12:03:19, e703fcc2-e165-11f0-a9fb-0255ac121097, , , , , , , TBG, , , , , No, No, No, , 
 1ac88c88-0300-11f1-bdcd-0255ac121084, , , , , , f343d1fb-e165-11f0-90da-0255ac121938, , , , f0a18f4d-6bd2-11f1-8cac-0255ac120ff9, , , , , 24f3d44b-5b4b-11f1-8fdf-0255ac12109b, TBG_PULOKULON_GROBOGAN_2, , 58d9a589-2cb4-11f1-ab67-0255ac1208c4, 33PWD_0041, ,	 111.03963, , , 0, , , , No, , , -7.15924, , , , , , , , , , , -7.15924, ce1d6700-f34d-11f0-80d8-0255ac12193b, , , , , , ,	 111.03963, , , , , , 17, , , , , , , , 1eac1d26-16df-11f1-a4c0-0255ac12094c, 33PWD_0041, , true,	 1786017799031, 2026-08-06 12:03:19, e70a8cd9-e165-11f0-a9fb-0255ac121097, , , , , , , TBG, , , , , No, No, No, , 
 1ac88c88-0300-11f1-bdcd-0255ac121084, , , , , , f343d1fb-e165-11f0-90da-0255ac121938, , , , f0a18f4d-6bd2-11f1-8cac-0255ac120ff9, , , , , 2552bc93-5b4b-11f1-8fdf-0255ac12109b, TBG_PUCUKSARI_WELERI, , afde0691-1797-11f1-b148-0255ac1210a3, 33KDL_0028, ,	 110.06525, , , 0, , , , No, , , -6.97488, , , , , , , , , , , -6.97488, ce1d6700-f34d-11f0-80d8-0255ac12193b, , , , , , ,	 110.06525, , , , , , 91, , , , , , , , 1ead7bd7-16df-11f1-a4c0-0255ac12094c, 33KDL_0028, , true,	 1786017799038, 2026-08-06 12:03:19, b48c3ea5-fb2f-11f0-be90-0255ac120057, , , , , , , TBG, , , , , No, No, No, , 
 2df57184-f362-11f0-82f8-0255ac12021f, , , , , , f343d1fb-e165-11f0-90da-0255ac121938, , , , f0a18f4d-6bd2-11f1-8cac-0255ac120ff9, , , , , 7685bc47-f34e-11f0-8acc-0255ac121003, TBG_JAGABITA_PARUNG_PANJANG, , b74886dc-1797-11f1-8f47-0255ac121dc0, 32BGR_0142, ,	 106.55186, , , 0, , , , No, , , -6.3513, , , , , , , , , , , -6.3513, ce1d6700-f34d-11f0-80d8-0255ac12193b, , , , , , ,	 106.55186, , , , , ,	 238, , , , , , , , 1eadc9fa-16df-11f1-a4c0-0255ac12094c, 32BGR_0142, , true,	 1786017799036, 2026-08-06 12:03:19, e703fcc2-e165-11f0-a9fb-0255ac121097, , , , , , , TBG, , , , , No, No, No, , 
 1ac88c88-0300-11f1-bdcd-0255ac121084, , , , , , f343d1fb-e165-11f0-90da-0255ac121938, , , , f0a18f4d-6bd2-11f1-8cac-0255ac120ff9, , , , , 24e4dfff-5b4b-11f1-8fdf-0255ac12109b, TBG_PASAR_BREBES, , ce2b4a23-74a7-11f1-9cdd-0255ac1211fc, 33BBS_0005, ,	 109.04636, , , 0, , , , No, , , -6.89041, , , , , , , , , , , -6.89041, ce1d6700-f34d-11f0-80d8-0255ac12193b, , , , , , ,	 109.04636, , , , , ,	 720, , , , , , , , 1eadf10b-16df-11f1-a4c0-0255ac12094c, 33BBS_0005, , true,	 1786017799040, 2026-08-06 12:03:19, b48c3ea5-fb2f-11f0-be90-0255ac120057, , , , , , , TBG, , , , , No, No, No, , 
 2df57184-f362-11f0-82f8-0255ac12021f, , , , , , f343d1fb-e165-11f0-90da-0255ac121938, , , , f0a18f4d-6bd2-11f1-8cac-0255ac120ff9, , , , , 24ed6b96-5b4b-11f1-8fdf-0255ac12109b, TBG_BAKUNG_LOR, , 58ca3c25-2cb4-11f1-ab67-0255ac1208c4, 32CBN_0078, ,	 108.4867, , , 0, , , , No, , , -6.66765, , , , , , , , , , , -6.66765, ce1d6700-f34d-11f0-80d8-0255ac12193b, , , , , , ,	 108.4867, , , , , , 2, , , , , , , , 1eb3be22-16df-11f1-a4c0-0255ac12094c, 32CBN_0078, , true,	 1786017799085, 2026-08-06 12:03:19, e703fcc2-e165-11f0-a9fb-0255ac121097, , , , , , , TBG, , , , , No, No, No, , 
 25426cff-f362-11f0-8722-0255ac1208c5, , , , , , f343d1fb-e165-11f0-90da-0255ac121938, , , , f0a18f4d-6bd2-11f1-8cac-0255ac120ff9, , , , , 036a92c2-f34e-11f0-bb3c-0255ac12003a, TBG_IBS_MBUTOH_BAURENO, , 58aaf430-2cb4-11f1-ab67-0255ac1208c4, 35BJN_0009, ,	 112.125147, , , 0, , , , No, , , -7.12862, , , , , , , , , , , -7.12862, ce1d6700-f34d-11f0-80d8-0255ac12193b, , , , , , ,	 112.125147, , , , , ,	 177, , , , , , , , 1eb3e533-16df-11f1-a4c0-0255ac12094c, 35BJN_0009, , true,	 1786017799092, 2026-08-06 12:03:19, e703fcc2-e165-11f0-a9fb-0255ac121097, , , , , , , TBG, , , , , No, No, No, , 
 2df57184-f362-11f0-82f8-0255ac12021f, , , , , , f343d1fb-e165-11f0-90da-0255ac121938, , , , f0a18f4d-6bd2-11f1-8cac-0255ac120ff9, , , , , 7baa6b5b-f34e-11f0-a8cb-0255ac1211f7, TBG_KEBONKELAPA, , 47b0e452-4eb8-11f1-a63d-0255ac1203fc, 32BKS_0204, ,	 107.06271, , , 0, , , , No, , , -6.27673, , , , , , , , , , , -6.27673, ce1d6700-f34d-11f0-80d8-0255ac12193b, , , , , , ,	 107.06271, , , , , ,	 237, , , , , , , , 1eb43363-16df-11f1-a4c0-0255ac12094c, 32BKS_0204, , true,	 1786017799108, 2026-08-06 12:03:19, e703fcc2-e165-11f0-a9fb-0255ac121097, , , , , , , TBG, , , , , No, No, No, , 
 2df57184-f362-11f0-82f8-0255ac12021f, , , , , , f343d1fb-e165-11f0-90da-0255ac121938, , , , f0a18f4d-6bd2-11f1-8cac-0255ac120ff9, , , , , 24ed6b96-5b4b-11f1-8fdf-0255ac12109b, TBG_PASALEMAN, , 58ca3c25-2cb4-11f1-ab67-0255ac1208c4, 32CBN_0079, ,	 108.73211, , , 0, , , , No, , , -6.92147, , , , , , , , , , , -6.92147, ce1d6700-f34d-11f0-80d8-0255ac12193b, , , , , , ,	 108.73211, , , , , , 23, , , , , , , , 1eb4f5d3-16df-11f1-a4c0-0255ac12094c, 32CBN_0079, , true,	 1786017799110, 2026-08-06 12:03:19, e703fcc2-e165-11f0-a9fb-0255ac121097, , , , , , , TBG, , , , , No, No, No, , 
 25426cff-f362-11f0-8722-0255ac1208c5, , , , , , f343d1fb-e165-11f0-90da-0255ac121938, , , , f0a18f4d-6bd2-11f1-8cac-0255ac120ff9, , , , , 25510edf-5b4b-11f1-8fdf-0255ac12109b, TBG_CENDONOKANDAT, , 47a4af2f-4eb8-11f1-a63d-0255ac1203fc, 35KDR_0060, ,	 112.0092, , , 0, , , , No, , , -7.9241, , , , , , , , , , , -7.9241, ce1d6700-f34d-11f0-80d8-0255ac12193b, , , , , , ,	 112.0092, , , , , , 10, , , , , , , , 1eb56b0f-16df-11f1-a4c0-0255ac12094c, 35KDR_0060, , true,	 1786017799105, 2026-08-06 12:03:19, e703fcc2-e165-11f0-a9fb-0255ac121097, , , , , , , TBG, , , , , No, No, No, , 
 1ac88c88-0300-11f1-bdcd-0255ac121084, , , , , , f343d1fb-e165-11f0-90da-0255ac121938, , , , f0a18f4d-6bd2-11f1-8cac-0255ac120ff9, , , , , 257cd9dc-5b4b-11f1-8fdf-0255ac12109b, TBG_JL_PUPUTAN_SRAGEN, , 06887636-74a8-11f1-abfb-0255ac121dc0, 33SGN_0018, ,	 111.01725, , , 0, , , , No, , , -7.44125, , , , , , , , , , , -7.44125, ce1d6700-f34d-11f0-80d8-0255ac12193b, , , , , , ,	 111.01725, , , , , ,	 1035, , , , , , , , 1eb5b934-16df-11f1-a4c0-0255ac12094c, 33SGN_0018, , true,	 1786017799119, 2026-08-06 12:03:19, b48c3ea5-fb2f-11f0-be90-0255ac120057, , , , , , , TBG, , , , , No, No, No, , 
 1ac88c88-0300-11f1-bdcd-0255ac121084, , , , , , f343d1fb-e165-11f0-90da-0255ac121938, , , , f0a18f4d-6bd2-11f1-8cac-0255ac120ff9, , , , , 24eb6fb8-5b4b-11f1-8fdf-0255ac12109b, TBG_DONDONG, , 477bca99-4eb8-11f1-a63d-0255ac1203fc, 33CLP_0070, ,	 109.07437, , , 0, , , , No, , , -7.62078, , , , , , , , , , , -7.62078, ce1d6700-f34d-11f0-80d8-0255ac12193b, , , , , , ,	 109.07437, , , , , ,	 269, , , , , , , , 1eb5b936-16df-11f1-a4c0-0255ac12094c, 33CLP_0070, , true,	 1786017799117, 2026-08-06 12:03:19, b48c3ea5-fb2f-11f0-be90-0255ac120057, , , , , , , TBG, , , , , No, No, No, , 
 1ac88c88-0300-11f1-bdcd-0255ac121084, , , , , , f343d1fb-e165-11f0-90da-0255ac121938, , , , f0a18f4d-6bd2-11f1-8cac-0255ac120ff9, , , , , 2552bc93-5b4b-11f1-8fdf-0255ac12109b, TBG_KENDAL_GEMUH, , afde0691-1797-11f1-b148-0255ac1210a3, 33KDL_0029, ,	 110.1278, , , 0, , , , No, , , -6.96669, , , , , , , , , , , -6.96669, ce1d6700-f34d-11f0-80d8-0255ac12193b, , , , , , ,	 110.1278, , , , , , 16, , , , , , , , 1eb6558b-16df-11f1-a4c0-0255ac12094c, 33KDL_0029, , true,	 1786017799176, 2026-08-06 12:03:19, b48c3ea5-fb2f-11f0-be90-0255ac120057, , , , , , , TBG, , , , , No, No, No, , 
 1ac88c88-0300-11f1-bdcd-0255ac121084, , , , , , f343d1fb-e165-11f0-90da-0255ac121938, , , , f0a18f4d-6bd2-11f1-8cac-0255ac120ff9, , , , , 24eb6fb8-5b4b-11f1-8fdf-0255ac12109b, TBG_IBS_KALIKUDI_ADIPALA, , 4780acb3-4eb8-11f1-a63d-0255ac1203fc, 33CLP_0037, ,	 109.16093, , , 0, , , , No, , , -7.63062, , , , , , , , , , , -7.63062, ce1d6700-f34d-11f0-80d8-0255ac12193b, , , , , , ,	 109.16093, , , , , , 82, , , , , , , , 1ebac2ff-16df-11f1-a4c0-0255ac12094c, 33CLP_0037, , true,	 1786017799127, 2026-08-06 12:03:19, b48c3ea5-fb2f-11f0-be90-0255ac120057, , , , , , , TBG, , , , , No, No, No, , 
 2d1992c8-0300-11f1-8f47-0255ac121dc0, , , , , , f343d1fb-e165-11f0-90da-0255ac121938, , , , f0a18f4d-6bd2-11f1-8cac-0255ac120ff9, , , , , 257a68bf-5b4b-11f1-8fdf-0255ac12109b, TBG_PEREMPATAN_DEMAK_IJO, , 8dbc3c11-1797-11f1-8caf-0255ac1211f5, 34SMN_0030, ,	 110.32868, , , 0, , , , No, , , -7.78285, , , , , , , , , , , -7.78285, ce1d6700-f34d-11f0-80d8-0255ac12193b, , , , , , ,	 110.32868, , , , , ,	 325, , , , , , , , 1ebce60e-16df-11f1-a4c0-0255ac12094c, 34SMN_0030, , true,	 1786017799124, 2026-08-06 12:03:19, b493b903-fb2f-11f0-be90-0255ac120057, , , , , , , TBG, , , , , No, No, No, , 
 2df57184-f362-11f0-82f8-0255ac12021f, , , , , , f343d1fb-e165-11f0-90da-0255ac121938, , , , f0a18f4d-6bd2-11f1-8cac-0255ac120ff9, , , , , 24ed6b96-5b4b-11f1-8fdf-0255ac12109b, TBG_PLTU_JAPURACRB_RELOC, , 58ca3c25-2cb4-11f1-ab67-0255ac1208c4, 32CBN_0080, ,	 108.6456, , , 0, , , , No, , , -6.78951, , , , , , , , , , , -6.78951, ce1d6700-f34d-11f0-80d8-0255ac12193b, , , , , , ,	 108.6456, , , , , ,	 432, , , , , , , , 1ebd0c21-16df-11f1-a4c0-0255ac12094c, 32CBN_0080, , true,	 1786017799177, 2026-08-06 12:03:19, e703fcc2-e165-11f0-a9fb-0255ac121097, , , , , , , TBG, , , , , No, No, No, , 
 1ac88c88-0300-11f1-bdcd-0255ac121084, , , , , , f343d1fb-e165-11f0-90da-0255ac121938, , , , f0a18f4d-6bd2-11f1-8cac-0255ac120ff9, , , , , 24eb6fb8-5b4b-11f1-8fdf-0255ac12109b, TBG_KAWUNGANTEN, , 477bca99-4eb8-11f1-a63d-0255ac1203fc, 33CLP_0072, ,	 108.92973, , , 0, , , , No, , , -7.61123, , , , , , , , , , , -7.61123, ce1d6700-f34d-11f0-80d8-0255ac12193b, , , , , , ,	 108.92973, , , , , ,	 192, , , , , , , , 1ebdcf97-16df-11f1-a4c0-0255ac12094c, 33CLP_0072, , true,	 1786017799132, 2026-08-06 12:03:19, b48c3ea5-fb2f-11f0-be90-0255ac120057, , , , , , , TBG, , , , , No, No, No, , 
 1ac88c88-0300-11f1-bdcd-0255ac121084, , , , , , f343d1fb-e165-11f0-90da-0255ac121938, , , , f0a18f4d-6bd2-11f1-8cac-0255ac120ff9, , , , , 24f3d44b-5b4b-11f1-8fdf-0255ac12109b, TBG_PENGKOL_DEPOK, , 58d9a589-2cb4-11f1-ab67-0255ac1208c4, 33PWD_0043, ,	 110.91264, , , 0, , , , No, , , -7.14691, , , , , , , , , , , -7.14691, ce1d6700-f34d-11f0-80d8-0255ac12193b, , , , , , ,	 110.91264, , , , , , 14, , , , , , , , 1ebe44d1-16df-11f1-a4c0-0255ac12094c, 33PWD_0043, , true,	 1786017799137, 2026-08-06 12:03:19, e70a8cd9-e165-11f0-a9fb-0255ac121097, , , , , , , TBG, , , , , No, No, No, , 
 1ac88c88-0300-11f1-bdcd-0255ac121084, , , , , , f343d1fb-e165-11f0-90da-0255ac121938, , , , f0a18f4d-6bd2-11f1-8cac-0255ac120ff9, , , , , 24eb6fb8-5b4b-11f1-8fdf-0255ac12109b, TBG_CANTELAN_RELOC, , 93d8b78c-1797-11f1-be90-0255ac120057, 33CLP_0030, ,	 109.1295, , , 0, , , , No, , , -7.65579, , , , , , , , , , , -7.65579, ce1d6700-f34d-11f0-80d8-0255ac12193b, , , , , , ,	 109.1295, , , , , , 35, , , , , , , , 1ebe44d2-16df-11f1-a4c0-0255ac12094c, 33CLP_0030, , true,	 1786017799182, 2026-08-06 12:03:19, b48c3ea5-fb2f-11f0-be90-0255ac120057, , , , , , , TBG, , , , , No, No, No, , 
 25426cff-f362-11f0-8722-0255ac1208c5, , , , , , f343d1fb-e165-11f0-90da-0255ac121938, , , , f0a18f4d-6bd2-11f1-8cac-0255ac120ff9, , , , , 259f7da0-5b4b-11f1-8fdf-0255ac12109b, TBG_BLANDONGAN, , a73bf14a-1797-11f1-a4c0-0255ac12094c, 35PSN_0044, ,	 112.92818, , , 0, , , , No, , , -7.66184, , , , , , , , , , , -7.66184, ce1d6700-f34d-11f0-80d8-0255ac12193b, , , , , , ,	 112.92818, , , , , ,	 106, , , , , , , , 1ec32763-16df-11f1-a4c0-0255ac12094c, 35PSN_0044, , true,	 1786017799184, 2026-08-06 12:03:19, e703fcc2-e165-11f0-a9fb-0255ac121097, , , , , , , TBG, , , , , No, No, No, , 
 1ac88c88-0300-11f1-bdcd-0255ac121084, , , , , , f343d1fb-e165-11f0-90da-0255ac121938, , , , f0a18f4d-6bd2-11f1-8cac-0255ac120ff9, , , , , 257cd9dc-5b4b-11f1-8fdf-0255ac12109b, TBG_KARANGJATI_KALIJAMBE, , 06887636-74a8-11f1-abfb-0255ac121dc0, 33SGN_0038, ,	 110.82244, , , 0, , , , No, , , -7.4239, , , , , , , , , , , -7.4239, ce1d6700-f34d-11f0-80d8-0255ac12193b, , , , , , ,	 110.82244, , , , , , 32, , , , , , , , 1ec32764-16df-11f1-a4c0-0255ac12094c, 33SGN_0038, , true,	 1786017799181, 2026-08-06 12:03:19, b48c3ea5-fb2f-11f0-be90-0255ac120057, , , , , , , TBG, , , , , No, No, No, , 
 25426cff-f362-11f0-8722-0255ac1208c5, , , , , , f343d1fb-e165-11f0-90da-0255ac121938, , , , f0a18f4d-6bd2-11f1-8cac-0255ac120ff9, , , , , 0980097b-f34e-11f0-80d8-0255ac12193b, TBG_TERUNG_KULON, , 9784a8b3-1797-11f1-8e49-0255ac121206, 35SDA_0104, ,	 112.61634, , , 0, , , , No, , , -7.40603, , , , , , , , , , , -7.40603, ce1d6700-f34d-11f0-80d8-0255ac12193b, , , , , , ,	 112.61634, , , , , , 81, , , , , , , , 1ec3c3aa-16df-11f1-a4c0-0255ac12094c, 35SDA_0104, , true,	 1786017799194, 2026-08-06 12:03:19, e703fcc2-e165-11f0-a9fb-0255ac121097, , , , , , , TBG, , , , , No, No, No, , 
 25426cff-f362-11f0-8722-0255ac1208c5, , , , , , f343d1fb-e165-11f0-90da-0255ac121938, , , , f0a18f4d-6bd2-11f1-8cac-0255ac120ff9, , , , , 258899e6-5b4b-11f1-8fdf-0255ac12109b, TBG_MOJOAGUNG_NGANTRU, , 47a4af2f-4eb8-11f1-a63d-0255ac1203fc, 35TLG_0056, ,	 111.9259, , , 0, , , , No, , , -7.99278, , , , , , , , , , , -7.99278, ce1d6700-f34d-11f0-80d8-0255ac12193b, , , , , , ,	 111.9259, , , , , , 18, , , , , , , , 1ec5498a-16df-11f1-a4c0-0255ac12094c, 35TLG_0056, , true,	 1786017799203, 2026-08-06 12:03:19, e703fcc2-e165-11f0-a9fb-0255ac121097, , , , , , , TBG, , , , , No, No, No, , 
 1ac88c88-0300-11f1-bdcd-0255ac121084, , , , , , f343d1fb-e165-11f0-90da-0255ac121938, , , , f0a18f4d-6bd2-11f1-8cac-0255ac120ff9, , , , , 24e4dfff-5b4b-11f1-8fdf-0255ac12109b, TBG_KEDUNGNENG, , ce2b4a23-74a7-11f1-9cdd-0255ac1211fc, 33BBS_0043, ,	 108.80296, , , 0, , , , No, , , -6.86903, , , , , , , , , , , -6.86903, ce1d6700-f34d-11f0-80d8-0255ac12193b, , , , , , ,	 108.80296, , , , , ,	 543, , , , , , , , 1ec597bf-16df-11f1-a4c0-0255ac12094c, 33BBS_0043, , true,	 1786017799216, 2026-08-06 12:03:19, b48c3ea5-fb2f-11f0-be90-0255ac120057, , , , , , , TBG, , , , , No, No, No, , 
 1ac88c88-0300-11f1-bdcd-0255ac121084, , , , , , f343d1fb-e165-11f0-90da-0255ac121938, , , , f0a18f4d-6bd2-11f1-8cac-0255ac120ff9, , , , , 257cd9dc-5b4b-11f1-8fdf-0255ac12109b, TBG_TANGKIL, , 06887636-74a8-11f1-abfb-0255ac121dc0, 33SGN_0005, ,	 111.01696, , , 0, , , , No, , , -7.40061, , , , , , , , , , , -7.40061, ce1d6700-f34d-11f0-80d8-0255ac12193b, , , , , , ,	 111.01696, , , , , , 5, , , , , , , , 1ec6f799-16df-11f1-a4c0-0255ac12094c, 33SGN_0005, , true,	 1786017799221, 2026-08-06 12:03:19, b48c3ea5-fb2f-11f0-be90-0255ac120057, , , , , , , TBG, , , , , No, No, No, , 
 25426cff-f362-11f0-8722-0255ac1208c5, , , , , , f343d1fb-e165-11f0-90da-0255ac121938, , , , f0a18f4d-6bd2-11f1-8cac-0255ac120ff9, , , , , 258899e6-5b4b-11f1-8fdf-0255ac12109b, TBG_BUNTARAN_REJOTANGAN, , 835ac3d2-74a7-11f1-b24a-0255ac120ffd, 35TLG_0057, ,	 112.07118, , , 0, , , , No, , , -8.13075, , , , , , , , , , , -8.13075, ce1d6700-f34d-11f0-80d8-0255ac12193b, , , , , , ,	 112.07118, , , , , ,	 180, , , , , , , , 1ecac7d8-16df-11f1-a4c0-0255ac12094c, 35TLG_0057, , true,	 1786017799226, 2026-08-06 12:03:19, e703fcc2-e165-11f0-a9fb-0255ac121097, , , , , , , TBG, , , , , No, No, No, , 
 1ac88c88-0300-11f1-bdcd-0255ac121084, , , , , , f343d1fb-e165-11f0-90da-0255ac121938, , , , f0a18f4d-6bd2-11f1-8cac-0255ac120ff9, , , , , 24eb6fb8-5b4b-11f1-8fdf-0255ac12109b, TBG_KARANGTENGAH_SAMPANG, , 93d8b78c-1797-11f1-be90-0255ac120057, 33CLP_0041, ,	 109.17552, , , 0, , , , No, , , -7.56498, , , , , , , , , , , -7.56498, ce1d6700-f34d-11f0-80d8-0255ac12193b, , , , , , ,	 109.17552, , , , , , 19, , , , , , , , 1ecb1608-16df-11f1-a4c0-0255ac12094c, 33CLP_0041, , true,	 1786017799221, 2026-08-06 12:03:19, b48c3ea5-fb2f-11f0-be90-0255ac120057, , , , , , , TBG, , , , , No, No, No, , 
 1ac88c88-0300-11f1-bdcd-0255ac121084, , , , , , f343d1fb-e165-11f0-90da-0255ac121938, , , , f0a18f4d-6bd2-11f1-8cac-0255ac120ff9, , , , , 2056434e-5d7f-11f1-a63d-0255ac1203fc, TBG_NOGOSARI_JAWA_TENGAH, , b3f5645d-1797-11f1-b289-0255ac12100b, 33BYL_0006, ,	 110.77637, , , 0, , , , No, , , -7.45342, , , , , , , , , , , -7.45342, ce1d6700-f34d-11f0-80d8-0255ac12193b, , , , , , ,	 110.77637, , , , , , 12, , , , , , , , 1ecb8b53-16df-11f1-a4c0-0255ac12094c, 33BYL_0006, , true,	 1786017799232, 2026-08-06 12:03:19, b48c3ea5-fb2f-11f0-be90-0255ac120057, , , , , , , TBG, , , , , No, No, No, , 
 25426cff-f362-11f0-8722-0255ac1208c5, , , , , , f343d1fb-e165-11f0-90da-0255ac121938, , , , f0a18f4d-6bd2-11f1-8cac-0255ac120ff9, , , , , 344c00e0-f34e-11f0-b679-0255ac1211e3, TBG_WIDODAREN, , acf2ce12-1797-11f1-9066-0255ac121cb3, 35NGW_0008, ,	 111.22459, , , 0, , , , No, , , -7.39252, , , , , , , , , , , -7.39252, ce1d6700-f34d-11f0-80d8-0255ac12193b, , , , , , ,	 111.22459, , , , , ,	 253, , , , , , , , 1ecc27ad-16df-11f1-a4c0-0255ac12094c, 35NGW_0008, , true,	 1786017799228, 2026-08-06 12:03:19, e703fcc2-e165-11f0-a9fb-0255ac121097, , , , , , , TBG, , , , , No, No, No, , 
 2df57184-f362-11f0-82f8-0255ac12021f, , , , , , f343d1fb-e165-11f0-90da-0255ac121938, , , , f0a18f4d-6bd2-11f1-8cac-0255ac120ff9, , , , , 24f58204-5b4b-11f1-8fdf-0255ac12109b, TBG_LELEA, , 81efa9e8-58b8-11f1-a63d-0255ac1203fc, 32IDM_0038, ,	 108.24189, , , 0, , , , No, , , -6.44404, , , , , , , , , , , -6.44404, ce1d6700-f34d-11f0-80d8-0255ac12193b, , , , , , ,	 108.24189, , , , , ,	 271, , , , , , , , 1ecc75df-16df-11f1-a4c0-0255ac12094c, 32IDM_0038, , true,	 1786017799226, 2026-08-06 12:03:19, e703fcc2-e165-11f0-a9fb-0255ac121097, , , , , , , TBG, , , , , No, No, No, , 
 28c4b082-0303-11f1-b97b-0255ac120084, , , , , , f343d1fb-e165-11f0-90da-0255ac121938, , , , f0a18f4d-6bd2-11f1-8cac-0255ac120ff9, , , , , 259459e6-5b4b-11f1-8fdf-0255ac12109b, TBG_SAMANG_RAYA, , 47c35b4e-4eb8-11f1-a63d-0255ac1203fc, 36CLG_0029, ,	 105.9922, , , 0, , , , No, , , -6.01731, , , , , , , , , , , -6.01731, ce1d6700-f34d-11f0-80d8-0255ac12193b, , , , , , ,	 105.9922, , , , , ,	 233, , , , , , , , 1ecc9cf3-16df-11f1-a4c0-0255ac12094c, 36CLG_0029, , true,	 1786017799283, 2026-08-06 12:03:19, e703fcc2-e165-11f0-a9fb-0255ac121097, , , , , , , TBG, , , , , No, No, No, , 
 25426cff-f362-11f0-8722-0255ac1208c5, , , , , , f343d1fb-e165-11f0-90da-0255ac121938, , , , f0a18f4d-6bd2-11f1-8cac-0255ac120ff9, , , , , 0f09bb51-f34e-11f0-b617-0255ac1205c2, TBG_TAWANGALUN, , a73bf14a-1797-11f1-a4c0-0255ac12094c, 35JMR_0064, ,	 113.61406, , , 0, , , , No, , , -8.19796, , , , , , , , , , , -8.19796, ce1d6700-f34d-11f0-80d8-0255ac12193b, , , , , , ,	 113.61406, , , , , ,	 154, , , , , , , , 1ecd876c-16df-11f1-a4c0-0255ac12094c, 35JMR_0064, , true,	 1786017799235, 2026-08-06 12:03:19, e703fcc2-e165-11f0-a9fb-0255ac121097, , , , , , , TBG, , , , , No, No, No, , 
 25426cff-f362-11f0-8722-0255ac1208c5, , , , , , f343d1fb-e165-11f0-90da-0255ac121938, , , , f0a18f4d-6bd2-11f1-8cac-0255ac120ff9, , , , , 25a2d90c-5b4b-11f1-8fdf-0255ac12109b, TBG_KEDOPOK_JREBENG_WETAN, , a73bf14a-1797-11f1-a4c0-0255ac12094c, 35PBL_0012, ,	 113.208244, , , 0, , , , No, , , -7.783814, , , , , , , , , , , -7.783814, ce1d6700-f34d-11f0-80d8-0255ac12193b, , , , , , ,	 113.208244, , , , , ,	 104, , , , , , , , 1ecdfcab-16df-11f1-a4c0-0255ac12094c, 35PBL_0012, , true,	 1786017799290, 2026-08-06 12:03:19, e703fcc2-e165-11f0-a9fb-0255ac121097, , , , , , , TBG, , , , , No, No, No, , 
 1ac88c88-0300-11f1-bdcd-0255ac121084, , , , , , f343d1fb-e165-11f0-90da-0255ac121938, , , , f0a18f4d-6bd2-11f1-8cac-0255ac120ff9, , , , , 24df61ac-5b4b-11f1-8fdf-0255ac12109b, TBG_KEBASEN_BANYUMAS_2, , 93d8b78c-1797-11f1-be90-0255ac120057, 33PWT_0004, ,	 109.19418, , , 0, , , , No, , , -7.54756, , , , , , , , , , , -7.54756, ce1d6700-f34d-11f0-80d8-0255ac12193b, , , , , , ,	 109.19418, , , , , ,	 218, , , , , , , , 1ecee731-16df-11f1-a4c0-0255ac12094c, 33PWT_0004, , true,	 1786017799286, 2026-08-06 12:03:19, b48c3ea5-fb2f-11f0-be90-0255ac120057, , , , , , , TBG, , , , , No, No, No, , 
 2df57184-f362-11f0-82f8-0255ac12021f, , , , , , f343d1fb-e165-11f0-90da-0255ac121938, , , , f0a18f4d-6bd2-11f1-8cac-0255ac120ff9, , , , , 24ed6b96-5b4b-11f1-8fdf-0255ac12109b, TBG_PERTAMINA_KESENDEN, , 58ca3c25-2cb4-11f1-ab67-0255ac1208c4, 32CBN_0022, ,	 108.55447, , , 0, , , , No, , , -6.68735, , , , , , , , , , , -6.68735, ce1d6700-f34d-11f0-80d8-0255ac12193b, , , , , , ,	 108.55447, , , , , ,	 300, , , , , , , , 1ecf0e45-16df-11f1-a4c0-0255ac12094c, 32CBN_0022, , true,	 1786017799291, 2026-08-06 12:03:19, e703fcc2-e165-11f0-a9fb-0255ac121097, , , , , , , TBG, , , , , No, No, No, , 
 1ac88c88-0300-11f1-bdcd-0255ac121084, , , , , , f343d1fb-e165-11f0-90da-0255ac121938, , , , f0a18f4d-6bd2-11f1-8cac-0255ac120ff9, , , , , 24f3d44b-5b4b-11f1-8fdf-0255ac12109b, TBG_GABUS_GROBOGAN, , a7b36c07-74a7-11f1-a3a3-0255ac1211e2, 33PWD_0044, ,	 111.22901, , , 0, , , , No, , , -7.189941, , , , , , , , , , , -7.189941, ce1d6700-f34d-11f0-80d8-0255ac12193b, , , , , , ,	 111.22901, , , , , ,	 343, , , , , , , , 1ecf5c6b-16df-11f1-a4c0-0255ac12094c, 33PWD_0044, , true,	 1786017799284, 2026-08-06 12:03:19, e70a8cd9-e165-11f0-a9fb-0255ac121097, , , , , , , TBG, , , , , No, No, No, , 
 1ac88c88-0300-11f1-bdcd-0255ac121084, , , , , , f343d1fb-e165-11f0-90da-0255ac121938, , , , f0a18f4d-6bd2-11f1-8cac-0255ac120ff9, , , , , 2056434e-5d7f-11f1-a63d-0255ac1203fc, TBG_KLAYUTAN, , 06887636-74a8-11f1-abfb-0255ac121dc0, 33BYL_0007, ,	 110.79424, , , 0, , , , No, , , -7.4611, , , , , , , , , , , -7.4611, ce1d6700-f34d-11f0-80d8-0255ac12193b, , , , , , ,	 110.79424, , , , , , 33, , , , , , , , 1ed59dd8-16df-11f1-a4c0-0255ac12094c, 33BYL_0007, , true,	 1786017799290, 2026-08-06 12:03:19, b48c3ea5-fb2f-11f0-be90-0255ac120057, , , , , , , TBG, , , , , No, No, No, , 
 25426cff-f362-11f0-8722-0255ac1208c5, , , , , , f343d1fb-e165-11f0-90da-0255ac121938, , , , f0a18f4d-6bd2-11f1-8cac-0255ac120ff9, , , , , 0980097b-f34e-11f0-80d8-0255ac12193b, TBG_JALAN_JATIKALANG_TROSOBO, , 9784a8b3-1797-11f1-8e49-0255ac121206, 35SDA_0105, ,	 112.61967, , , 0, , , , No, , , -7.39531, , , , , , , , , , , -7.39531, ce1d6700-f34d-11f0-80d8-0255ac12193b, , , , , , ,	 112.61967, , , , , , 67, , , , , , , , 1ed5ebff-16df-11f1-a4c0-0255ac12094c, 35SDA_0105, , true,	 1786017799296, 2026-08-06 12:03:19, e703fcc2-e165-11f0-a9fb-0255ac121097, , , , , , , TBG, , , , , No, No, No, , 
 1ac88c88-0300-11f1-bdcd-0255ac121084, , , , , , f343d1fb-e165-11f0-90da-0255ac121938, , , , f0a18f4d-6bd2-11f1-8cac-0255ac120ff9, , , , , 24eef23d-5b4b-11f1-8fdf-0255ac12109b, TBG_MRANGGEN_4, , 9120c34a-1797-11f1-be90-0255ac120057, 33DMK_0021, ,	 110.52483, , , 0, , , , No, , , -7.02547, , , , , , , , , , , -7.02547, ce1d6700-f34d-11f0-80d8-0255ac12193b, , , , , , ,	 110.52483, , , , , , 41, , , , , , , , 1ed63a24-16df-11f1-a4c0-0255ac12094c, 33DMK_0021, , true,	 1786017799296, 2026-08-06 12:03:19, e70a8cd9-e165-11f0-a9fb-0255ac121097, , , , , , , TBG, , , , , No, No, No, , 
 1ac88c88-0300-11f1-bdcd-0255ac121084, , , , , , f343d1fb-e165-11f0-90da-0255ac121938, , , , f0a18f4d-6bd2-11f1-8cac-0255ac120ff9, , , , , 24eb6fb8-5b4b-11f1-8fdf-0255ac12109b, TBG_GUMILIR2, , 477bca99-4eb8-11f1-a63d-0255ac1203fc, 33CLP_0021, ,	 109.05243, , , 0, , , , No, , , -7.66758, , , , , , , , , , , -7.66758, ce1d6700-f34d-11f0-80d8-0255ac12193b, , , , , , ,	 109.05243, , , , , ,	 677, , , , , , , , 1ed6d670-16df-11f1-a4c0-0255ac12094c, 33CLP_0021, , true,	 1786017799314, 2026-08-06 12:03:19, b48c3ea5-fb2f-11f0-be90-0255ac120057, , , , , , , TBG, , , , , No, No, No, , 
 2df57184-f362-11f0-82f8-0255ac12021f, , , , , , f343d1fb-e165-11f0-90da-0255ac121938, , , , f0a18f4d-6bd2-11f1-8cac-0255ac120ff9, , , , , 24f09ff3-5b4b-11f1-8fdf-0255ac12109b, TBG_PEPABRI_GARUTKOTA, , 9a1a95b2-1797-11f1-b470-0255ac120236, 32GRT_0018, ,	 107.90758, , , 0, , , , No, , , -7.1937, , , , , , , , , , , -7.1937, ce1d6700-f34d-11f0-80d8-0255ac12193b, , , , , , ,	 107.90758, , , , , ,	 162, , , , , , , , 1ed946be-16df-11f1-a4c0-0255ac12094c, 32GRT_0018, , true,	 1786017799313, 2026-08-06 12:03:19, e703fcc2-e165-11f0-a9fb-0255ac121097, , , , , , , TBG, , , , , No, No, No, , 
 25426cff-f362-11f0-8722-0255ac1208c5, , , , , , f343d1fb-e165-11f0-90da-0255ac121938, , , , f0a18f4d-6bd2-11f1-8cac-0255ac120ff9, , , , , 0980097b-f34e-11f0-80d8-0255ac12193b, TBG_KRIAN, , 9784a8b3-1797-11f1-8e49-0255ac121206, 35SDA_0013, ,	 112.57245, , , 0, , , , No, , , -7.41256, , , , , , , , , , , -7.41256, ce1d6700-f34d-11f0-80d8-0255ac12193b, , , , , , ,	 112.57245, , , , , ,	 132, , , , , , , , 1edb69dd-16df-11f1-a4c0-0255ac12094c, 35SDA_0013, , true,	 1786017799318, 2026-08-06 12:03:19, e703fcc2-e165-11f0-a9fb-0255ac121097, , , , , , , TBG, , , , , No, No, No, , 
 1ac88c88-0300-11f1-bdcd-0255ac121084, , , , , , f343d1fb-e165-11f0-90da-0255ac121938, , , , f0a18f4d-6bd2-11f1-8cac-0255ac120ff9, , , , , 24eb6fb8-5b4b-11f1-8fdf-0255ac12109b, TBG_TRITIH_WETAN, , 4780acb3-4eb8-11f1-a63d-0255ac1203fc, 33CLP_0022, ,	 109.05791, , , 0, , , , No, , , -7.65787, , , , , , , , , , , -7.65787, ce1d6700-f34d-11f0-80d8-0255ac12193b, , , , , , ,	 109.05791, , , , , ,	 270, , , , , , , , 1edcf0bc-16df-11f1-a4c0-0255ac12094c, 33CLP_0022, , true,	 1786017799318, 2026-08-06 12:03:19, b48c3ea5-fb2f-11f0-be90-0255ac120057, , , , , , , TBG, , , , , No, No, No, , 
 25426cff-f362-11f0-8722-0255ac1208c5, , , , , , f343d1fb-e165-11f0-90da-0255ac121938, , , , f0a18f4d-6bd2-11f1-8cac-0255ac120ff9, , , , , 25510edf-5b4b-11f1-8fdf-0255ac12109b, TBG_KETAWANG_PURWOASRI, , 47a4af2f-4eb8-11f1-a63d-0255ac1203fc, 35KDR_0062, ,	 112.12285, , , 0, , , , No, , , -7.66972, , , , , , , , , , , -7.66972, ce1d6700-f34d-11f0-80d8-0255ac12193b, , , , , , ,	 112.12285, , , , , , 52, , , , , , , , 1eddb429-16df-11f1-a4c0-0255ac12094c, 35KDR_0062, , true,	 1786017799322, 2026-08-06 12:03:19, e703fcc2-e165-11f0-a9fb-0255ac121097, , , , , , , TBG, , , , , No, No, No, , 
 25426cff-f362-11f0-8722-0255ac1208c5, , , , , , f343d1fb-e165-11f0-90da-0255ac121938, , , , f0a18f4d-6bd2-11f1-8cac-0255ac120ff9, , , , , 25510edf-5b4b-11f1-8fdf-0255ac12109b, TBG_API_BRANGGAHANAPI, , 47a4af2f-4eb8-11f1-a63d-0255ac1203fc, 35KDR_0063, ,	 111.986511, , , 0, , , , No, , , -7.91157, , , , , , , , , , , -7.91157, ce1d6700-f34d-11f0-80d8-0255ac12193b, , , , , , ,	 111.986511, , , , , , 14, , , , , , , , 1ede5078-16df-11f1-a4c0-0255ac12094c, 35KDR_0063, , true,	 1786017799319, 2026-08-06 12:03:19, e703fcc2-e165-11f0-a9fb-0255ac121097, , , , , , , TBG, , , , , No, No, No, , 
 2df57184-f362-11f0-82f8-0255ac12021f, , , , , , f343d1fb-e165-11f0-90da-0255ac121938, , , , f0a18f4d-6bd2-11f1-8cac-0255ac120ff9, , , , , 24f58204-5b4b-11f1-8fdf-0255ac12109b, TBG_JENGKOK_KERTASEMAYA, , 81efa9e8-58b8-11f1-a63d-0255ac1203fc, 32IDM_0039, ,	 108.36697, , , 0, , , , No, , , -6.53159, , , , , , , , , , , -6.53159, ce1d6700-f34d-11f0-80d8-0255ac12193b, , , , , , ,	 108.36697, , , , , ,	 201, , , , , , , , 1ede778c-16df-11f1-a4c0-0255ac12094c, 32IDM_0039, , true,	 1786017799325, 2026-08-06 12:03:19, e703fcc2-e165-11f0-a9fb-0255ac121097, , , , , , , TBG, , , , , No, No, No, , 
 1ac88c88-0300-11f1-bdcd-0255ac121084, , , , , , f343d1fb-e165-11f0-90da-0255ac121938, , , , f0a18f4d-6bd2-11f1-8cac-0255ac120ff9, , , , , 24eb6fb8-5b4b-11f1-8fdf-0255ac12109b, TBG_SIDAREJA_CILACAP, , 477bca99-4eb8-11f1-a63d-0255ac1203fc, 33CLP_0073, ,	 108.77678, , , 0, , , , No, , , -7.48278, , , , , , , , , , , -7.48278, ce1d6700-f34d-11f0-80d8-0255ac12193b, , , , , , ,	 108.77678, , , , , ,	 216, , , , , , , , 1ee18428-16df-11f1-a4c0-0255ac12094c, 33CLP_0073, , true,	 1786017799332, 2026-08-06 12:03:19, b48c3ea5-fb2f-11f0-be90-0255ac120057, , , , , , , TBG, , , , , No, No, No, , 
 1ac88c88-0300-11f1-bdcd-0255ac121084, , , , , , f343d1fb-e165-11f0-90da-0255ac121938, , , , f0a18f4d-6bd2-11f1-8cac-0255ac120ff9, , , , , 254f3a14-5b4b-11f1-8fdf-0255ac12109b, TBG_KARANGTENGAH_MUKTISARI, , 58e31b1a-2cb4-11f1-ab67-0255ac1208c4, 33KBM_0022, ,	 109.66185, , , 0, , , , No, , , -7.6989, , , , , , , , , , , -7.6989, ce1d6700-f34d-11f0-80d8-0255ac12193b, , , , , , ,	 109.66185, , , , , ,	 581, , , , , , , , 1ee3f591-16df-11f1-a4c0-0255ac12094c, 33KBM_0022, , true,	 1786017799386, 2026-08-06 12:03:19, b48c3ea5-fb2f-11f0-be90-0255ac120057, , , , , , , TBG, , , , , No, No, No, , 
 1ac88c88-0300-11f1-bdcd-0255ac121084, , , , , , f343d1fb-e165-11f0-90da-0255ac121938, , , , f0a18f4d-6bd2-11f1-8cac-0255ac120ff9, , , , , 258a6eab-5b4b-11f1-8fdf-0255ac12109b, TBG_GIRIPURWO_WONOGIRI, , b3f5645d-1797-11f1-b289-0255ac12100b, 33WNG_0008, ,	 110.9279, , , 0, , , , No, , , -7.80908, , , , , , , , , , , -7.80908, ce1d6700-f34d-11f0-80d8-0255ac12193b, , , , , , ,	 110.9279, , , , , ,	 249, , , , , , , , 1ee5ca8d-16df-11f1-a4c0-0255ac12094c, 33WNG_0008, , true,	 1786017799385, 2026-08-06 12:03:19, b48c3ea5-fb2f-11f0-be90-0255ac120057, , , , , , , TBG, , , , , No, No, No, , 
 1ac88c88-0300-11f1-bdcd-0255ac121084, , , , , , f343d1fb-e165-11f0-90da-0255ac121938, , , , f0a18f4d-6bd2-11f1-8cac-0255ac120ff9, , , , , 254f3a14-5b4b-11f1-8fdf-0255ac12109b, TBG_KARANGANYAR_GOMBONG2, , 58e31b1a-2cb4-11f1-ab67-0255ac1208c4, 33KBM_0007, ,	 109.57932, , , 0, , , , No, , , -7.63197, , , , , , , , , , , -7.63197, ce1d6700-f34d-11f0-80d8-0255ac12193b, , , , , , ,	 109.57932, , , , , ,	 148, , , , , , , , 1ee6dc17-16df-11f1-a4c0-0255ac12094c, 33KBM_0007, , true,	 1786017799389, 2026-08-06 12:03:19, b48c3ea5-fb2f-11f0-be90-0255ac120057, , , , , , , TBG, , , , , No, No, No, , 
 25426cff-f362-11f0-8722-0255ac1208c5, , , , , , f343d1fb-e165-11f0-90da-0255ac121938, , , , f0a18f4d-6bd2-11f1-8cac-0255ac120ff9, , , , , 0980097b-f34e-11f0-80d8-0255ac12193b, TBG_PORONG, , 9784a8b3-1797-11f1-8e49-0255ac121206, 35SDA_0178, ,	 112.68957, , , 0, , , , No, , , -7.5446, , , , , , , , , , , -7.5446, ce1d6700-f34d-11f0-80d8-0255ac12193b, , , , , , ,	 112.68957, , , , , ,	 271, , , , , , , , 1ee72a40-16df-11f1-a4c0-0255ac12094c, 35SDA_0178, , true,	 1786017799378, 2026-08-06 12:03:19, e703fcc2-e165-11f0-a9fb-0255ac121097, , , , , , , TBG, , , , , No, No, No, , 
 2d1992c8-0300-11f1-8f47-0255ac121dc0, , , , , , f343d1fb-e165-11f0-90da-0255ac121938, , , , f0a18f4d-6bd2-11f1-8cac-0255ac120ff9, , , , , 24dddb08-5b4b-11f1-8fdf-0255ac12109b, TBG_NYAMAN_BANTUL, , 8dbc3c11-1797-11f1-8caf-0255ac1211f5, 34BTL_0035, ,	 110.42043, , , 0, , , , No, , , -7.81063, , , , , , , , , , , -7.81063, ce1d6700-f34d-11f0-80d8-0255ac12193b, , , , , , ,	 110.42043, , , , , , 41, , , , , , , , 1ee7515a-16df-11f1-a4c0-0255ac12094c, 34BTL_0035, , true,	 1786017799392, 2026-08-06 12:03:19, b493b903-fb2f-11f0-be90-0255ac120057, , , , , , , TBG, , , , , No, No, No, , 
 1ac88c88-0300-11f1-bdcd-0255ac121084, , , , , , f343d1fb-e165-11f0-90da-0255ac121938, , , , f0a18f4d-6bd2-11f1-8cac-0255ac120ff9, , , , , 2573649e-5b4b-11f1-8fdf-0255ac12109b, TBG_API_PASIRSARI_PEKALONGAN, , afde0691-1797-11f1-b148-0255ac1210a3, 33PKL_0015, ,	 109.62605, , , 0, , , , No, , , -6.9054, , , , , , , , , , , -6.9054, ce1d6700-f34d-11f0-80d8-0255ac12193b, , , , , , ,	 109.62605, , , , , , 21, , , , , , , , 1ee8b011-16df-11f1-a4c0-0255ac12094c, 33PKL_0015, , true,	 1786017799389, 2026-08-06 12:03:19, b48c3ea5-fb2f-11f0-be90-0255ac120057, , , , , , , TBG, , , , , No, No, No, , 
 25426cff-f362-11f0-8722-0255ac1208c5, , , , , , f343d1fb-e165-11f0-90da-0255ac121938, , , , f0a18f4d-6bd2-11f1-8cac-0255ac120ff9, , , , , 258899e6-5b4b-11f1-8fdf-0255ac12109b, TBG_PP_AL_KAMAL, , 835ac3d2-74a7-11f1-b24a-0255ac120ffd, 35TLG_0037, ,	 112.09153, , , 0, , , , No, , , -8.13271, , , , , , , , , , , -8.13271, ce1d6700-f34d-11f0-80d8-0255ac12193b, , , , , , ,	 112.09153, , , , , ,	 176, , , , , , , , 1eea0fb9-16df-11f1-a4c0-0255ac12094c, 35TLG_0037, , true,	 1786017799386, 2026-08-06 12:03:19, e703fcc2-e165-11f0-a9fb-0255ac121097, , , , , , , TBG, , , , , No, No, No, , 
 1ac88c88-0300-11f1-bdcd-0255ac121084, , , , , , f343d1fb-e165-11f0-90da-0255ac121938, , , , f0a18f4d-6bd2-11f1-8cac-0255ac120ff9, , , , , 257cd9dc-5b4b-11f1-8fdf-0255ac12109b, TBG_GEMOLONG_GEMOLONG, , 06887636-74a8-11f1-abfb-0255ac121dc0, 33SGN_0039, ,	 110.83502, , , 0, , , , No, , , -7.39175, , , , , , , , , , , -7.39175, ce1d6700-f34d-11f0-80d8-0255ac12193b, , , , , , ,	 110.83502, , , , , ,	 221, , , , , , , , 1eed4477-16df-11f1-a4c0-0255ac12094c, 33SGN_0039, , true,	 1786017799400, 2026-08-06 12:03:19, b48c3ea5-fb2f-11f0-be90-0255ac120057, , , , , , , TBG, , , , , No, No, No, , 
 2df57184-f362-11f0-82f8-0255ac12021f, , , , , , f343d1fb-e165-11f0-90da-0255ac121938, , , , f0a18f4d-6bd2-11f1-8cac-0255ac120ff9, , , , , 24e68db1-5b4b-11f1-8fdf-0255ac12109b, TBG_BENTENG_CIAMIS, , 9a1a95b2-1797-11f1-b470-0255ac120236, 32CMS_0015, ,	 108.366417, , , 0, , , , No, , , -7.347861, , , , , , , , , , , -7.347861, ce1d6700-f34d-11f0-80d8-0255ac12193b, , , , , , ,	 108.366417, , , , , , 94, , , , , , , , 1eed6b8c-16df-11f1-a4c0-0255ac12094c, 32CMS_0015, , true,	 1786017799410, 2026-08-06 12:03:19, e703fcc2-e165-11f0-a9fb-0255ac121097, , , , , , , TBG, , , , , No, No, No, , 
 1ac88c88-0300-11f1-bdcd-0255ac121084, , , , , , f343d1fb-e165-11f0-90da-0255ac121938, , , , f0a18f4d-6bd2-11f1-8cac-0255ac120ff9, , , , , 257cd9dc-5b4b-11f1-8fdf-0255ac12109b, TBG_PILANGSARI_NGRAMPAL, , 06887636-74a8-11f1-abfb-0255ac121dc0, 33SGN_0008, ,	 111.04432, , , 0, , , , No, , , -7.42342, , , , , , , , , , , -7.42342, ce1d6700-f34d-11f0-80d8-0255ac12193b, , , , , , ,	 111.04432, , , , , , , , , , , , , , 1eee55f8-16df-11f1-a4c0-0255ac12094c, 33SGN_0008, , true,	 1786017799407, 2026-08-06 12:03:19, b48c3ea5-fb2f-11f0-be90-0255ac120057, , , , , , , TBG, , , , , No, No, No, , 
 1ac88c88-0300-11f1-bdcd-0255ac121084, , , , , , f343d1fb-e165-11f0-90da-0255ac121938, , , , f0a18f4d-6bd2-11f1-8cac-0255ac120ff9, , , , , 24e2bd14-5b4b-11f1-8fdf-0255ac12109b, TBG_PERUM_MIGAS_CEPU_2, , a7b36c07-74a7-11f1-a3a3-0255ac1211e2, 33BLA_0012, ,	 111.58645, , , 0, , , , No, , , -7.1391, , , , , , , , , , , -7.1391, ce1d6700-f34d-11f0-80d8-0255ac12193b, , , , , , ,	 111.58645, , , , , ,	 574, , , , , , , , 1eeef24f-16df-11f1-a4c0-0255ac12094c, 33BLA_0012, , true,	 1786017799416, 2026-08-06 12:03:19, b48c3ea5-fb2f-11f0-be90-0255ac120057, , , , , , , TBG, , , , , No, No, No, , 
 25426cff-f362-11f0-8722-0255ac1208c5, , , , , , f343d1fb-e165-11f0-90da-0255ac121938, , , , f0a18f4d-6bd2-11f1-8cac-0255ac120ff9, , , , , 0f09bb51-f34e-11f0-b617-0255ac1205c2, TBG_ANTIROGO, , a73bf14a-1797-11f1-a4c0-0255ac12094c, 35JMR_0026, ,	 113.72649, , , 0, , , , No, , , -8.1509, , , , , , , , , , , -8.1509, ce1d6700-f34d-11f0-80d8-0255ac12193b, , , , , , ,	 113.72649, , , , , , 7, , , , , , , , 1ef0c740-16df-11f1-a4c0-0255ac12094c, 35JMR_0026, , true,	 1786017799419, 2026-08-06 12:03:19, e703fcc2-e165-11f0-a9fb-0255ac121097, , , , , , , TBG, , , , , No, No, No, , 
 2df57184-f362-11f0-82f8-0255ac12021f, , , , , , f343d1fb-e165-11f0-90da-0255ac121938, , , , f0a18f4d-6bd2-11f1-8cac-0255ac120ff9, , , , , 25800e37-5b4b-11f1-8fdf-0255ac12109b, TBG_GUNUNG_PUYUH, , aa157741-1797-11f1-bdcd-0255ac121084, 32SKB_0048, ,	 106.90694, , , 0, , , , No, , , -6.91039, , , , , , , , , , , -6.91039, ce1d6700-f34d-11f0-80d8-0255ac12193b, , , , , , ,	 106.90694, , , , , , 99, , , , , , , , 1ef2742e-16df-11f1-a4c0-0255ac12094c, 32SKB_0048, , true,	 1786017799418, 2026-08-06 12:03:19, e703fcc2-e165-11f0-a9fb-0255ac121097, , , , , , , TBG, , , , , No, No, No, , 
 25426cff-f362-11f0-8722-0255ac1208c5, , , , , , f343d1fb-e165-11f0-90da-0255ac121938, , , , f0a18f4d-6bd2-11f1-8cac-0255ac120ff9, , , , , 51cdb63a-f34e-11f0-8246-0255ac120944, TBG_KARTOHARJO, , eea6dfb1-74a7-11f1-9425-0255ac12100a, 35NJK_0024, ,	 111.89547, , , 0, , , , No, , , -7.61054, , , , , , , , , , , -7.61054, ce1d6700-f34d-11f0-80d8-0255ac12193b, , , , , , ,	 111.89547, , , , , , 49, , , , , , , , 1ef3d3de-16df-11f1-a4c0-0255ac12094c, 35NJK_0024, , true,	 1786017799421, 2026-08-06 12:03:19, e703fcc2-e165-11f0-a9fb-0255ac121097, , , , , , , TBG, , , , , No, No, No, , 
 1ac88c88-0300-11f1-bdcd-0255ac121084, , , , , , f343d1fb-e165-11f0-90da-0255ac121938, , , , f0a18f4d-6bd2-11f1-8cac-0255ac120ff9, , , , , 254bdea6-5b4b-11f1-8fdf-0255ac12109b, TBG_IBS_BONANGAN, , b3f5645d-1797-11f1-b289-0255ac12100b, 33KRG_0026, ,	 110.79678, , , 0, , , , No, , , -7.54575, , , , , , , , , , , -7.54575, ce1d6700-f34d-11f0-80d8-0255ac12193b, , , , , , ,	 110.79678, , , , , ,	 372, , , , , , , , 1ef81a4a-16df-11f1-a4c0-0255ac12094c, 33KRG_0026, , true,	 1786017799418, 2026-08-06 12:03:19, b48c3ea5-fb2f-11f0-be90-0255ac120057, , , , , , , TBG, , , , , No, No, No, , 
 25426cff-f362-11f0-8722-0255ac1208c5, , , , , , f343d1fb-e165-11f0-90da-0255ac121938, , , , f0a18f4d-6bd2-11f1-8cac-0255ac120ff9, , , , , 25a7ba22-5b4b-11f1-8fdf-0255ac12109b, TBG_TBG_SURABAYA_GENTENG, , 9784a8b3-1797-11f1-8e49-0255ac121206, 35SBY_0170, ,	 112.63911, , , 0, , , , No, , , -7.24417, , , , , , , , , , , -7.24417, ce1d6700-f34d-11f0-80d8-0255ac12193b, , , , , , ,	 112.63911, , , , , ,	 194, , , , , , , , 1ef951eb-16df-11f1-a4c0-0255ac12094c, 35SBY_0170, , true,	 1786017799418, 2026-08-06 12:03:19, e703fcc2-e165-11f0-a9fb-0255ac121097, , , , , , , TBG, , , , , No, No, No, , 
 25426cff-f362-11f0-8722-0255ac1208c5, , , , , , f343d1fb-e165-11f0-90da-0255ac121938, , , , f0a18f4d-6bd2-11f1-8cac-0255ac120ff9, , , , , 413b289d-f34e-11f0-9ab3-0255ac1205b4, TBG_POJOK_GARUM, , 835ac3d2-74a7-11f1-b24a-0255ac120ffd, 35BLT_0017, ,	 112.19179, , , 0, , , , No, , , -8.08563, , , , , , , , , , , -8.08563, ce1d6700-f34d-11f0-80d8-0255ac12193b, , , , , , ,	 112.19179, , , , , ,	 114, , , , , , , , 1ef978fc-16df-11f1-a4c0-0255ac12094c, 35BLT_0017, , true,	 1786017799437, 2026-08-06 12:03:19, e703fcc2-e165-11f0-a9fb-0255ac121097, , , , , , , TBG, , , , , No, No, No, , 
 25426cff-f362-11f0-8722-0255ac1208c5, , , , , , f343d1fb-e165-11f0-90da-0255ac121938, , , , f0a18f4d-6bd2-11f1-8cac-0255ac120ff9, , , , , 205e0bf4-5d7f-11f1-a63d-0255ac1203fc, TBG_SUMBER_DUKO, , 47a4af2f-4eb8-11f1-a63d-0255ac1203fc, 35KDR_0008, ,	 112.01673, , , 0, , , , No, , , -7.81615, , , , , , , , , , , -7.81615, ce1d6700-f34d-11f0-80d8-0255ac12193b, , , , , , ,	 112.01673, , , , , , 93, , , , , , , , 1efa8a80-16df-11f1-a4c0-0255ac12094c, 35KDR_0008, , true,	 1786017799440, 2026-08-06 12:03:19, e703fcc2-e165-11f0-a9fb-0255ac121097, , , , , , , TBG, , , , , No, No, No, , 
 1ac88c88-0300-11f1-bdcd-0255ac121084, , , , , , f343d1fb-e165-11f0-90da-0255ac121938, , , , f0a18f4d-6bd2-11f1-8cac-0255ac120ff9, , , , , 2056434e-5d7f-11f1-a63d-0255ac1203fc, TBG_KADIPIRO, , b3f5645d-1797-11f1-b289-0255ac12100b, 33BYL_0001, ,	 110.80978, , , 0, , , , No, , , -7.53013, , , , , , , , , , , -7.53013, ce1d6700-f34d-11f0-80d8-0255ac12193b, , , , , , ,	 110.80978, , , , , ,	 371, , , , , , , , 1efc1150-16df-11f1-a4c0-0255ac12094c, 33BYL_0001, , true,	 1786017799475, 2026-08-06 12:03:19, b48c3ea5-fb2f-11f0-be90-0255ac120057, , , , , , , TBG, , , , , No, No, No, , 
 2df57184-f362-11f0-82f8-0255ac12021f, , , , , , f343d1fb-e165-11f0-90da-0255ac121938, , , , f0a18f4d-6bd2-11f1-8cac-0255ac120ff9, , , , , 24f09ff3-5b4b-11f1-8fdf-0255ac12109b, TBG_CIBATU, , 9a1a95b2-1797-11f1-b470-0255ac120236, 32GRT_0033, ,	 107.98142, , , 0, , , , No, , , -7.10091, , , , , , , , , , , -7.10091, ce1d6700-f34d-11f0-80d8-0255ac12193b, , , , , , ,	 107.98142, , , , , ,	 214, , , , , , , , 1f07d1b3-16df-11f1-a4c0-0255ac12094c, 32GRT_0033, , true,	 1786017799474, 2026-08-06 12:03:19, e703fcc2-e165-11f0-a9fb-0255ac121097, , , , , , , TBG, , , , , No, No, No, , 
 1ac88c88-0300-11f1-bdcd-0255ac121084, , , , , , f343d1fb-e165-11f0-90da-0255ac121938, , , , f0a18f4d-6bd2-11f1-8cac-0255ac120ff9, , , , , 25820a13-5b4b-11f1-8fdf-0255ac12109b, TBG_GATAK_SUKOHARJO_2, , 8dbc3c11-1797-11f1-8caf-0255ac1211f5, 33SKH_0035, ,	 110.73676, , , 0, , , , No, , , -7.5988, , , , , , , , , , , -7.5988, ce1d6700-f34d-11f0-80d8-0255ac12193b, , , , , , ,	 110.73676, , , , , , 60, , , , , , , , 1f09a5ab-16df-11f1-a4c0-0255ac12094c, 33SKH_0035, , true,	 1786017799477, 2026-08-06 12:03:19, b48c3ea5-fb2f-11f0-be90-0255ac120057, , , , , , , TBG, , , , , No, No, No, , 
 2df57184-f362-11f0-82f8-0255ac12021f, , , , , , f343d1fb-e165-11f0-90da-0255ac121938, , , , f0a18f4d-6bd2-11f1-8cac-0255ac120ff9, , , , , 24da5886-5b4b-11f1-8fdf-0255ac12109b, TBG_GRIYAINDAH, , 9ffbdd8f-1797-11f1-b3b6-0255ac120212, 32BDG_0243, ,	 107.67005, , , 0, , , , No, , , -6.96819, , , , , , , , , , , -6.96819, ce1d6700-f34d-11f0-80d8-0255ac12193b, , , , , , ,	 107.67005, , , , , , 62, , , , , , , , 1f0a1af1-16df-11f1-a4c0-0255ac12094c, 32BDG_0243, , true,	 1786017799479, 2026-08-06 12:03:19, e703fcc2-e165-11f0-a9fb-0255ac121097, , , , , , , TBG, , , , , No, No, No, , 
